metric,n,median,q1,q3
passengers_unassigned,57.0,1.05,0.4166666666666667,4.266666666666667
passengers_drivers_ratio,57.0,1.55,0.9,4.083333333333333
rides_offers_price_uber_avg,57.0,2.8833333333333333,0.75,6.566666666666666
rides_offers_price_no_surge_avg,57.0,2.933333333333333,0.7,7.3
rides_offers_price_lyft_avg,57.0,3.9,0.8,19.516666666666666
passengers_acceptance_rate,57.0,4.583333333333333,2.75,12.766666666666667
rides_not_served,57.0,9.483333333333333,6.4,12.433333333333334
failed_requests (index deviates),57.0,10.4,2.466666666666667,14.5
failed_requests (hardiness threshold crossed),57.0,19.916666666666668,11.766666666666667,31.583333333333332
passengers_cancel,53.0,29.9,18.9,33.96666666666667
drivers_busy,57.0,30.85,24.633333333333333,46.233333333333334
drivers_idle_duration_avg,57.0,41.55,26.7,62.63333333333333
HCS failure declared,57.0,59.21666666666667,54.05,63.483333333333334
