scenario,personality,index_onset_min,hardiness_crossing_min,failure_min
boycott_tncs-long_rides,bank_tellers_drivers,3.1333333333333333,5.366666666666666,121.01666666666667
boycott_tncs-long_rides,managers_drivers,2.466666666666667,4.816666666666666,123.61666666666666
boycott_tncs-long_rides,students_drivers,0.9333333333333333,4.016666666666667,11.3
boycott_tncs,bank_tellers_drivers,3.3666666666666667,4.95,13.95
boycott_tncs,drivers,1.15,4.95,10.35
flash_mob-boycott_tncs,managers_drivers,2.216666666666667,4.333333333333333,37.166666666666664
flash_mob-boycott_tncs,managers,1.15,4.2,5.233333333333333
flash_mob-boycott_tncs,students,0.0,3.533333333333333,20.483333333333334
flash_mob-long_rides,bank_tellers_drivers,1.65,16.35,45.81666666666667
flash_mob-long_rides,managers_drivers,11.483333333333333,14.416666666666666,56.93333333333333
flash_mob-long_rides,bank_tellers,8.366666666666667,12.533333333333333,54.05
flash_mob-wildcat_strike,bank_tellers_drivers,3.7666666666666666,11.766666666666667,45.13333333333333
flash_mob-wildcat_strike,bank_tellers,2.5166666666666666,9.516666666666667,88.13333333333334
flash_mob-wildcat_strike,baseline,1.55,15.433333333333334,22.466666666666665
flash_mob-wildcat_strike,managers,7.583333333333333,15.183333333333334,65.73333333333333
flash_mob,bank_tellers_drivers,4.466666666666667,9.45,49.63333333333333
long_rides,bank_tellers_drivers,61.483333333333334,63.233333333333334,72.55
long_rides,drivers,23.85,31.583333333333332,107.43333333333334
long_rides,managers_drivers,44.61666666666667,64.48333333333333,108.01666666666667
long_rides,students_drivers,0.0,62.63333333333333,103.86666666666666
underground_alarm-flash_mob,bank_tellers_drivers,10.233333333333333,14.316666666666666,57.18333333333333
underground_alarm-flash_mob,drivers,10.983333333333333,21.533333333333335,57.03333333333333
underground_alarm-flash_mob,managers_drivers,14.5,17.066666666666666,59.21666666666667
underground_alarm-flash_mob,students_drivers,10.7,18.316666666666666,58.0
underground_alarm-flash_mob,bank_tellers,11.166666666666666,15.816666666666666,57.266666666666666
underground_alarm-flash_mob,baseline,12.3,21.15,55.5
underground_alarm-flash_mob,managers,11.333333333333334,18.266666666666666,55.9
underground_alarm-flash_mob,students,11.516666666666667,15.883333333333333,58.46666666666667
underground_alarm-long_rides,bank_tellers_drivers,17.05,19.683333333333334,60.38333333333333
underground_alarm-long_rides,drivers,20.633333333333333,29.35,63.483333333333334
underground_alarm-long_rides,managers_drivers,10.4,18.533333333333335,58.65
underground_alarm-long_rides,students_drivers,14.416666666666666,24.5,59.233333333333334
underground_alarm-long_rides,bank_tellers,12.366666666666667,23.433333333333334,58.983333333333334
underground_alarm-long_rides,baseline,16.966666666666665,32.38333333333333,64.01666666666667
underground_alarm-long_rides,managers,13.316666666666666,22.533333333333335,57.983333333333334
underground_alarm-long_rides,students,16.433333333333334,33.81666666666667,59.71666666666667
underground_alarm-wildcat_strike,bank_tellers_drivers,14.366666666666667,23.433333333333334,60.416666666666664
underground_alarm-wildcat_strike,drivers,19.333333333333332,34.083333333333336,64.38333333333334
underground_alarm-wildcat_strike,managers_drivers,17.4,31.4,62.05
underground_alarm-wildcat_strike,students_drivers,5.45,34.166666666666664,62.53333333333333
underground_alarm-wildcat_strike,bank_tellers,0.0,29.266666666666666,59.6
underground_alarm-wildcat_strike,baseline,30.383333333333333,40.0,71.85
underground_alarm-wildcat_strike,managers,0.0,26.266666666666666,63.15
underground_alarm-wildcat_strike,students,27.233333333333334,38.63333333333333,65.31666666666666
underground_alarm,bank_tellers_drivers,13.3,19.916666666666668,58.61666666666667
underground_alarm,drivers,21.466666666666665,38.583333333333336,62.6
underground_alarm,managers_drivers,17.05,31.183333333333334,61.05
underground_alarm,students_drivers,14.416666666666666,30.583333333333332,59.766666666666666
underground_alarm,bank_tellers,10.4,21.983333333333334,57.75
underground_alarm,managers,5.966666666666667,34.1,60.11666666666667
underground_alarm,students,16.083333333333332,34.95,62.2
wildcat_strike-boycott_tncs,bank_tellers_drivers,0.0,2.65,21.533333333333335
wildcat_strike-boycott_tncs,bank_tellers,0.0,4.05,15.733333333333333
wildcat_strike-boycott_tncs,managers,0.0,3.8666666666666667,13.85
wildcat_strike-boycott_tncs,students,1.0,5.2,14.233333333333333
wildcat_strike-long_rides,bank_tellers_drivers,2.816666666666667,37.3,147.85
wildcat_strike-long_rides,students_drivers,7.5,60.03333333333333,105.48333333333333
