scenario,personality,metric,family,onset_min
boycott_tncs-long_rides,bank_tellers_drivers,rides_offers_price_no_surge_avg,market,0.5333333333333333
boycott_tncs-long_rides,bank_tellers_drivers,rides_offers_price_uber_avg,market,0.7666666666666667
boycott_tncs-long_rides,bank_tellers_drivers,rides_offers_price_lyft_avg,market,1.8833333333333333
boycott_tncs-long_rides,bank_tellers_drivers,passengers_acceptance_rate,passenger_decisions,2.65
boycott_tncs-long_rides,bank_tellers_drivers,drivers_idle_duration_avg,supply,65.58333333333333
boycott_tncs-long_rides,bank_tellers_drivers,passengers_unassigned,demand,0.9333333333333333
boycott_tncs-long_rides,bank_tellers_drivers,passengers_drivers_ratio,demand,1.55
boycott_tncs-long_rides,bank_tellers_drivers,drivers_busy,supply,54.03333333333333
boycott_tncs-long_rides,bank_tellers_drivers,rides_not_served,matching,9.783333333333333
boycott_tncs-long_rides,bank_tellers_drivers,passengers_cancel,passenger_decisions,34.0
boycott_tncs-long_rides,managers_drivers,rides_offers_price_no_surge_avg,market,1.05
boycott_tncs-long_rides,managers_drivers,rides_offers_price_uber_avg,market,1.0333333333333334
boycott_tncs-long_rides,managers_drivers,rides_offers_price_lyft_avg,market,1.5
boycott_tncs-long_rides,managers_drivers,passengers_acceptance_rate,passenger_decisions,10.583333333333334
boycott_tncs-long_rides,managers_drivers,drivers_idle_duration_avg,supply,20.5
boycott_tncs-long_rides,managers_drivers,passengers_unassigned,demand,0.75
boycott_tncs-long_rides,managers_drivers,passengers_drivers_ratio,demand,1.1166666666666667
boycott_tncs-long_rides,managers_drivers,drivers_busy,supply,41.333333333333336
boycott_tncs-long_rides,managers_drivers,rides_not_served,matching,10.8
boycott_tncs-long_rides,managers_drivers,passengers_cancel,passenger_decisions,96.93333333333334
boycott_tncs-long_rides,students_drivers,rides_offers_price_no_surge_avg,market,1.05
boycott_tncs-long_rides,students_drivers,rides_offers_price_uber_avg,market,1.0
boycott_tncs-long_rides,students_drivers,rides_offers_price_lyft_avg,market,1.1
boycott_tncs-long_rides,students_drivers,passengers_acceptance_rate,passenger_decisions,8.266666666666667
boycott_tncs-long_rides,students_drivers,drivers_idle_duration_avg,supply,30.283333333333335
boycott_tncs-long_rides,students_drivers,passengers_unassigned,demand,0.5666666666666667
boycott_tncs-long_rides,students_drivers,passengers_drivers_ratio,demand,1.1166666666666667
boycott_tncs-long_rides,students_drivers,drivers_busy,supply,1.4666666666666666
boycott_tncs-long_rides,students_drivers,rides_not_served,matching,11.816666666666666
boycott_tncs-long_rides,students_drivers,passengers_cancel,passenger_decisions,93.95
boycott_tncs,bank_tellers_drivers,rides_offers_price_no_surge_avg,market,5.533333333333333
boycott_tncs,bank_tellers_drivers,rides_offers_price_uber_avg,market,4.866666666666666
boycott_tncs,bank_tellers_drivers,rides_offers_price_lyft_avg,market,37.65
boycott_tncs,bank_tellers_drivers,passengers_acceptance_rate,passenger_decisions,3.0
boycott_tncs,bank_tellers_drivers,drivers_idle_duration_avg,supply,14.116666666666667
boycott_tncs,bank_tellers_drivers,passengers_unassigned,demand,0.25
boycott_tncs,bank_tellers_drivers,passengers_drivers_ratio,demand,0.9
boycott_tncs,bank_tellers_drivers,drivers_busy,supply,36.516666666666666
boycott_tncs,bank_tellers_drivers,rides_not_served,matching,11.816666666666666
boycott_tncs,bank_tellers_drivers,passengers_cancel,passenger_decisions,33.0
boycott_tncs,drivers,rides_offers_price_no_surge_avg,market,36.916666666666664
boycott_tncs,drivers,rides_offers_price_uber_avg,market,38.68333333333333
boycott_tncs,drivers,rides_offers_price_lyft_avg,market,32.233333333333334
boycott_tncs,drivers,passengers_acceptance_rate,passenger_decisions,121.86666666666666
boycott_tncs,drivers,drivers_idle_duration_avg,supply,20.75
boycott_tncs,drivers,passengers_unassigned,demand,0.55
boycott_tncs,drivers,passengers_drivers_ratio,demand,1.3666666666666667
boycott_tncs,drivers,drivers_busy,supply,46.233333333333334
boycott_tncs,drivers,rides_not_served,matching,15.833333333333334
boycott_tncs,drivers,passengers_cancel,passenger_decisions,34.0
flash_mob-boycott_tncs,managers_drivers,rides_offers_price_no_surge_avg,market,3.95
flash_mob-boycott_tncs,managers_drivers,rides_offers_price_uber_avg,market,3.8833333333333333
flash_mob-boycott_tncs,managers_drivers,rides_offers_price_lyft_avg,market,3.9
flash_mob-boycott_tncs,managers_drivers,passengers_acceptance_rate,passenger_decisions,6.966666666666667
flash_mob-boycott_tncs,managers_drivers,drivers_idle_duration_avg,supply,26.883333333333333
flash_mob-boycott_tncs,managers_drivers,passengers_unassigned,demand,1.05
flash_mob-boycott_tncs,managers_drivers,passengers_drivers_ratio,demand,1.8333333333333333
flash_mob-boycott_tncs,managers_drivers,drivers_busy,supply,137.21666666666667
flash_mob-boycott_tncs,managers_drivers,rides_not_served,matching,34.833333333333336
flash_mob-boycott_tncs,managers_drivers,passengers_cancel,passenger_decisions,15.9
flash_mob-boycott_tncs,managers,rides_offers_price_no_surge_avg,market,6.383333333333334
flash_mob-boycott_tncs,managers,rides_offers_price_uber_avg,market,6.566666666666666
flash_mob-boycott_tncs,managers,rides_offers_price_lyft_avg,market,7.716666666666667
flash_mob-boycott_tncs,managers,passengers_acceptance_rate,passenger_decisions,6.666666666666667
flash_mob-boycott_tncs,managers,drivers_idle_duration_avg,supply,64.08333333333333
flash_mob-boycott_tncs,managers,passengers_unassigned,demand,0.9333333333333333
flash_mob-boycott_tncs,managers,passengers_drivers_ratio,demand,1.4666666666666666
flash_mob-boycott_tncs,managers,drivers_busy,supply,0.0
flash_mob-boycott_tncs,managers,rides_not_served,matching,5.333333333333333
flash_mob-boycott_tncs,managers,passengers_cancel,passenger_decisions,0.95
flash_mob-boycott_tncs,students,rides_offers_price_no_surge_avg,market,2.933333333333333
flash_mob-boycott_tncs,students,rides_offers_price_uber_avg,market,2.95
flash_mob-boycott_tncs,students,rides_offers_price_lyft_avg,market,5.0
flash_mob-boycott_tncs,students,passengers_acceptance_rate,passenger_decisions,8.1
flash_mob-boycott_tncs,students,drivers_idle_duration_avg,supply,39.35
flash_mob-boycott_tncs,students,passengers_unassigned,demand,0.5833333333333334
flash_mob-boycott_tncs,students,passengers_drivers_ratio,demand,1.2
flash_mob-boycott_tncs,students,drivers_busy,supply,149.81666666666666
flash_mob-boycott_tncs,students,rides_not_served,matching,1.5
flash_mob-boycott_tncs,students,passengers_cancel,passenger_decisions,
flash_mob-long_rides,bank_tellers_drivers,rides_offers_price_no_surge_avg,market,0.5666666666666667
flash_mob-long_rides,bank_tellers_drivers,rides_offers_price_uber_avg,market,0.75
flash_mob-long_rides,bank_tellers_drivers,rides_offers_price_lyft_avg,market,0.6
flash_mob-long_rides,bank_tellers_drivers,passengers_acceptance_rate,passenger_decisions,2.566666666666667
flash_mob-long_rides,bank_tellers_drivers,drivers_idle_duration_avg,supply,27.233333333333334
flash_mob-long_rides,bank_tellers_drivers,passengers_unassigned,demand,17.8
flash_mob-long_rides,bank_tellers_drivers,passengers_drivers_ratio,demand,16.633333333333333
flash_mob-long_rides,bank_tellers_drivers,drivers_busy,supply,25.716666666666665
flash_mob-long_rides,bank_tellers_drivers,rides_not_served,matching,13.433333333333334
flash_mob-long_rides,bank_tellers_drivers,passengers_cancel,passenger_decisions,27.833333333333332
flash_mob-long_rides,managers_drivers,rides_offers_price_no_surge_avg,market,1.5333333333333334
flash_mob-long_rides,managers_drivers,rides_offers_price_uber_avg,market,1.7166666666666666
flash_mob-long_rides,managers_drivers,rides_offers_price_lyft_avg,market,1.2
flash_mob-long_rides,managers_drivers,passengers_acceptance_rate,passenger_decisions,5.75
flash_mob-long_rides,managers_drivers,drivers_idle_duration_avg,supply,26.7
flash_mob-long_rides,managers_drivers,passengers_unassigned,demand,12.183333333333334
flash_mob-long_rides,managers_drivers,passengers_drivers_ratio,demand,10.8
flash_mob-long_rides,managers_drivers,drivers_busy,supply,24.633333333333333
flash_mob-long_rides,managers_drivers,rides_not_served,matching,6.683333333333334
flash_mob-long_rides,managers_drivers,passengers_cancel,passenger_decisions,9.95
flash_mob-long_rides,bank_tellers,rides_offers_price_no_surge_avg,market,0.6333333333333333
flash_mob-long_rides,bank_tellers,rides_offers_price_uber_avg,market,0.8166666666666667
flash_mob-long_rides,bank_tellers,rides_offers_price_lyft_avg,market,0.43333333333333335
flash_mob-long_rides,bank_tellers,passengers_acceptance_rate,passenger_decisions,2.683333333333333
flash_mob-long_rides,bank_tellers,drivers_idle_duration_avg,supply,54.3
flash_mob-long_rides,bank_tellers,passengers_unassigned,demand,27.2
flash_mob-long_rides,bank_tellers,passengers_drivers_ratio,demand,1.5166666666666666
flash_mob-long_rides,bank_tellers,drivers_busy,supply,26.616666666666667
flash_mob-long_rides,bank_tellers,rides_not_served,matching,6.466666666666667
flash_mob-long_rides,bank_tellers,passengers_cancel,passenger_decisions,36.85
flash_mob-wildcat_strike,bank_tellers_drivers,rides_offers_price_no_surge_avg,market,2.033333333333333
flash_mob-wildcat_strike,bank_tellers_drivers,rides_offers_price_uber_avg,market,2.1
flash_mob-wildcat_strike,bank_tellers_drivers,rides_offers_price_lyft_avg,market,2.15
flash_mob-wildcat_strike,bank_tellers_drivers,passengers_acceptance_rate,passenger_decisions,1.3
flash_mob-wildcat_strike,bank_tellers_drivers,drivers_idle_duration_avg,supply,69.45
flash_mob-wildcat_strike,bank_tellers_drivers,passengers_unassigned,demand,17.55
flash_mob-wildcat_strike,bank_tellers_drivers,passengers_drivers_ratio,demand,14.266666666666667
flash_mob-wildcat_strike,bank_tellers_drivers,drivers_busy,supply,26.216666666666665
flash_mob-wildcat_strike,bank_tellers_drivers,rides_not_served,matching,5.5
flash_mob-wildcat_strike,bank_tellers_drivers,passengers_cancel,passenger_decisions,28.916666666666668
flash_mob-wildcat_strike,bank_tellers,rides_offers_price_no_surge_avg,market,3.033333333333333
flash_mob-wildcat_strike,bank_tellers,rides_offers_price_uber_avg,market,3.216666666666667
flash_mob-wildcat_strike,bank_tellers,rides_offers_price_lyft_avg,market,2.933333333333333
flash_mob-wildcat_strike,bank_tellers,passengers_acceptance_rate,passenger_decisions,1.2
flash_mob-wildcat_strike,bank_tellers,drivers_idle_duration_avg,supply,54.93333333333333
flash_mob-wildcat_strike,bank_tellers,passengers_unassigned,demand,25.6
flash_mob-wildcat_strike,bank_tellers,passengers_drivers_ratio,demand,18.666666666666668
flash_mob-wildcat_strike,bank_tellers,drivers_busy,supply,23.683333333333334
flash_mob-wildcat_strike,bank_tellers,rides_not_served,matching,1.4333333333333333
flash_mob-wildcat_strike,bank_tellers,passengers_cancel,passenger_decisions,55.983333333333334
flash_mob-wildcat_strike,baseline,rides_offers_price_no_surge_avg,market,2.9833333333333334
flash_mob-wildcat_strike,baseline,rides_offers_price_uber_avg,market,3.0
flash_mob-wildcat_strike,baseline,rides_offers_price_lyft_avg,market,4.333333333333333
flash_mob-wildcat_strike,baseline,passengers_acceptance_rate,passenger_decisions,20.833333333333332
flash_mob-wildcat_strike,baseline,drivers_idle_duration_avg,supply,14.083333333333334
flash_mob-wildcat_strike,baseline,passengers_unassigned,demand,5.516666666666667
flash_mob-wildcat_strike,baseline,passengers_drivers_ratio,demand,7.15
flash_mob-wildcat_strike,baseline,drivers_busy,supply,22.583333333333332
flash_mob-wildcat_strike,baseline,rides_not_served,matching,12.2
flash_mob-wildcat_strike,baseline,passengers_cancel,passenger_decisions,8.916666666666666
flash_mob-wildcat_strike,managers,rides_offers_price_no_surge_avg,market,4.05
flash_mob-wildcat_strike,managers,rides_offers_price_uber_avg,market,3.933333333333333
flash_mob-wildcat_strike,managers,rides_offers_price_lyft_avg,market,4.75
flash_mob-wildcat_strike,managers,passengers_acceptance_rate,passenger_decisions,2.9833333333333334
flash_mob-wildcat_strike,managers,drivers_idle_duration_avg,supply,50.3
flash_mob-wildcat_strike,managers,passengers_unassigned,demand,13.033333333333333
flash_mob-wildcat_strike,managers,passengers_drivers_ratio,demand,10.066666666666666
flash_mob-wildcat_strike,managers,drivers_busy,supply,27.583333333333332
flash_mob-wildcat_strike,managers,rides_not_served,matching,6.45
flash_mob-wildcat_strike,managers,passengers_cancel,passenger_decisions,0.9333333333333333
flash_mob,bank_tellers_drivers,rides_offers_price_no_surge_avg,market,6.333333333333333
flash_mob,bank_tellers_drivers,rides_offers_price_uber_avg,market,6.15
flash_mob,bank_tellers_drivers,rides_offers_price_lyft_avg,market,5.533333333333333
flash_mob,bank_tellers_drivers,passengers_acceptance_rate,passenger_decisions,2.7666666666666666
flash_mob,bank_tellers_drivers,drivers_idle_duration_avg,supply,29.05
flash_mob,bank_tellers_drivers,passengers_unassigned,demand,52.63333333333333
flash_mob,bank_tellers_drivers,passengers_drivers_ratio,demand,28.266666666666666
flash_mob,bank_tellers_drivers,drivers_busy,supply,27.6
flash_mob,bank_tellers_drivers,rides_not_served,matching,6.433333333333334
flash_mob,bank_tellers_drivers,passengers_cancel,passenger_decisions,21.916666666666668
long_rides,bank_tellers_drivers,rides_offers_price_no_surge_avg,market,1.2666666666666666
long_rides,bank_tellers_drivers,rides_offers_price_uber_avg,market,1.7333333333333334
long_rides,bank_tellers_drivers,rides_offers_price_lyft_avg,market,0.8666666666666667
long_rides,bank_tellers_drivers,passengers_acceptance_rate,passenger_decisions,1.1
long_rides,bank_tellers_drivers,drivers_idle_duration_avg,supply,18.333333333333332
long_rides,bank_tellers_drivers,passengers_unassigned,demand,15.833333333333334
long_rides,bank_tellers_drivers,passengers_drivers_ratio,demand,53.46666666666667
long_rides,bank_tellers_drivers,drivers_busy,supply,20.15
long_rides,bank_tellers_drivers,rides_not_served,matching,64.43333333333334
long_rides,bank_tellers_drivers,passengers_cancel,passenger_decisions,44.9
long_rides,drivers,rides_offers_price_no_surge_avg,market,0.0
long_rides,drivers,rides_offers_price_uber_avg,market,0.0
long_rides,drivers,rides_offers_price_lyft_avg,market,0.3
long_rides,drivers,passengers_acceptance_rate,passenger_decisions,53.9
long_rides,drivers,drivers_idle_duration_avg,supply,71.41666666666667
long_rides,drivers,passengers_unassigned,demand,42.45
long_rides,drivers,passengers_drivers_ratio,demand,38.46666666666667
long_rides,drivers,drivers_busy,supply,16.316666666666666
long_rides,drivers,rides_not_served,matching,65.4
long_rides,drivers,passengers_cancel,passenger_decisions,14.966666666666667
long_rides,managers_drivers,rides_offers_price_no_surge_avg,market,0.08333333333333333
long_rides,managers_drivers,rides_offers_price_uber_avg,market,0.0
long_rides,managers_drivers,rides_offers_price_lyft_avg,market,0.38333333333333336
long_rides,managers_drivers,passengers_acceptance_rate,passenger_decisions,4.016666666666667
long_rides,managers_drivers,drivers_idle_duration_avg,supply,17.1
long_rides,managers_drivers,passengers_unassigned,demand,44.733333333333334
long_rides,managers_drivers,passengers_drivers_ratio,demand,47.88333333333333
long_rides,managers_drivers,drivers_busy,supply,23.316666666666666
long_rides,managers_drivers,rides_not_served,matching,67.43333333333334
long_rides,managers_drivers,passengers_cancel,passenger_decisions,43.93333333333333
long_rides,students_drivers,rides_offers_price_no_surge_avg,market,0.0
long_rides,students_drivers,rides_offers_price_uber_avg,market,0.0
long_rides,students_drivers,rides_offers_price_lyft_avg,market,0.38333333333333336
long_rides,students_drivers,passengers_acceptance_rate,passenger_decisions,12.766666666666667
long_rides,students_drivers,drivers_idle_duration_avg,supply,76.2
long_rides,students_drivers,passengers_unassigned,demand,41.38333333333333
long_rides,students_drivers,passengers_drivers_ratio,demand,42.5
long_rides,students_drivers,drivers_busy,supply,1.0666666666666667
long_rides,students_drivers,rides_not_served,matching,62.5
long_rides,students_drivers,passengers_cancel,passenger_decisions,39.916666666666664
underground_alarm-flash_mob,bank_tellers_drivers,rides_offers_price_no_surge_avg,market,4.733333333333333
underground_alarm-flash_mob,bank_tellers_drivers,rides_offers_price_uber_avg,market,4.816666666666666
underground_alarm-flash_mob,bank_tellers_drivers,rides_offers_price_lyft_avg,market,3.216666666666667
underground_alarm-flash_mob,bank_tellers_drivers,passengers_acceptance_rate,passenger_decisions,3.4
underground_alarm-flash_mob,bank_tellers_drivers,drivers_idle_duration_avg,supply,39.38333333333333
underground_alarm-flash_mob,bank_tellers_drivers,passengers_unassigned,demand,0.016666666666666666
underground_alarm-flash_mob,bank_tellers_drivers,passengers_drivers_ratio,demand,0.0
underground_alarm-flash_mob,bank_tellers_drivers,drivers_busy,supply,27.266666666666666
underground_alarm-flash_mob,bank_tellers_drivers,rides_not_served,matching,5.466666666666667
underground_alarm-flash_mob,bank_tellers_drivers,passengers_cancel,passenger_decisions,27.916666666666668
underground_alarm-flash_mob,drivers,rides_offers_price_no_surge_avg,market,5.0
underground_alarm-flash_mob,drivers,rides_offers_price_uber_avg,market,4.916666666666667
underground_alarm-flash_mob,drivers,rides_offers_price_lyft_avg,market,5.066666666666666
underground_alarm-flash_mob,drivers,passengers_acceptance_rate,passenger_decisions,10.25
underground_alarm-flash_mob,drivers,drivers_idle_duration_avg,supply,84.1
underground_alarm-flash_mob,drivers,passengers_unassigned,demand,0.08333333333333333
underground_alarm-flash_mob,drivers,passengers_drivers_ratio,demand,0.36666666666666664
underground_alarm-flash_mob,drivers,drivers_busy,supply,28.333333333333332
underground_alarm-flash_mob,drivers,rides_not_served,matching,5.583333333333333
underground_alarm-flash_mob,drivers,passengers_cancel,passenger_decisions,26.95
underground_alarm-flash_mob,managers_drivers,rides_offers_price_no_surge_avg,market,7.3
underground_alarm-flash_mob,managers_drivers,rides_offers_price_uber_avg,market,6.866666666666666
underground_alarm-flash_mob,managers_drivers,rides_offers_price_lyft_avg,market,7.2
underground_alarm-flash_mob,managers_drivers,passengers_acceptance_rate,passenger_decisions,6.366666666666666
underground_alarm-flash_mob,managers_drivers,drivers_idle_duration_avg,supply,56.18333333333333
underground_alarm-flash_mob,managers_drivers,passengers_unassigned,demand,1.2833333333333334
underground_alarm-flash_mob,managers_drivers,passengers_drivers_ratio,demand,1.55
underground_alarm-flash_mob,managers_drivers,drivers_busy,supply,30.85
underground_alarm-flash_mob,managers_drivers,rides_not_served,matching,6.466666666666667
underground_alarm-flash_mob,managers_drivers,passengers_cancel,passenger_decisions,22.933333333333334
underground_alarm-flash_mob,students_drivers,rides_offers_price_no_surge_avg,market,4.983333333333333
underground_alarm-flash_mob,students_drivers,rides_offers_price_uber_avg,market,5.4
underground_alarm-flash_mob,students_drivers,rides_offers_price_lyft_avg,market,4.716666666666667
underground_alarm-flash_mob,students_drivers,passengers_acceptance_rate,passenger_decisions,7.15
underground_alarm-flash_mob,students_drivers,drivers_idle_duration_avg,supply,36.8
underground_alarm-flash_mob,students_drivers,passengers_unassigned,demand,0.55
underground_alarm-flash_mob,students_drivers,passengers_drivers_ratio,demand,1.05
underground_alarm-flash_mob,students_drivers,drivers_busy,supply,27.1
underground_alarm-flash_mob,students_drivers,rides_not_served,matching,3.533333333333333
underground_alarm-flash_mob,students_drivers,passengers_cancel,passenger_decisions,22.933333333333334
underground_alarm-flash_mob,bank_tellers,rides_offers_price_no_surge_avg,market,1.7333333333333334
underground_alarm-flash_mob,bank_tellers,rides_offers_price_uber_avg,market,0.5333333333333333
underground_alarm-flash_mob,bank_tellers,rides_offers_price_lyft_avg,market,6.666666666666667
underground_alarm-flash_mob,bank_tellers,passengers_acceptance_rate,passenger_decisions,3.6166666666666667
underground_alarm-flash_mob,bank_tellers,drivers_idle_duration_avg,supply,47.516666666666666
underground_alarm-flash_mob,bank_tellers,passengers_unassigned,demand,0.9166666666666666
underground_alarm-flash_mob,bank_tellers,passengers_drivers_ratio,demand,1.2833333333333334
underground_alarm-flash_mob,bank_tellers,drivers_busy,supply,32.2
underground_alarm-flash_mob,bank_tellers,rides_not_served,matching,5.533333333333333
underground_alarm-flash_mob,bank_tellers,passengers_cancel,passenger_decisions,29.9
underground_alarm-flash_mob,baseline,rides_offers_price_no_surge_avg,market,5.6
underground_alarm-flash_mob,baseline,rides_offers_price_uber_avg,market,5.683333333333334
underground_alarm-flash_mob,baseline,rides_offers_price_lyft_avg,market,6.366666666666666
underground_alarm-flash_mob,baseline,passengers_acceptance_rate,passenger_decisions,21.933333333333334
underground_alarm-flash_mob,baseline,drivers_idle_duration_avg,supply,64.8
underground_alarm-flash_mob,baseline,passengers_unassigned,demand,3.05
underground_alarm-flash_mob,baseline,passengers_drivers_ratio,demand,1.85
underground_alarm-flash_mob,baseline,drivers_busy,supply,26.466666666666665
underground_alarm-flash_mob,baseline,rides_not_served,matching,5.333333333333333
underground_alarm-flash_mob,baseline,passengers_cancel,passenger_decisions,19.916666666666668
underground_alarm-flash_mob,managers,rides_offers_price_no_surge_avg,market,0.0
underground_alarm-flash_mob,managers,rides_offers_price_uber_avg,market,0.0
underground_alarm-flash_mob,managers,rides_offers_price_lyft_avg,market,0.0
underground_alarm-flash_mob,managers,passengers_acceptance_rate,passenger_decisions,3.4833333333333334
underground_alarm-flash_mob,managers,drivers_idle_duration_avg,supply,36.333333333333336
underground_alarm-flash_mob,managers,passengers_unassigned,demand,0.0
underground_alarm-flash_mob,managers,passengers_drivers_ratio,demand,0.4166666666666667
underground_alarm-flash_mob,managers,drivers_busy,supply,28.05
underground_alarm-flash_mob,managers,rides_not_served,matching,5.433333333333334
underground_alarm-flash_mob,managers,passengers_cancel,passenger_decisions,14.916666666666666
underground_alarm-flash_mob,students,rides_offers_price_no_surge_avg,market,1.7666666666666666
underground_alarm-flash_mob,students,rides_offers_price_uber_avg,market,4.5
underground_alarm-flash_mob,students,rides_offers_price_lyft_avg,market,1.9333333333333333
underground_alarm-flash_mob,students,passengers_acceptance_rate,passenger_decisions,12.95
underground_alarm-flash_mob,students,drivers_idle_duration_avg,supply,59.233333333333334
underground_alarm-flash_mob,students,passengers_unassigned,demand,1.8333333333333333
underground_alarm-flash_mob,students,passengers_drivers_ratio,demand,2.2333333333333334
underground_alarm-flash_mob,students,drivers_busy,supply,34.833333333333336
underground_alarm-flash_mob,students,rides_not_served,matching,9.25
underground_alarm-flash_mob,students,passengers_cancel,passenger_decisions,18.9
underground_alarm-long_rides,bank_tellers_drivers,rides_offers_price_no_surge_avg,market,0.7
underground_alarm-long_rides,bank_tellers_drivers,rides_offers_price_uber_avg,market,0.6666666666666666
underground_alarm-long_rides,bank_tellers_drivers,rides_offers_price_lyft_avg,market,0.75
underground_alarm-long_rides,bank_tellers_drivers,passengers_acceptance_rate,passenger_decisions,2.4166666666666665
underground_alarm-long_rides,bank_tellers_drivers,drivers_idle_duration_avg,supply,62.63333333333333
underground_alarm-long_rides,bank_tellers_drivers,passengers_unassigned,demand,0.25
underground_alarm-long_rides,bank_tellers_drivers,passengers_drivers_ratio,demand,0.7833333333333333
underground_alarm-long_rides,bank_tellers_drivers,drivers_busy,supply,32.1
underground_alarm-long_rides,bank_tellers_drivers,rides_not_served,matching,10.516666666666667
underground_alarm-long_rides,bank_tellers_drivers,passengers_cancel,passenger_decisions,25.966666666666665
underground_alarm-long_rides,drivers,rides_offers_price_no_surge_avg,market,0.0
underground_alarm-long_rides,drivers,rides_offers_price_uber_avg,market,0.55
underground_alarm-long_rides,drivers,rides_offers_price_lyft_avg,market,0.36666666666666664
underground_alarm-long_rides,drivers,passengers_acceptance_rate,passenger_decisions,22.033333333333335
underground_alarm-long_rides,drivers,drivers_idle_duration_avg,supply,21.75
underground_alarm-long_rides,drivers,passengers_unassigned,demand,0.11666666666666667
underground_alarm-long_rides,drivers,passengers_drivers_ratio,demand,0.43333333333333335
underground_alarm-long_rides,drivers,drivers_busy,supply,0.0
underground_alarm-long_rides,drivers,rides_not_served,matching,11.616666666666667
underground_alarm-long_rides,drivers,passengers_cancel,passenger_decisions,2.9166666666666665
underground_alarm-long_rides,managers_drivers,rides_offers_price_no_surge_avg,market,0.0
underground_alarm-long_rides,managers_drivers,rides_offers_price_uber_avg,market,0.0
underground_alarm-long_rides,managers_drivers,rides_offers_price_lyft_avg,market,0.0
underground_alarm-long_rides,managers_drivers,passengers_acceptance_rate,passenger_decisions,0.0
underground_alarm-long_rides,managers_drivers,drivers_idle_duration_avg,supply,47.61666666666667
underground_alarm-long_rides,managers_drivers,passengers_unassigned,demand,0.43333333333333335
underground_alarm-long_rides,managers_drivers,passengers_drivers_ratio,demand,0.85
underground_alarm-long_rides,managers_drivers,drivers_busy,supply,31.85
underground_alarm-long_rides,managers_drivers,rides_not_served,matching,6.5
underground_alarm-long_rides,managers_drivers,passengers_cancel,passenger_decisions,8.933333333333334
underground_alarm-long_rides,students_drivers,rides_offers_price_no_surge_avg,market,0.55
underground_alarm-long_rides,students_drivers,rides_offers_price_uber_avg,market,0.4166666666666667
underground_alarm-long_rides,students_drivers,rides_offers_price_lyft_avg,market,0.8
underground_alarm-long_rides,students_drivers,passengers_acceptance_rate,passenger_decisions,4.583333333333333
underground_alarm-long_rides,students_drivers,drivers_idle_duration_avg,supply,23.45
underground_alarm-long_rides,students_drivers,passengers_unassigned,demand,0.0
underground_alarm-long_rides,students_drivers,passengers_drivers_ratio,demand,0.0
underground_alarm-long_rides,students_drivers,drivers_busy,supply,0.0
underground_alarm-long_rides,students_drivers,rides_not_served,matching,9.416666666666666
underground_alarm-long_rides,students_drivers,passengers_cancel,passenger_decisions,27.95
underground_alarm-long_rides,bank_tellers,rides_offers_price_no_surge_avg,market,0.7
underground_alarm-long_rides,bank_tellers,rides_offers_price_uber_avg,market,0.7833333333333333
underground_alarm-long_rides,bank_tellers,rides_offers_price_lyft_avg,market,0.7833333333333333
underground_alarm-long_rides,bank_tellers,passengers_acceptance_rate,passenger_decisions,1.7
underground_alarm-long_rides,bank_tellers,drivers_idle_duration_avg,supply,48.05
underground_alarm-long_rides,bank_tellers,passengers_unassigned,demand,0.0
underground_alarm-long_rides,bank_tellers,passengers_drivers_ratio,demand,0.26666666666666666
underground_alarm-long_rides,bank_tellers,drivers_busy,supply,39.6
underground_alarm-long_rides,bank_tellers,rides_not_served,matching,4.483333333333333
underground_alarm-long_rides,bank_tellers,passengers_cancel,passenger_decisions,30.883333333333333
underground_alarm-long_rides,baseline,rides_offers_price_no_surge_avg,market,0.0
underground_alarm-long_rides,baseline,rides_offers_price_uber_avg,market,0.0
underground_alarm-long_rides,baseline,rides_offers_price_lyft_avg,market,0.0
underground_alarm-long_rides,baseline,passengers_acceptance_rate,passenger_decisions,15.8
underground_alarm-long_rides,baseline,drivers_idle_duration_avg,supply,61.36666666666667
underground_alarm-long_rides,baseline,passengers_unassigned,demand,0.18333333333333332
underground_alarm-long_rides,baseline,passengers_drivers_ratio,demand,0.5166666666666667
underground_alarm-long_rides,baseline,drivers_busy,supply,30.416666666666668
underground_alarm-long_rides,baseline,rides_not_served,matching,5.45
underground_alarm-long_rides,baseline,passengers_cancel,passenger_decisions,30.9
underground_alarm-long_rides,managers,rides_offers_price_no_surge_avg,market,1.2166666666666666
underground_alarm-long_rides,managers,rides_offers_price_uber_avg,market,2.2
underground_alarm-long_rides,managers,rides_offers_price_lyft_avg,market,0.0
underground_alarm-long_rides,managers,passengers_acceptance_rate,passenger_decisions,3.933333333333333
underground_alarm-long_rides,managers,drivers_idle_duration_avg,supply,67.48333333333333
underground_alarm-long_rides,managers,passengers_unassigned,demand,0.2833333333333333
underground_alarm-long_rides,managers,passengers_drivers_ratio,demand,0.43333333333333335
underground_alarm-long_rides,managers,drivers_busy,supply,25.616666666666667
underground_alarm-long_rides,managers,rides_not_served,matching,4.516666666666667
underground_alarm-long_rides,managers,passengers_cancel,passenger_decisions,24.933333333333334
underground_alarm-long_rides,students,rides_offers_price_no_surge_avg,market,1.0833333333333333
underground_alarm-long_rides,students,rides_offers_price_uber_avg,market,1.0666666666666667
underground_alarm-long_rides,students,rides_offers_price_lyft_avg,market,1.25
underground_alarm-long_rides,students,passengers_acceptance_rate,passenger_decisions,7.866666666666666
underground_alarm-long_rides,students,drivers_idle_duration_avg,supply,86.86666666666666
underground_alarm-long_rides,students,passengers_unassigned,demand,0.36666666666666664
underground_alarm-long_rides,students,passengers_drivers_ratio,demand,0.7
underground_alarm-long_rides,students,drivers_busy,supply,30.766666666666666
underground_alarm-long_rides,students,rides_not_served,matching,8.55
underground_alarm-long_rides,students,passengers_cancel,passenger_decisions,29.916666666666668
underground_alarm-wildcat_strike,bank_tellers_drivers,rides_offers_price_no_surge_avg,market,14.9
underground_alarm-wildcat_strike,bank_tellers_drivers,rides_offers_price_uber_avg,market,12.6
underground_alarm-wildcat_strike,bank_tellers_drivers,rides_offers_price_lyft_avg,market,17.233333333333334
underground_alarm-wildcat_strike,bank_tellers_drivers,passengers_acceptance_rate,passenger_decisions,3.466666666666667
underground_alarm-wildcat_strike,bank_tellers_drivers,drivers_idle_duration_avg,supply,52.88333333333333
underground_alarm-wildcat_strike,bank_tellers_drivers,passengers_unassigned,demand,3.3
underground_alarm-wildcat_strike,bank_tellers_drivers,passengers_drivers_ratio,demand,2.35
underground_alarm-wildcat_strike,bank_tellers_drivers,drivers_busy,supply,75.48333333333333
underground_alarm-wildcat_strike,bank_tellers_drivers,rides_not_served,matching,11.383333333333333
underground_alarm-wildcat_strike,bank_tellers_drivers,passengers_cancel,passenger_decisions,32.93333333333333
underground_alarm-wildcat_strike,drivers,rides_offers_price_no_surge_avg,market,32.38333333333333
underground_alarm-wildcat_strike,drivers,rides_offers_price_uber_avg,market,32.833333333333336
underground_alarm-wildcat_strike,drivers,rides_offers_price_lyft_avg,market,34.483333333333334
underground_alarm-wildcat_strike,drivers,passengers_acceptance_rate,passenger_decisions,24.05
underground_alarm-wildcat_strike,drivers,drivers_idle_duration_avg,supply,31.633333333333333
underground_alarm-wildcat_strike,drivers,passengers_unassigned,demand,3.433333333333333
underground_alarm-wildcat_strike,drivers,passengers_drivers_ratio,demand,3.7
underground_alarm-wildcat_strike,drivers,drivers_busy,supply,60.833333333333336
underground_alarm-wildcat_strike,drivers,rides_not_served,matching,11.533333333333333
underground_alarm-wildcat_strike,drivers,passengers_cancel,passenger_decisions,0.0
underground_alarm-wildcat_strike,managers_drivers,rides_offers_price_no_surge_avg,market,6.066666666666666
underground_alarm-wildcat_strike,managers_drivers,rides_offers_price_uber_avg,market,2.033333333333333
underground_alarm-wildcat_strike,managers_drivers,rides_offers_price_lyft_avg,market,19.516666666666666
underground_alarm-wildcat_strike,managers_drivers,passengers_acceptance_rate,passenger_decisions,3.3833333333333333
underground_alarm-wildcat_strike,managers_drivers,drivers_idle_duration_avg,supply,10.666666666666666
underground_alarm-wildcat_strike,managers_drivers,passengers_unassigned,demand,4.266666666666667
underground_alarm-wildcat_strike,managers_drivers,passengers_drivers_ratio,demand,4.466666666666667
underground_alarm-wildcat_strike,managers_drivers,drivers_busy,supply,81.2
underground_alarm-wildcat_strike,managers_drivers,rides_not_served,matching,12.433333333333334
underground_alarm-wildcat_strike,managers_drivers,passengers_cancel,passenger_decisions,30.95
underground_alarm-wildcat_strike,students_drivers,rides_offers_price_no_surge_avg,market,32.68333333333333
underground_alarm-wildcat_strike,students_drivers,rides_offers_price_uber_avg,market,32.6
underground_alarm-wildcat_strike,students_drivers,rides_offers_price_lyft_avg,market,37.2
underground_alarm-wildcat_strike,students_drivers,passengers_acceptance_rate,passenger_decisions,15.916666666666666
underground_alarm-wildcat_strike,students_drivers,drivers_idle_duration_avg,supply,24.833333333333332
underground_alarm-wildcat_strike,students_drivers,passengers_unassigned,demand,1.6166666666666667
underground_alarm-wildcat_strike,students_drivers,passengers_drivers_ratio,demand,2.433333333333333
underground_alarm-wildcat_strike,students_drivers,drivers_busy,supply,192.15
underground_alarm-wildcat_strike,students_drivers,rides_not_served,matching,8.466666666666667
underground_alarm-wildcat_strike,students_drivers,passengers_cancel,passenger_decisions,31.883333333333333
underground_alarm-wildcat_strike,bank_tellers,rides_offers_price_no_surge_avg,market,30.533333333333335
underground_alarm-wildcat_strike,bank_tellers,rides_offers_price_uber_avg,market,30.533333333333335
underground_alarm-wildcat_strike,bank_tellers,rides_offers_price_lyft_avg,market,38.416666666666664
underground_alarm-wildcat_strike,bank_tellers,passengers_acceptance_rate,passenger_decisions,5.966666666666667
underground_alarm-wildcat_strike,bank_tellers,drivers_idle_duration_avg,supply,60.333333333333336
underground_alarm-wildcat_strike,bank_tellers,passengers_unassigned,demand,3.433333333333333
underground_alarm-wildcat_strike,bank_tellers,passengers_drivers_ratio,demand,4.0
underground_alarm-wildcat_strike,bank_tellers,drivers_busy,supply,87.41666666666667
underground_alarm-wildcat_strike,bank_tellers,rides_not_served,matching,6.4
underground_alarm-wildcat_strike,bank_tellers,passengers_cancel,passenger_decisions,6.916666666666667
underground_alarm-wildcat_strike,baseline,rides_offers_price_no_surge_avg,market,22.583333333333332
underground_alarm-wildcat_strike,baseline,rides_offers_price_uber_avg,market,22.666666666666668
underground_alarm-wildcat_strike,baseline,rides_offers_price_lyft_avg,market,24.283333333333335
underground_alarm-wildcat_strike,baseline,passengers_acceptance_rate,passenger_decisions,41.86666666666667
underground_alarm-wildcat_strike,baseline,drivers_idle_duration_avg,supply,52.35
underground_alarm-wildcat_strike,baseline,passengers_unassigned,demand,3.7666666666666666
underground_alarm-wildcat_strike,baseline,passengers_drivers_ratio,demand,4.083333333333333
underground_alarm-wildcat_strike,baseline,drivers_busy,supply,3.816666666666667
underground_alarm-wildcat_strike,baseline,rides_not_served,matching,23.383333333333333
underground_alarm-wildcat_strike,baseline,passengers_cancel,passenger_decisions,35.86666666666667
underground_alarm-wildcat_strike,managers,rides_offers_price_no_surge_avg,market,21.266666666666666
underground_alarm-wildcat_strike,managers,rides_offers_price_uber_avg,market,29.75
underground_alarm-wildcat_strike,managers,rides_offers_price_lyft_avg,market,22.616666666666667
underground_alarm-wildcat_strike,managers,passengers_acceptance_rate,passenger_decisions,3.4166666666666665
underground_alarm-wildcat_strike,managers,drivers_idle_duration_avg,supply,63.233333333333334
underground_alarm-wildcat_strike,managers,passengers_unassigned,demand,3.6333333333333333
underground_alarm-wildcat_strike,managers,passengers_drivers_ratio,demand,3.683333333333333
underground_alarm-wildcat_strike,managers,drivers_busy,supply,73.26666666666667
underground_alarm-wildcat_strike,managers,rides_not_served,matching,9.366666666666667
underground_alarm-wildcat_strike,managers,passengers_cancel,passenger_decisions,17.933333333333334
underground_alarm-wildcat_strike,students,rides_offers_price_no_surge_avg,market,24.25
underground_alarm-wildcat_strike,students,rides_offers_price_uber_avg,market,23.966666666666665
underground_alarm-wildcat_strike,students,rides_offers_price_lyft_avg,market,32.28333333333333
underground_alarm-wildcat_strike,students,passengers_acceptance_rate,passenger_decisions,17.616666666666667
underground_alarm-wildcat_strike,students,drivers_idle_duration_avg,supply,100.25
underground_alarm-wildcat_strike,students,passengers_unassigned,demand,3.683333333333333
underground_alarm-wildcat_strike,students,passengers_drivers_ratio,demand,3.65
underground_alarm-wildcat_strike,students,drivers_busy,supply,55.516666666666666
underground_alarm-wildcat_strike,students,rides_not_served,matching,9.483333333333333
underground_alarm-wildcat_strike,students,passengers_cancel,passenger_decisions,30.933333333333334
underground_alarm,bank_tellers_drivers,rides_offers_price_no_surge_avg,market,0.0
underground_alarm,bank_tellers_drivers,rides_offers_price_uber_avg,market,0.0
underground_alarm,bank_tellers_drivers,rides_offers_price_lyft_avg,market,0.0
underground_alarm,bank_tellers_drivers,passengers_acceptance_rate,passenger_decisions,1.5333333333333334
underground_alarm,bank_tellers_drivers,drivers_idle_duration_avg,supply,31.75
underground_alarm,bank_tellers_drivers,passengers_unassigned,demand,0.7666666666666667
underground_alarm,bank_tellers_drivers,passengers_drivers_ratio,demand,0.9166666666666666
underground_alarm,bank_tellers_drivers,drivers_busy,supply,42.85
underground_alarm,bank_tellers_drivers,rides_not_served,matching,9.466666666666667
underground_alarm,bank_tellers_drivers,passengers_cancel,passenger_decisions,33.96666666666667
underground_alarm,drivers,rides_offers_price_no_surge_avg,market,17.1
underground_alarm,drivers,rides_offers_price_uber_avg,market,17.1
underground_alarm,drivers,rides_offers_price_lyft_avg,market,27.1
underground_alarm,drivers,passengers_acceptance_rate,passenger_decisions,28.35
underground_alarm,drivers,drivers_idle_duration_avg,supply,84.75
underground_alarm,drivers,passengers_unassigned,demand,0.0
underground_alarm,drivers,passengers_drivers_ratio,demand,0.0
underground_alarm,drivers,drivers_busy,supply,0.1
underground_alarm,drivers,rides_not_served,matching,13.466666666666667
underground_alarm,drivers,passengers_cancel,passenger_decisions,25.9
underground_alarm,managers_drivers,rides_offers_price_no_surge_avg,market,26.7
underground_alarm,managers_drivers,rides_offers_price_uber_avg,market,30.116666666666667
underground_alarm,managers_drivers,rides_offers_price_lyft_avg,market,24.966666666666665
underground_alarm,managers_drivers,passengers_acceptance_rate,passenger_decisions,2.75
underground_alarm,managers_drivers,drivers_idle_duration_avg,supply,41.55
underground_alarm,managers_drivers,passengers_unassigned,demand,0.75
underground_alarm,managers_drivers,passengers_drivers_ratio,demand,0.95
underground_alarm,managers_drivers,drivers_busy,supply,46.86666666666667
underground_alarm,managers_drivers,rides_not_served,matching,12.333333333333334
underground_alarm,managers_drivers,passengers_cancel,passenger_decisions,30.883333333333333
underground_alarm,students_drivers,rides_offers_price_no_surge_avg,market,22.433333333333334
underground_alarm,students_drivers,rides_offers_price_uber_avg,market,22.75
underground_alarm,students_drivers,rides_offers_price_lyft_avg,market,31.783333333333335
underground_alarm,students_drivers,passengers_acceptance_rate,passenger_decisions,11.983333333333333
underground_alarm,students_drivers,drivers_idle_duration_avg,supply,13.55
underground_alarm,students_drivers,passengers_unassigned,demand,0.0
underground_alarm,students_drivers,passengers_drivers_ratio,demand,0.0
underground_alarm,students_drivers,drivers_busy,supply,0.0
underground_alarm,students_drivers,rides_not_served,matching,7.516666666666667
underground_alarm,students_drivers,passengers_cancel,passenger_decisions,5.933333333333334
underground_alarm,bank_tellers,rides_offers_price_no_surge_avg,market,0.0
underground_alarm,bank_tellers,rides_offers_price_uber_avg,market,0.0
underground_alarm,bank_tellers,rides_offers_price_lyft_avg,market,0.2
underground_alarm,bank_tellers,passengers_acceptance_rate,passenger_decisions,3.3
underground_alarm,bank_tellers,drivers_idle_duration_avg,supply,39.65
underground_alarm,bank_tellers,passengers_unassigned,demand,0.8
underground_alarm,bank_tellers,passengers_drivers_ratio,demand,1.0
underground_alarm,bank_tellers,drivers_busy,supply,47.233333333333334
underground_alarm,bank_tellers,rides_not_served,matching,3.55
underground_alarm,bank_tellers,passengers_cancel,passenger_decisions,32.96666666666667
underground_alarm,managers,rides_offers_price_no_surge_avg,market,26.7
underground_alarm,managers,rides_offers_price_uber_avg,market,25.066666666666666
underground_alarm,managers,rides_offers_price_lyft_avg,market,35.71666666666667
underground_alarm,managers,passengers_acceptance_rate,passenger_decisions,0.1
underground_alarm,managers,drivers_idle_duration_avg,supply,76.41666666666667
underground_alarm,managers,passengers_unassigned,demand,0.4166666666666667
underground_alarm,managers,passengers_drivers_ratio,demand,0.9
underground_alarm,managers,drivers_busy,supply,39.25
underground_alarm,managers,rides_not_served,matching,10.266666666666667
underground_alarm,managers,passengers_cancel,passenger_decisions,34.86666666666667
underground_alarm,students,rides_offers_price_no_surge_avg,market,18.333333333333332
underground_alarm,students,rides_offers_price_uber_avg,market,0.5
underground_alarm,students,rides_offers_price_lyft_avg,market,26.833333333333332
underground_alarm,students,passengers_acceptance_rate,passenger_decisions,14.0
underground_alarm,students,drivers_idle_duration_avg,supply,84.66666666666667
underground_alarm,students,passengers_unassigned,demand,0.15
underground_alarm,students,passengers_drivers_ratio,demand,0.8666666666666667
underground_alarm,students,drivers_busy,supply,59.56666666666667
underground_alarm,students,rides_not_served,matching,11.55
underground_alarm,students,passengers_cancel,passenger_decisions,30.883333333333333
wildcat_strike-boycott_tncs,bank_tellers_drivers,rides_offers_price_no_surge_avg,market,2.8833333333333333
wildcat_strike-boycott_tncs,bank_tellers_drivers,rides_offers_price_uber_avg,market,2.8833333333333333
wildcat_strike-boycott_tncs,bank_tellers_drivers,rides_offers_price_lyft_avg,market,3.1666666666666665
wildcat_strike-boycott_tncs,bank_tellers_drivers,passengers_acceptance_rate,passenger_decisions,2.066666666666667
wildcat_strike-boycott_tncs,bank_tellers_drivers,drivers_idle_duration_avg,supply,38.5
wildcat_strike-boycott_tncs,bank_tellers_drivers,passengers_unassigned,demand,1.4333333333333333
wildcat_strike-boycott_tncs,bank_tellers_drivers,passengers_drivers_ratio,demand,2.3333333333333335
wildcat_strike-boycott_tncs,bank_tellers_drivers,drivers_busy,supply,35.53333333333333
wildcat_strike-boycott_tncs,bank_tellers_drivers,rides_not_served,matching,16.8
wildcat_strike-boycott_tncs,bank_tellers_drivers,passengers_cancel,passenger_decisions,143.93333333333334
wildcat_strike-boycott_tncs,bank_tellers,rides_offers_price_no_surge_avg,market,0.016666666666666666
wildcat_strike-boycott_tncs,bank_tellers,rides_offers_price_uber_avg,market,0.0
wildcat_strike-boycott_tncs,bank_tellers,rides_offers_price_lyft_avg,market,6.05
wildcat_strike-boycott_tncs,bank_tellers,passengers_acceptance_rate,passenger_decisions,2.3666666666666667
wildcat_strike-boycott_tncs,bank_tellers,drivers_idle_duration_avg,supply,15.333333333333334
wildcat_strike-boycott_tncs,bank_tellers,passengers_unassigned,demand,1.6166666666666667
wildcat_strike-boycott_tncs,bank_tellers,passengers_drivers_ratio,demand,2.6
wildcat_strike-boycott_tncs,bank_tellers,drivers_busy,supply,34.15
wildcat_strike-boycott_tncs,bank_tellers,rides_not_served,matching,10.8
wildcat_strike-boycott_tncs,bank_tellers,passengers_cancel,passenger_decisions,
wildcat_strike-boycott_tncs,managers,rides_offers_price_no_surge_avg,market,23.033333333333335
wildcat_strike-boycott_tncs,managers,rides_offers_price_uber_avg,market,5.216666666666667
wildcat_strike-boycott_tncs,managers,rides_offers_price_lyft_avg,market,23.166666666666668
wildcat_strike-boycott_tncs,managers,passengers_acceptance_rate,passenger_decisions,4.25
wildcat_strike-boycott_tncs,managers,drivers_idle_duration_avg,supply,23.416666666666668
wildcat_strike-boycott_tncs,managers,passengers_unassigned,demand,2.6166666666666667
wildcat_strike-boycott_tncs,managers,passengers_drivers_ratio,demand,3.8333333333333335
wildcat_strike-boycott_tncs,managers,drivers_busy,supply,38.55
wildcat_strike-boycott_tncs,managers,rides_not_served,matching,18.833333333333332
wildcat_strike-boycott_tncs,managers,passengers_cancel,passenger_decisions,
wildcat_strike-boycott_tncs,students,rides_offers_price_no_surge_avg,market,6.683333333333334
wildcat_strike-boycott_tncs,students,rides_offers_price_uber_avg,market,6.95
wildcat_strike-boycott_tncs,students,rides_offers_price_lyft_avg,market,6.566666666666666
wildcat_strike-boycott_tncs,students,passengers_acceptance_rate,passenger_decisions,39.516666666666666
wildcat_strike-boycott_tncs,students,drivers_idle_duration_avg,supply,42.86666666666667
wildcat_strike-boycott_tncs,students,passengers_unassigned,demand,0.85
wildcat_strike-boycott_tncs,students,passengers_drivers_ratio,demand,1.8333333333333333
wildcat_strike-boycott_tncs,students,drivers_busy,supply,35.65
wildcat_strike-boycott_tncs,students,rides_not_served,matching,15.783333333333333
wildcat_strike-boycott_tncs,students,passengers_cancel,passenger_decisions,
wildcat_strike-long_rides,bank_tellers_drivers,rides_offers_price_no_surge_avg,market,0.8666666666666667
wildcat_strike-long_rides,bank_tellers_drivers,rides_offers_price_uber_avg,market,0.9333333333333333
wildcat_strike-long_rides,bank_tellers_drivers,rides_offers_price_lyft_avg,market,0.85
wildcat_strike-long_rides,bank_tellers_drivers,passengers_acceptance_rate,passenger_decisions,1.4333333333333333
wildcat_strike-long_rides,bank_tellers_drivers,drivers_idle_duration_avg,supply,26.366666666666667
wildcat_strike-long_rides,bank_tellers_drivers,passengers_unassigned,demand,16.583333333333332
wildcat_strike-long_rides,bank_tellers_drivers,passengers_drivers_ratio,demand,14.116666666666667
wildcat_strike-long_rides,bank_tellers_drivers,drivers_busy,supply,4.416666666666667
wildcat_strike-long_rides,bank_tellers_drivers,rides_not_served,matching,13.366666666666667
wildcat_strike-long_rides,bank_tellers_drivers,passengers_cancel,passenger_decisions,30.966666666666665
wildcat_strike-long_rides,students_drivers,rides_offers_price_no_surge_avg,market,1.1
wildcat_strike-long_rides,students_drivers,rides_offers_price_uber_avg,market,1.2333333333333334
wildcat_strike-long_rides,students_drivers,rides_offers_price_lyft_avg,market,0.95
wildcat_strike-long_rides,students_drivers,passengers_acceptance_rate,passenger_decisions,6.6
wildcat_strike-long_rides,students_drivers,drivers_idle_duration_avg,supply,28.9
wildcat_strike-long_rides,students_drivers,passengers_unassigned,demand,39.733333333333334
wildcat_strike-long_rides,students_drivers,passengers_drivers_ratio,demand,30.1
wildcat_strike-long_rides,students_drivers,drivers_busy,supply,195.98333333333332
wildcat_strike-long_rides,students_drivers,rides_not_served,matching,30.4
wildcat_strike-long_rides,students_drivers,passengers_cancel,passenger_decisions,52.86666666666667
