scenario,personality,minutes,spike_start,spike_end,hardiness_peak,consistency_peak,resilience_ticks
boycott_tncs-long_rides,bank_tellers_drivers,121.01666666666667,85200.0,87340.0,0.2798050990150646,0.029752770342791876,3772.0
boycott_tncs-long_rides,managers_drivers,123.61666666666666,85760.0,87600.0,0.2564511992722593,0.013982492629289717,3677.0
boycott_tncs-long_rides,students_drivers,11.3,79460.0,80100.0,0.36530539034722953,0.06522519142291414,3156.0
boycott_tncs,bank_tellers_drivers,13.95,79520.0,80100.0,0.314895334724072,0.04440668315433478,3041.0
boycott_tncs,drivers,10.35,79520.0,80280.0,0.3483706378002431,0.05412851356424015,3375.0
flash_mob-boycott_tncs,managers_drivers,37.166666666666664,79460.0,81480.0,0.4426282590379208,0.08936194213977565,2938.0
flash_mob-boycott_tncs,managers,5.233333333333333,79460.0,81480.0,0.4851201141718686,0.10830412244433969,4958.0
flash_mob-boycott_tncs,students,20.483333333333334,79420.0,81360.0,0.44125969913487756,0.08380907855706586,3809.0
flash_mob-long_rides,bank_tellers_drivers,45.81666666666667,80200.0,88660.0,0.3550238611713666,0.030026271217286443,8537.0
flash_mob-long_rides,managers_drivers,56.93333333333333,80080.0,89040.0,0.37050715993079986,0.03035096116771845,7990.0
flash_mob-long_rides,bank_tellers,54.05,79960.0,87640.0,0.3564043715846994,0.03437444123904769,7991.0
flash_mob-wildcat_strike,bank_tellers_drivers,45.13333333333333,79940.0,85120.0,0.35749680170575693,0.03140755522266994,6096.0
flash_mob-wildcat_strike,bank_tellers,88.13333333333334,79780.0,84820.0,0.3637771528711741,0.0337207462601641,7673.0
flash_mob-wildcat_strike,baseline,22.466666666666665,80140.0,84660.0,0.34125843193630434,0.028809315405333102,7292.0
flash_mob-wildcat_strike,managers,65.73333333333333,80120.0,84340.0,0.3335588172899497,0.02910192845337086,4956.0
flash_mob,bank_tellers_drivers,49.63333333333333,79780.0,84980.0,0.34100382676701785,0.028367866291579242,3272.0
long_rides,bank_tellers_drivers,72.55,83000.0,89320.0,0.3348295964125561,0.029168841215046867,9304.0
long_rides,drivers,107.43333333333334,83040.0,89260.0,0.29310580261268604,0.0317246625097289,3822.0
long_rides,managers_drivers,108.01666666666667,83080.0,88140.0,0.3163538477466684,0.03026662367726636,3460.0
long_rides,students_drivers,103.86666666666666,82960.0,89040.0,0.3187900334835095,0.030909974832667823,5412.0
underground_alarm-flash_mob,bank_tellers_drivers,57.18333333333333,80060.0,90860.0,0.9136150605928834,0.07644402393855271,10232.0
underground_alarm-flash_mob,drivers,57.03333333333333,80500.0,87760.0,0.7303551112399262,0.07510905656937257,8028.0
underground_alarm-flash_mob,managers_drivers,59.21666666666667,80240.0,87520.0,0.7764850849273077,0.07556966003786744,7657.0
underground_alarm-flash_mob,students_drivers,58.0,80300.0,88860.0,0.788097549930987,0.06861643245268315,9059.0
underground_alarm-flash_mob,bank_tellers,57.266666666666666,80160.0,87760.0,0.7620087336244542,0.059511830126775196,7899.0
underground_alarm-flash_mob,baseline,55.5,80480.0,88680.0,0.7248577586206897,0.061276327466606724,9026.0
underground_alarm-flash_mob,managers,55.9,80300.0,87700.0,0.7634806088865692,0.06355503832458849,8034.0
underground_alarm-flash_mob,students,58.46666666666667,80160.0,88800.0,0.7712650605059539,0.07288239202470367,8756.0
underground_alarm-long_rides,bank_tellers_drivers,60.38333333333333,80400.0,88800.0,0.75599128540305,0.059308386929109475,8867.0
underground_alarm-long_rides,drivers,63.483333333333334,80980.0,88960.0,0.738752193393043,0.06070371183755527,8845.0
underground_alarm-long_rides,managers_drivers,58.65,80320.0,88540.0,0.709980315893301,0.0625613100260858,8713.0
underground_alarm-long_rides,students_drivers,59.233333333333334,80720.0,88620.0,0.6782875816993464,0.06124273278536609,8753.0
underground_alarm-long_rides,bank_tellers,58.983333333333334,80660.0,87640.0,0.6236397732266472,0.05711016126171558,7793.0
underground_alarm-long_rides,baseline,64.01666666666667,81160.0,89060.0,0.6997863666227218,0.054460100071880166,8885.0
underground_alarm-long_rides,managers,57.983333333333334,80740.0,88720.0,0.6743345425370848,0.06390536688750613,8812.0
underground_alarm-long_rides,students,59.71666666666667,81380.0,88660.0,0.6562765138165537,0.05544949451992877,8763.0
underground_alarm-wildcat_strike,bank_tellers_drivers,60.416666666666664,80620.0,87400.0,0.7048188483166061,0.0582226123338738,7468.0
underground_alarm-wildcat_strike,drivers,64.38333333333334,81260.0,87060.0,0.6906100699034113,0.08106714032296318,6873.0
underground_alarm-wildcat_strike,managers_drivers,62.05,81100.0,87280.0,0.7433939591182767,0.07086847063833958,7199.0
underground_alarm-wildcat_strike,students_drivers,62.53333333333333,81260.0,87040.0,0.7170592469615076,0.0691004475617858,6924.0
underground_alarm-wildcat_strike,bank_tellers,59.6,80960.0,86960.0,0.6807584828593545,0.053917931248885345,7047.0
underground_alarm-wildcat_strike,baseline,71.85,81600.0,86920.0,0.6850899125964909,0.06806870804932098,5960.0
underground_alarm-wildcat_strike,managers,63.15,80780.0,87040.0,0.6949956202938721,0.07438745894946076,6943.0
underground_alarm-wildcat_strike,students,65.31666666666666,81520.0,86200.0,0.6243950103950103,0.05267646223202815,5934.0
underground_alarm,bank_tellers_drivers,58.61666666666667,80420.0,87040.0,0.6203359478214308,0.05698559890549517,6414.0
underground_alarm,drivers,62.6,81520.0,86380.0,0.6741011883436139,0.07010592126057388,6311.0
underground_alarm,managers_drivers,61.05,81080.0,86140.0,0.6052631578947368,0.04700822174471264,6104.0
underground_alarm,students_drivers,59.766666666666666,81080.0,87340.0,0.6676417750486455,0.06368655744531854,7174.0
underground_alarm,bank_tellers,57.75,80520.0,87000.0,0.6661791124756771,0.06667744092265013,6185.0
underground_alarm,managers,60.11666666666667,81260.0,86860.0,0.6644703296703297,0.05636830663737485,6597.0
underground_alarm,students,62.2,81300.0,88500.0,0.6021978021978022,0.05519101795625557,7669.0
wildcat_strike-boycott_tncs,bank_tellers_drivers,21.533333333333335,79360.0,80520.0,0.4028236020965089,0.06818194056074817,2904.0
wildcat_strike-boycott_tncs,managers,13.85,79440.0,80340.0,0.38291754314684845,0.06742007605534013,3200.0
wildcat_strike-boycott_tncs,students,14.233333333333333,79520.0,80420.0,0.3338830669654268,0.05524583279684052,3293.0
wildcat_strike-long_rides,bank_tellers_drivers,147.85,81440.0,89080.0,0.3476916099773242,0.03283873122873417,5477.0
wildcat_strike-long_rides,students_drivers,105.48333333333333,82820.0,89100.0,0.32024271866658816,0.030261119329694504,6455.0
