scenario,driver_job,passenger_job,baseline,failure,failure_timestamp
boycott_tncs-long_rides,driver,bank_tellers,sf_normal_ocean,True,86461.0
boycott_tncs-long_rides,driver,general,sf_normal_ocean,False,
boycott_tncs-long_rides,driver,managers,sf_normal_ocean,True,86617.0
boycott_tncs-long_rides,driver,students,sf_normal_ocean,True,79878.0
boycott_tncs-long_rides,general,bank_tellers,sf_normal_ocean,False,
boycott_tncs-long_rides,general,general,sf_normal_ocean,False,
boycott_tncs-long_rides,general,managers,sf_normal_ocean,False,
boycott_tncs-long_rides,general,students,sf_normal_ocean,False,
boycott_tncs,driver,bank_tellers,sf_normal_ocean,True,80037.0
boycott_tncs,driver,general,sf_normal_ocean,True,79821.0
boycott_tncs,driver,managers,sf_normal_ocean,False,
boycott_tncs,driver,students,sf_normal_ocean,False,
boycott_tncs,general,bank_tellers,sf_normal_ocean,False,
boycott_tncs,general,general,sf_normal_ocean,False,
boycott_tncs,general,managers,sf_normal_ocean,False,
boycott_tncs,general,students,sf_normal_ocean,False,
flash_mob-boycott_tncs,driver,bank_tellers,sf_normal_ocean,False,
flash_mob-boycott_tncs,driver,general,sf_normal_ocean,False,
flash_mob-boycott_tncs,driver,managers,sf_normal_ocean,True,81430.0
flash_mob-boycott_tncs,driver,students,sf_normal_ocean,False,
flash_mob-boycott_tncs,general,bank_tellers,sf_normal_ocean,False,
flash_mob-boycott_tncs,general,general,sf_normal_ocean,False,
flash_mob-boycott_tncs,general,managers,sf_normal_ocean,True,79514.0
flash_mob-boycott_tncs,general,students,sf_normal_ocean,True,80429.0
flash_mob-long_rides,driver,bank_tellers,sf_normal_ocean,True,81949.0
flash_mob-long_rides,driver,general,sf_normal_ocean,False,
flash_mob-long_rides,driver,managers,sf_normal_ocean,True,82616.0
flash_mob-long_rides,driver,students,sf_normal_ocean,False,
flash_mob-long_rides,general,bank_tellers,sf_normal_ocean,True,82443.0
flash_mob-long_rides,general,general,sf_normal_ocean,False,
flash_mob-long_rides,general,managers,sf_normal_ocean,False,
flash_mob-long_rides,general,students,sf_normal_ocean,False,
flash_mob-wildcat_strike,driver,bank_tellers,sf_normal_ocean,True,81908.0
flash_mob-wildcat_strike,driver,general,sf_normal_ocean,False,
flash_mob-wildcat_strike,driver,managers,sf_normal_ocean,False,
flash_mob-wildcat_strike,driver,students,sf_normal_ocean,False,
flash_mob-wildcat_strike,general,bank_tellers,sf_normal_ocean,True,84488.0
flash_mob-wildcat_strike,general,general,sf_normal_ocean,True,80548.0
flash_mob-wildcat_strike,general,managers,sf_normal_ocean,True,83144.0
flash_mob-wildcat_strike,general,students,sf_normal_ocean,False,
flash_mob,driver,bank_tellers,sf_normal_ocean,True,82178.0
flash_mob,driver,general,sf_normal_ocean,False,
flash_mob,driver,managers,sf_normal_ocean,False,
flash_mob,driver,students,sf_normal_ocean,False,
flash_mob,general,bank_tellers,sf_normal_ocean,False,
flash_mob,general,general,sf_normal_ocean,False,
flash_mob,general,managers,sf_normal_ocean,False,
flash_mob,general,students,sf_normal_ocean,False,
long_rides,driver,bank_tellers,sf_normal_ocean,True,83553.0
long_rides,driver,general,sf_normal_ocean,True,85646.0
long_rides,driver,managers,sf_normal_ocean,True,85681.0
long_rides,driver,students,sf_normal_ocean,True,85432.0
long_rides,general,bank_tellers,sf_normal_ocean,False,
long_rides,general,general,sf_normal_ocean,False,
long_rides,general,managers,sf_normal_ocean,False,
long_rides,general,students,sf_normal_ocean,False,
normal,driver,bank_tellers,sf_normal_ocean,False,
normal,driver,general,sf_normal_ocean,False,
normal,driver,managers,sf_normal_ocean,False,
normal,driver,students,sf_normal_ocean,False,
normal,general,bank_tellers,sf_normal_ocean,False,
normal,general,general,sf_normal_ocean,False,
normal,general,managers,sf_normal_ocean,False,
normal,general,students,sf_normal_ocean,False,
underground_alarm-flash_mob,driver,bank_tellers,sf_normal_ocean,True,82631.0
underground_alarm-flash_mob,driver,general,sf_normal_ocean,True,82622.0
underground_alarm-flash_mob,driver,managers,sf_normal_ocean,True,82753.0
underground_alarm-flash_mob,driver,students,sf_normal_ocean,True,82680.0
underground_alarm-flash_mob,general,bank_tellers,sf_normal_ocean,True,82636.0
underground_alarm-flash_mob,general,general,sf_normal_ocean,True,82530.0
underground_alarm-flash_mob,general,managers,sf_normal_ocean,True,82554.0
underground_alarm-flash_mob,general,students,sf_normal_ocean,True,82708.0
underground_alarm-long_rides,driver,bank_tellers,sf_normal_ocean,True,82823.0
underground_alarm-long_rides,driver,general,sf_normal_ocean,True,83009.0
underground_alarm-long_rides,driver,managers,sf_normal_ocean,True,82719.0
underground_alarm-long_rides,driver,students,sf_normal_ocean,True,82754.0
underground_alarm-long_rides,general,bank_tellers,sf_normal_ocean,True,82739.0
underground_alarm-long_rides,general,general,sf_normal_ocean,True,83041.0
underground_alarm-long_rides,general,managers,sf_normal_ocean,True,82679.0
underground_alarm-long_rides,general,students,sf_normal_ocean,True,82783.0
underground_alarm-wildcat_strike,driver,bank_tellers,sf_normal_ocean,True,82825.0
underground_alarm-wildcat_strike,driver,general,sf_normal_ocean,True,83063.0
underground_alarm-wildcat_strike,driver,managers,sf_normal_ocean,True,82923.0
underground_alarm-wildcat_strike,driver,students,sf_normal_ocean,True,82952.0
underground_alarm-wildcat_strike,general,bank_tellers,sf_normal_ocean,True,82776.0
underground_alarm-wildcat_strike,general,general,sf_normal_ocean,True,83511.0
underground_alarm-wildcat_strike,general,managers,sf_normal_ocean,True,82989.0
underground_alarm-wildcat_strike,general,students,sf_normal_ocean,True,83119.0
underground_alarm,driver,bank_tellers,sf_normal_ocean,True,82717.0
underground_alarm,driver,general,sf_normal_ocean,True,82956.0
underground_alarm,driver,managers,sf_normal_ocean,True,82863.0
underground_alarm,driver,students,sf_normal_ocean,True,82786.0
underground_alarm,general,bank_tellers,sf_normal_ocean,True,82665.0
underground_alarm,general,general,sf_normal_ocean,False,
underground_alarm,general,managers,sf_normal_ocean,True,82807.0
underground_alarm,general,students,sf_normal_ocean,True,82932.0
wildcat_strike-boycott_tncs,driver,bank_tellers,sf_normal_ocean,True,80492.0
wildcat_strike-boycott_tncs,driver,general,sf_normal_ocean,False,
wildcat_strike-boycott_tncs,driver,managers,sf_normal_ocean,False,
wildcat_strike-boycott_tncs,driver,students,sf_normal_ocean,False,
wildcat_strike-boycott_tncs,general,bank_tellers,sf_normal_ocean,True,80144.0
wildcat_strike-boycott_tncs,general,general,sf_normal_ocean,False,
wildcat_strike-boycott_tncs,general,managers,sf_normal_ocean,True,80031.0
wildcat_strike-boycott_tncs,general,students,sf_normal_ocean,True,80054.0
wildcat_strike-long_rides,driver,bank_tellers,sf_normal_ocean,True,88071.0
wildcat_strike-long_rides,driver,general,sf_normal_ocean,False,
wildcat_strike-long_rides,driver,managers,sf_normal_ocean,False,
wildcat_strike-long_rides,driver,students,sf_normal_ocean,True,85529.0
wildcat_strike-long_rides,general,bank_tellers,sf_normal_ocean,False,
wildcat_strike-long_rides,general,general,sf_normal_ocean,False,
wildcat_strike-long_rides,general,managers,sf_normal_ocean,False,
wildcat_strike-long_rides,general,students,sf_normal_ocean,False,
wildcat_strike,driver,bank_tellers,sf_normal_ocean,False,
wildcat_strike,driver,general,sf_normal_ocean,False,
wildcat_strike,driver,managers,sf_normal_ocean,False,
wildcat_strike,driver,students,sf_normal_ocean,False,
wildcat_strike,general,bank_tellers,sf_normal_ocean,False,
wildcat_strike,general,general,sf_normal_ocean,False,
wildcat_strike,general,managers,sf_normal_ocean,False,
wildcat_strike,general,students,sf_normal_ocean,False,
