metric,family,dz
drivers_acceptance_rate,driver_decisions,0.7968063544824144
passengers_rating_avg,passenger_experience,0.7822160054221303
drivers_starting,supply,0.3453730607711188
rides_failed,other,-0.33370430082310143
drivers_removed,supply,-0.2750907298201648
drivers_idle_duration_avg,supply,-0.22341567372963042
drivers_reject,driver_decisions,-0.1915116683506693
passengers_reject,passenger_decisions,-0.15030147072788383
drivers_change_zone,driver_decisions,-0.14755142653795716
passengers_unassigned,demand,-0.12979522907887886
passengers_change_provider,passenger_decisions,-0.12740148194112114
rides_partial_acceptances,matching,-0.12277837125477271
passengers_drivers_ratio,demand,-0.12231891218278951
rides_offers_lyft,matching,-0.11406691555780221
drivers_pickup_reject,driver_decisions,-0.10699270161097156
drivers_change_provider,driver_decisions,-0.1014072697120388
rides_offers_generated,matching,-0.09847785792911871
passengers_offers_discarded,passenger_decisions,-0.09337123215521208
passengers_accept,passenger_decisions,-0.089098285809593
rides_offers_uber,matching,-0.08685541111093437
drivers_pickup,supply,0.06736676437925161
drivers_pickup_accept,driver_decisions,0.06175229370306444
passengers_acceptance_rate,passenger_decisions,0.05388763600436829
drivers_accept,driver_decisions,0.05187915079411275
rides_dispatched,matching,0.05187915079411275
passengers_departures,demand,0.05130827067547364
rides_in_progress,matching,0.04426522405963659
drivers_shift_duration_avg,supply,-0.042045658568774735
traffic_length_avg,trip,-0.04195065614622785
traffic_duration_avg,trip,-0.0416338999064457
passengers_pickup_accept,passenger_decisions,0.033832696010311
rides_waiting_duration_avg,passenger_experience,-0.030693353466142537
drivers_passengers_served,supply,-0.030337350555018357
rides_length_avg,trip,0.022363874169245325
passengers_ratings_count,passenger_experience,0.021612618350792014
passengers_arrivals,demand,0.019125370007472105
drivers_occupied_duration_avg,supply,-0.018947035150270124
drivers_busy,supply,0.017252050380187876
drivers_waiting,supply,0.017104565775895225
passengers_no_ratings_count,passenger_experience,0.013845489646155954
rides_offers_price_uber_avg,market,0.012974186956116811
drivers_occupied_distance_avg,supply,-0.012714240578385194
drivers_idle,supply,0.010554636113421386
rides_offers_radius_avg,matching,0.010087473833090048
rides_duration_avg,trip,-0.009490684869971167
drivers_total_length_avg,supply,-0.008521900765132958
rides_offers_price_no_surge_avg,market,0.00648545170641382
rides_offers_price_lyft_avg,market,0.006285687174555646
traffic_speed_avg,trip,0.004774091416304944
passengers_pickup_reject,passenger_decisions,0.0036205237626941622
