metric,family,gap,prevented,stillFails
passengers_rating_avg,passenger_experience,0.9759695419217501,1.3145630282885394,0.3385934863667893
drivers_acceptance_rate,driver_decisions,0.3388473519063797,0.9816321827949851,0.6427848308886054
rides_offers_price_uber_avg,market,-0.3328301983704171,-0.16856955760956524,0.16426064076085187
rides_offers_price_no_surge_avg,market,-0.3070853113549012,-0.16101562721444138,0.14606968414045982
rides_offers_price_lyft_avg,market,-0.2806929503698976,-0.14681955848175213,0.13387339188814545
drivers_idle_duration_avg,supply,-0.21169116211203337,-0.3388835803361941,-0.12719241822416072
drivers_removed,supply,-0.14177533067685574,-0.35242272837117705,-0.2106473976943213
drivers_pickup_reject,driver_decisions,-0.13750389827244922,-0.1819948279413984,-0.044490929668949186
passengers_pickup_reject,passenger_decisions,-0.12568999065438644,-0.06493765295788026,0.06075233769650617
traffic_length_avg,trip,-0.09857129500007195,-0.095716817055358,0.002854477944713945
drivers_starting,supply,0.09532331523525434,0.3973675963539848,0.30204428111873044
drivers_pickup,supply,-0.0912943052058334,0.017569870630615207,0.10886417583644861
traffic_duration_avg,trip,-0.08940091883610173,-0.09039803745341027,-0.0009971186173085489
traffic_speed_avg,trip,0.08213632553128139,0.04957572352427661,-0.03256060200700478
passengers_acceptance_rate,passenger_decisions,0.07348823402127978,0.09397212728870272,0.020483893267422938
drivers_shift_duration_avg,supply,-0.07149231967922265,-0.08104146930289619,-0.009549149623673538
passengers_reject,passenger_decisions,-0.05876754337607762,-0.18235649438756252,-0.1235889510114849
drivers_passengers_served,supply,-0.05190778491598238,-0.058650687781917836,-0.0067429028659354556
rides_offers_uber,matching,-0.05169576831127605,-0.11505310291708494,-0.06335733460580889
drivers_change_zone,driver_decisions,-0.051347873810452804,-0.17555935770729506,-0.12421148389684225
passengers_change_provider,passenger_decisions,-0.049722442979878004,-0.15452281447560004,-0.10480037149572204
passengers_departures,demand,0.045914687179324315,0.07635264550055963,0.03043795832123532
passengers_pickup_accept,passenger_decisions,-0.04412550015211346,0.009764241381885475,0.05388974153399893
rides_length_avg,trip,0.038879635405934206,0.04357094802702762,0.004691312621093418
rides_partial_acceptances,matching,-0.03796487434239547,-0.14348648453244298,-0.10552161019004751
drivers_total_length_avg,supply,-0.037940739664716096,-0.029216849673159923,0.008723889991556173
rides_failed,other,0.03660194555069107,-0.3137396032499972,-0.3503415488006883
passengers_ratings_count,passenger_experience,0.03622790590167049,0.041373294297157734,0.005145388395487241
drivers_pickup_accept,driver_decisions,-0.034744923736569545,0.04280051711948104,0.07754544085605058
passengers_arrivals,demand,0.033348357415317144,0.03731538314309964,0.003967025727782496
passengers_offers_discarded,passenger_decisions,-0.029901501552809295,-0.10968114209310807,-0.07977964054029878
rides_offers_generated,matching,-0.029478385053219938,-0.11455697704905686,-0.08507859199583692
rides_duration_avg,trip,-0.028242942901172508,-0.0248959264524289,0.0033470164487436095
passengers_accept,passenger_decisions,-0.024954318490391675,-0.10270973225889755,-0.07775541376850588
drivers_busy,supply,-0.022397069183127748,0.0050354671893909205,0.02743253637251867
drivers_idle,supply,0.02214328172989516,0.022632789784273293,0.0004895080543781336
passengers_drivers_ratio,demand,-0.022125453556039135,-0.1343873413951745,-0.11226188783913536
passengers_no_ratings_count,passenger_experience,0.021719204063881916,0.02569232822645518,0.0039731241625732645
drivers_change_provider,driver_decisions,-0.020906910788845892,-0.11281103923322748,-0.09190412844438159
passengers_unassigned,demand,-0.01524516443642221,-0.13811077331692737,-0.12286560888050516
drivers_occupied_distance_avg,supply,0.01379859952463651,-0.005187731746765286,-0.018986331271401796
rides_waiting_duration_avg,passenger_experience,0.01280368831554482,-0.023709523475845366,-0.036513211791390186
rides_offers_lyft,matching,0.00908242290091052,-0.1091128667027601,-0.11819528960367062
drivers_waiting,supply,0.007953868085316956,0.021443039276977202,0.013489171191660246
drivers_reject,driver_decisions,-0.007268667008596075,-0.19547639580990353,-0.18820772880130746
rides_in_progress,matching,-0.006506475147221934,0.04071623761569736,0.04722271276291929
rides_offers_radius_avg,matching,-0.0028517956617118544,0.008531948926701763,0.011383744588413618
drivers_occupied_duration_avg,supply,0.002676652339574384,-0.01748704296504773,-0.020163695304622115
rides_dispatched,matching,0.00019755312810987302,0.051986907045809036,0.05178935391769916
drivers_accept,driver_decisions,0.00019755312810987302,0.051986907045809036,0.05178935391769916
