scenario,personality,metric,family,is_compound,level,reference_level,scenario_effect,personality_effect,interaction_effect,total_effect,scale,scenario_effect_z,personality_effect_z,interaction_effect_z,total_effect_z,scen_dev,scen_dev_z,pers_dev,pers_dev_z
normal,baseline,failed_requests,other,False,0.1769158279342266,0.1769158279342266,0.0,0.0,0.0,0.0,0.04321672156934756,0.0,0.0,0.0,0.0,0.0,0.0,0.0,0.0
normal,bank_tellers,failed_requests,other,False,0.16755254074253864,0.1769158279342266,0.0,-0.009363287191687969,0.0,-0.009363287191687969,0.04321672156934756,0.0,-0.21665889617895245,0.0,-0.21665889617895245,0.0,0.0,-0.009363287191687969,-0.21665889617895245
normal,students,failed_requests,other,False,0.17453762634538922,0.1769158279342266,0.0,-0.002378201588837392,0.0,-0.002378201588837392,0.04321672156934756,0.0,-0.05502966218807734,0.0,-0.05502966218807734,0.0,0.0,-0.002378201588837392,-0.05502966218807734
normal,managers,failed_requests,other,False,0.18137473442072188,0.1769158279342266,0.0,0.004458906486495273,0.0,0.004458906486495273,0.04321672156934756,0.0,0.10317549144352156,0.0,0.10317549144352156,0.0,0.0,0.004458906486495273,0.10317549144352156
normal,drivers,failed_requests,other,False,0.16390570987636457,0.1769158279342266,0.0,-0.013010118057862036,0.0,-0.013010118057862036,0.04321672156934756,0.0,-0.3010436142636455,0.0,-0.3010436142636455,0.0,0.0,-0.013010118057862036,-0.3010436142636455
normal,bank_tellers_drivers,failed_requests,other,False,0.18338690595830826,0.1769158279342266,0.0,0.0064710780240816446,0.0,0.0064710780240816446,0.04321672156934756,0.0,0.14973551415041633,0.0,0.14973551415041633,0.0,0.0,0.0064710780240816446,0.14973551415041633
normal,students_drivers,failed_requests,other,False,0.16371726597520223,0.1769158279342266,0.0,-0.013198561959024385,0.0,-0.013198561959024385,0.04321672156934756,0.0,-0.30540405379536617,0.0,-0.30540405379536617,0.0,0.0,-0.013198561959024385,-0.30540405379536617
normal,managers_drivers,failed_requests,other,False,0.1820937283904045,0.1769158279342266,0.0,0.005177900456177886,0.0,0.005177900456177886,0.04321672156934756,0.0,0.1198124306553237,0.0,0.1198124306553237,0.0,0.0,0.005177900456177886,0.1198124306553237
boycott_tncs,baseline,failed_requests,other,False,0.11516619779543094,0.15312667542794098,-0.03796047763251004,0.0,0.0,-0.03796047763251004,0.04321672156934756,-0.8783747645363817,0.0,0.0,-0.8783747645363817,-0.03796047763251004,-0.8783747645363817,0.0,0.0
boycott_tncs,bank_tellers,failed_requests,other,False,0.1325576162280247,0.15312667542794098,-0.03796047763251004,0.01371314930278178,0.0036782691298119785,-0.02056905919991628,0.04321672156934756,-0.8783747645363817,0.31731118892896637,0.08511217409006042,-0.47595140151735504,-0.03428220850269806,-0.7932625904463213,0.017391418432593758,0.4024233630190268
boycott_tncs,students,failed_requests,other,False,0.13861245268672318,0.15312667542794098,-0.03796047763251004,0.008180245912355416,0.015266008978936818,-0.014514222741217803,0.04321672156934756,-0.8783747645363817,0.18928427736539463,0.35324310647766904,-0.3358473806933181,-0.02269446865357322,-0.5251316580587126,0.023446254891292234,0.5425273838430636
boycott_tncs,managers,failed_requests,other,False,0.12979481871965382,0.15312667542794098,-0.03796047763251004,0.019040010891920006,-0.004411389967697132,-0.023331856708287163,0.04321672156934756,-0.8783747645363817,0.4405704597783411,-0.1020759976116747,-0.5398803023697154,-0.04237186760020717,-0.9804507621480565,0.014628620924222874,0.3384944621666664
boycott_tncs,drivers,failed_requests,other,False,0.13716134278451025,0.15312667542794098,-0.03796047763251004,0.003014931312212449,0.018980213676866864,-0.015965332643430724,0.04321672156934756,-0.8783747645363817,0.06976307324410413,0.4391868005630721,-0.36942489072920554,-0.018980263955643173,-0.43918796397330967,0.021995144989079313,0.5089498738071763
boycott_tncs,bank_tellers_drivers,failed_requests,other,False,0.12593134162276237,0.15312667542794098,-0.03796047763251004,0.03641235580476715,-0.02564721197743572,-0.027195333805178606,0.04321672156934756,-0.8783747645363817,0.842552476969781,-0.5934557515262006,-0.6292780390928013,-0.06360768960994576,-1.4718305160625822,0.01076514382733143,0.2490967254435804
boycott_tncs,students_drivers,failed_requests,other,False,0.12258474582004965,0.15312667542794098,-0.03796047763251004,0.010271950526573925,-0.0028534025019552184,-0.03054192960789133,0.04321672156934756,-0.8783747645363817,0.2376846311696984,-0.06602542715732188,-0.7067155605240053,-0.040813880134465255,-0.9444001916937036,0.007418548024618707,0.17165920401237653
boycott_tncs,managers_drivers,failed_requests,other,False,0.15510640559494404,0.15312667542794098,-0.03796047763251004,0.023166518985115098,0.016773688814398002,0.001979730167003063,0.04321672156934756,-0.8783747645363817,0.5360545211172723,0.38812959903684874,0.04580935561773921,-0.021186788818112035,-0.490245165499533,0.0399402077995131,0.924184120154121
flash_mob,baseline,failed_requests,other,False,0.2162694780702931,0.1769158279342266,0.03935365013606648,0.0,0.0,0.03935365013606648,0.04321672156934756,0.9106116500049126,0.0,0.0,0.9106116500049126,0.03935365013606648,0.9106116500049126,0.0,0.0
flash_mob,bank_tellers,failed_requests,other,False,0.2394442881949729,0.1769158279342266,0.03935365013606648,-0.009363287191687969,0.03253809731636778,0.0625284602607463,0.04321672156934756,0.9106116500049126,-0.21665889617895245,0.7529052675630574,1.4468580213890176,0.07189174745243426,1.66351691756797,0.023174810124679812,0.536246371384105
flash_mob,students,failed_requests,other,False,0.22152168260198327,0.1769158279342266,0.03935365013606648,-0.002378201588837392,0.007630406120527566,0.044605854667756656,0.04321672156934756,0.9106116500049126,-0.05502966218807734,0.176561429082108,1.0321434168989434,0.04698405625659405,1.0871730790870207,0.005252204531690174,0.12153176689403067
flash_mob,managers,failed_requests,other,False,0.2284754674904993,0.1769158279342266,0.03935365013606648,0.004458906486495273,0.00774708293371093,0.051559639556272685,0.04321672156934756,0.9106116500049126,0.10317549144352156,0.17926123621569953,1.1930483776641339,0.04710073306977741,1.0898728862206122,0.012205989420206204,0.2824367276592211
flash_mob,drivers,failed_requests,other,False,0.23746177701998633,0.1769158279342266,0.03935365013606648,-0.013010118057862036,0.034202417007555275,0.06054594908575972,0.04321672156934756,0.9106116500049126,-0.3010436142636455,0.7914162797534858,1.400984315494753,0.07355606714362176,1.7020279297583985,0.02119229894969324,0.4903726654898403
flash_mob,bank_tellers_drivers,failed_requests,other,False,0.25374831554247906,0.1769158279342266,0.03935365013606648,0.0064710780240816446,0.031007759448104327,0.07683248760825245,0.04321672156934756,0.9106116500049126,0.14973551415041633,0.7174944864419629,1.7778416505972918,0.07036140958417081,1.6281061364468754,0.03747883747218597,0.8672300005923792
flash_mob,students_drivers,failed_requests,other,False,0.2251622135071494,0.1769158279342266,0.03935365013606648,-0.013198561959024385,0.0220912973958807,0.048246385572922795,0.04321672156934756,0.9106116500049126,-0.30540405379536617,0.5111747627693595,1.116382358978906,0.06144494753194718,1.421786412774272,0.008892735436856314,0.2057707089739933
flash_mob,managers_drivers,failed_requests,other,False,0.2309627240353078,0.1769158279342266,0.03935365013606648,0.005177900456177886,0.009515345508836814,0.05404689610108118,0.04321672156934756,0.9106116500049126,0.1198124306553237,0.22017740271131045,1.2506014833715469,0.048868995644903296,1.130789052716223,0.0146932459650147,0.33998983336663413
long_rides,baseline,failed_requests,other,False,0.18274330434190142,0.14543362349422193,0.037309680847679494,0.0,0.0,0.037309680847679494,0.04321672156934756,0.8633158530503209,0.0,0.0,0.8633158530503209,0.037309680847679494,0.8633158530503209,0.0,0.0
long_rides,bank_tellers,failed_requests,other,False,0.21183670234826713,0.14543362349422193,0.037309680847679494,0.008490069449887672,0.020603328556478034,0.0664030788540452,0.04321672156934756,0.8633158530503209,0.19645334355740315,0.47674436672427767,1.5365135633320017,0.05791300940415753,1.3400602197745985,0.029093398006365706,0.6731977102816809
long_rides,students,failed_requests,other,False,0.1945621988562205,0.14543362349422193,0.037309680847679494,0.00110164297117063,0.010717251543148454,0.04912857536199858,0.04321672156934756,0.8633158530503209,0.025491127766433704,0.24798853670450346,1.136795517521258,0.04802693239082795,1.1113043897548243,0.011818894514319084,0.2734796644709372
long_rides,managers,failed_requests,other,False,0.20873217688533455,0.14543362349422193,0.037309680847679494,0.011631264753731885,0.014357607789701243,0.06329855339111262,0.04321672156934756,0.8633158530503209,0.2691380634939607,0.33222343732535004,1.4646773538696316,0.05166728863738074,1.195539290375671,0.025988872543433128,0.6013615008193107
long_rides,drivers,failed_requests,other,False,0.21756882325154991,0.14543362349422193,0.037309680847679494,0.008142778839088621,0.026682740070559874,0.07213519975732799,0.04321672156934756,0.8633158530503209,0.18841731957900462,0.6174170344630031,1.6691502070923288,0.06399242091823937,1.4807328875133239,0.034825518909648495,0.8058343540420078
long_rides,bank_tellers_drivers,failed_requests,other,False,0.2355477103023211,0.14543362349422193,0.037309680847679494,0.03396251639764536,0.018841889562774328,0.09011408680809918,0.04321672156934756,0.8633158530503209,0.7858651735798035,0.4359860923864795,2.085167119016604,0.05615157041045382,1.2993019454368004,0.05280440596041969,1.221851265966283
long_rides,students_drivers,failed_requests,other,False,0.21909304486173678,0.14543362349422193,0.037309680847679494,0.014025150429520655,0.022324590090314705,0.07365942136751485,0.04321672156934756,0.8633158530503209,0.32453064277481686,0.5165729671208777,1.7044194629460154,0.0596342709379942,1.3798888201711987,0.03634974051983536,0.8411036098956945
long_rides,managers_drivers,failed_requests,other,False,0.22213376209171218,0.14543362349422193,0.037309680847679494,0.032118552300362535,0.007271905449448224,0.07670013859749025,0.04321672156934756,0.8633158530503209,0.7431973350598474,0.1682660133712222,1.7747792014813906,0.04458158629712772,1.031581866421543,0.03939045774981076,0.9114633484310697
underground_alarm,baseline,failed_requests,other,False,0.1774443378191516,0.16192873540320069,0.015515602415950902,0.0,0.0,0.015515602415950902,0.04321672156934756,0.3590184968346996,0.0,0.0,0.3590184968346996,0.015515602415950902,0.3590184968346996,0.0,0.0
underground_alarm,bank_tellers,failed_requests,other,False,0.20816569636124474,0.16192873540320069,0.015515602415950902,0.005473969760730585,0.025247388781362567,0.046236960958044054,0.04321672156934756,0.3590184968346996,0.1266632350153354,0.5842041659927728,1.0698858978428079,0.04076299119731347,0.9432226628274725,0.030721358542093152,0.7108674010081082
underground_alarm,students,failed_requests,other,False,0.17886291841852833,0.16192873540320069,0.015515602415950902,0.004450347843985153,-0.0030317672446084076,0.016934183015327647,0.04321672156934756,0.3590184968346996,0.10297745137478598,-0.07015264310929956,0.39184330510018606,0.012483835171342494,0.2888658537254001,0.0014185805993767453,0.03282480826548642
underground_alarm,managers,failed_requests,other,False,0.19521784049136331,0.16192873540320069,0.015515602415950902,0.015304283163796617,0.0024692195084151103,0.03328910508816263,0.04321672156934756,0.3590184968346996,0.3541287401738388,0.057135743266709525,0.7702829802752479,0.017984821924366012,0.4161542401014091,0.017773502672211727,0.4112644834405483
underground_alarm,drivers,failed_requests,other,False,0.17685798578696788,0.16192873540320069,0.015515602415950902,-0.001830708084542998,0.0012443560523592856,0.01492925038376719,0.04321672156934756,0.3590184968346996,-0.042361105101537115,0.028793393093516684,0.3454507848266792,0.016759958468310188,0.3878118899282163,-0.0005863520321837123,-0.01356771200802043
underground_alarm,bank_tellers_drivers,failed_requests,other,False,0.20920931414100224,0.16192873540320069,0.015515602415950902,0.016918406624361698,0.01484656969748896,0.04728057873780156,0.04321672156934756,0.3590184968346996,0.39147825216713017,0.34353762058663945,1.0940343695884691,0.03036217211343986,0.702556117421339,0.03176497632185066,0.7350158727537697
underground_alarm,students_drivers,failed_requests,other,False,0.19168206766293375,0.16192873540320069,0.015515602415950902,0.0025122138128776117,0.011725516030904548,0.029753332259733062,0.04321672156934756,0.3590184968346996,0.05813059671466279,0.27131896185344,0.6884680554028024,0.02724111844685545,0.6303374586881396,0.01423772984378216,0.3294495585681028
underground_alarm,managers_drivers,failed_requests,other,False,0.200938536776813,0.16192873540320069,0.015515602415950902,0.016889808610950047,0.00660439034671137,0.03900980137361232,0.04321672156934756,0.3590184968346996,0.39081651725589306,0.15282025352417483,0.9026552676147676,0.02211999276266227,0.5118387503588744,0.023494198957661416,0.5436367707800679
wildcat_strike,baseline,failed_requests,other,False,0.17039804369246447,0.15312667542794098,0.017271368264523496,0.0,0.0,0.017271368264523496,0.04321672156934756,0.39964549918042847,0.0,0.0,0.39964549918042847,0.017271368264523496,0.39964549918042847,0.0,0.0
wildcat_strike,bank_tellers,failed_requests,other,False,0.21270835940919167,0.15312667542794098,0.017271368264523496,0.01371314930278178,0.028597166413945413,0.05958168398125069,0.04321672156934756,0.39964549918042847,0.31731118892896637,0.6617153123949273,1.378672000504322,0.04586853467846891,1.061360811575356,0.04231031571672719,0.9790265013238937
wildcat_strike,students,failed_requests,other,False,0.17444538170025448,0.15312667542794098,0.017271368264523496,0.008180245912355416,-0.004132907904565414,0.021318706272313498,0.04321672156934756,0.39964549918042847,0.18928427736539463,-0.09563214780032672,0.4932976287454964,0.013138460359958082,0.30401335138010177,0.004047338007790002,0.09365212956506791
wildcat_strike,managers,failed_requests,other,False,0.19469205535518744,0.15312667542794098,0.017271368264523496,0.019040010891920006,0.005254000770802958,0.04156537992724646,0.04321672156934756,0.39964549918042847,0.4405704597783411,0.12157333041499097,0.9617892893737605,0.022525369035326454,0.5212188295954194,0.024294011662722964,0.562143790193332
wildcat_strike,drivers,failed_requests,other,False,0.16920549217770073,0.15312667542794098,0.017271368264523496,0.003014931312212449,-0.004207482826976194,0.01607881674975975,0.04321672156934756,0.39964549918042847,0.06976307324410413,-0.09735775121730768,0.37205082120722494,0.013063885437547301,0.3022877479631208,-0.0011925515147637455,-0.027594677973203544
wildcat_strike,bank_tellers_drivers,failed_requests,other,False,0.20106104675496397,0.15312667542794098,0.017271368264523496,0.03641235580476715,-0.005749352742267649,0.047934371327022995,0.04321672156934756,0.39964549918042847,0.842552476969781,-0.13303537458393205,1.1091626015662774,0.011522015522255846,0.2666101245964964,0.0306630030624995,0.7095171023858489
wildcat_strike,students_drivers,failed_requests,other,False,0.17328787595203488,0.15312667542794098,0.017271368264523496,0.010271950526573925,-0.0073821182670035235,0.020161200524093897,0.04321672156934756,0.39964549918042847,0.2376846311696984,-0.17081624887158164,0.4665138814785452,0.009889249997519972,0.22882925030884682,0.002889832259570402,0.06686838229811676
wildcat_strike,managers_drivers,failed_requests,other,False,0.17882910009227213,0.15312667542794098,0.017271368264523496,0.023166518985115098,-0.014735462585307446,0.025702424664331147,0.04321672156934756,0.39964549918042847,0.5360545211172723,-0.340966691831592,0.5947333284661087,0.0025359056792160495,0.05867880734883646,0.008431056399807652,0.19508782928568025
boycott_tncs-long_rides,baseline,failed_requests,other,True,0.1106522589491605,0.14543362349422193,-0.03478136454506142,0.0,0.0,-0.03478136454506142,0.04321672156934756,-0.8048126577405837,0.0,0.0,-0.8048126577405837,-0.03478136454506142,-0.8048126577405837,0.0,0.0
boycott_tncs-long_rides,bank_tellers,failed_requests,other,True,0.1371578893010752,0.14543362349422193,-0.03478136454506142,0.008490069449887672,0.018015560902027022,-0.008275734193146728,0.04321672156934756,-0.8048126577405837,0.19645334355740315,0.4168655151945854,-0.19149379898859517,-0.0167658036430344,-0.3879471425459983,0.026505630351914694,0.6133188587519885
boycott_tncs-long_rides,students,failed_requests,other,True,0.12523737375376232,0.14543362349422193,-0.03478136454506142,0.00110164297117063,0.013483471833431182,-0.02019624974045961,0.04321672156934756,-0.8048126577405837,0.025491127766433704,0.3119966379632702,-0.4673248920108798,-0.02129789271163024,-0.49281601977731354,0.014585114804601812,0.3374877657297039
boycott_tncs-long_rides,managers,failed_requests,other,True,0.1289168780830169,0.14543362349422193,-0.03478136454506142,0.011631264753731885,0.006633354380124523,-0.016516745411205014,0.04321672156934756,-0.8048126577405837,0.2691380634939607,0.15349045784235008,-0.38218413640427296,-0.0281480101649369,-0.6513221998982337,0.018264619133856408,0.4226285213363108
boycott_tncs-long_rides,drivers,failed_requests,other,True,0.11924370350026711,0.14543362349422193,-0.03478136454506142,0.008142778839088621,0.0004486657120179871,-0.026189919993954813,0.04321672156934756,-0.8048126577405837,0.18841731957900462,0.01038176186729105,-0.6060135762942881,-0.034332698833043435,-0.7944308958732927,0.008591444551106608,0.19879908144629568
boycott_tncs-long_rides,bank_tellers_drivers,failed_requests,other,True,0.1360931167984383,0.14543362349422193,-0.03478136454506142,0.03396251639764536,-0.008521658548367561,-0.009340506695783624,0.04321672156934756,-0.8048126577405837,0.7858651735798035,-0.1971842897590765,-0.21613177391985675,-0.04330302309342898,-1.0019969474996602,0.025440857849277798,0.5886808838207269
boycott_tncs-long_rides,students_drivers,failed_requests,other,True,0.12739088310686103,0.14543362349422193,-0.03478136454506142,0.014025150429520655,0.0027134737281798715,-0.018042740387360895,0.04321672156934756,-0.8048126577405837,0.32453064277481686,0.06278758845290255,-0.41749442651286434,-0.03206789081688155,-0.7420250692876812,0.016738624157700527,0.3873182312277194
boycott_tncs-long_rides,managers_drivers,failed_requests,other,True,0.13724648098881367,0.14543362349422193,-0.03478136454506142,0.032118552300362535,-0.005524330260709365,-0.008187142505408251,0.04321672156934756,-0.8048126577405837,0.7431973350598474,-0.12782853627258067,-0.18944385895331697,-0.040305694805770786,-0.9326411940131645,0.02659422203965317,0.6153687987872667
flash_mob-boycott_tncs,baseline,failed_requests,other,True,0.2227877460466708,0.15312667542794098,0.06966107061872981,0.0,0.0,0.06966107061872981,0.04321672156934756,1.6119008589522095,0.0,0.0,1.6119008589522095,0.06966107061872981,1.6119008589522095,0.0,0.0
flash_mob-boycott_tncs,bank_tellers,failed_requests,other,True,0.23696832523934544,0.15312667542794098,0.06966107061872981,0.01371314930278178,0.00046742988989287304,0.08384164981140446,0.04321672156934756,1.6119008589522095,0.31731118892896637,0.01081594977404321,1.940027997655219,0.07012850050862268,1.6227168087262527,0.014180579192674653,0.3281271387030096
flash_mob-boycott_tncs,students,failed_requests,other,True,0.22556475207230292,0.15312667542794098,0.06966107061872981,0.008180245912355416,-0.005403239886723282,0.07243807664436194,0.04321672156934756,1.6119008589522095,0.18928427736539463,-0.12502660291001,1.676158533407594,0.06425783073200653,1.4868742560421995,0.002777006025632134,0.06425767445538463
flash_mob-boycott_tncs,managers,failed_requests,other,True,0.2612264372243235,0.15312667542794098,0.06966107061872981,0.019040010891920006,0.01939868028573269,0.1080997617963825,0.04321672156934756,1.6119008589522095,0.4405704597783411,0.4488697795968781,2.5013410983274285,0.0890597509044625,2.0607706385490876,0.038438691177652695,0.8894402393752192
flash_mob-boycott_tncs,drivers,failed_requests,other,True,0.24119014305982078,0.15312667542794098,0.06966107061872981,0.003014931312212449,0.015387465700937547,0.0880634676318798,0.04321672156934756,1.6119008589522095,0.06976307324410413,0.3560535168371368,2.03771744903345,0.08504853631966736,1.9679543757893463,0.018402397013149996,0.42581659008124095
flash_mob-boycott_tncs,bank_tellers_drivers,failed_requests,other,True,0.25326853482577527,0.15312667542794098,0.06966107061872981,0.03641235580476715,-0.005931567025662665,0.10014185939783429,0.04321672156934756,1.6119008589522095,0.842552476969781,-0.13725166579664302,2.3172016701253475,0.06372950359306714,1.4746491931555665,0.030480788779104484,0.7053008111731379
flash_mob-boycott_tncs,students_drivers,failed_requests,other,True,0.21815793253010524,0.15312667542794098,0.06966107061872981,0.010271950526573925,-0.014901764043139476,0.06503125710216426,0.04321672156934756,1.6119008589522095,0.2376846311696984,-0.34481477312496767,1.5047707169969402,0.05475930657559033,1.2670860858272417,-0.004629813516565551,-0.10713014195526926
flash_mob-boycott_tncs,managers_drivers,failed_requests,other,True,0.2623709949806378,0.15312667542794098,0.06966107061872981,0.023166518985115098,0.016416729948851932,0.10924431955269684,0.04321672156934756,1.6119008589522095,0.5360545211172723,0.37986985945958174,2.5278252395290632,0.08607780056758174,1.9917707184117912,0.03958324893396703,0.915924380576854
flash_mob-long_rides,baseline,failed_requests,other,True,0.24461270886345765,0.14543362349422193,0.09917908536923573,0.0,0.0,0.09917908536923573,0.04321672156934756,2.294923857426074,0.0,0.0,2.294923857426074,0.09917908536923573,2.294923857426074,0.0,0.0
flash_mob-long_rides,bank_tellers,failed_requests,other,True,0.28003102013506737,0.14543362349422193,0.09917908536923573,0.008490069449887672,0.026928241821722043,0.13459739664084544,0.04321672156934756,2.294923857426074,0.19645334355740315,0.6230977465172071,3.1144749475006845,0.12610732719095777,2.918021603943281,0.035418311271609715,0.8195510900746102
flash_mob-long_rides,students,failed_requests,other,True,0.2496753605787861,0.14543362349422193,0.09917908536923573,0.00110164297117063,0.003961008744157807,0.10424173708456416,0.04321672156934756,2.294923857426074,0.025491127766433704,0.09165454019462786,2.412069525387136,0.10314009411339353,2.386578397620702,0.005062651715328437,0.11714566796106157
flash_mob-long_rides,managers,failed_requests,other,True,0.2628420753582941,0.14543362349422193,0.09917908536923573,0.011631264753731885,0.0065981017411045895,0.1174084518640722,0.04321672156934756,2.294923857426074,0.2691380634939607,0.15267474027424704,2.716736661194282,0.10577718711034031,2.447598597700321,0.018229366494836474,0.42181280376820773
flash_mob-long_rides,drivers,failed_requests,other,True,0.26658258279250635,0.14543362349422193,0.09917908536923573,0.008142778839088621,0.013827095089960079,0.12114895929828443,0.04321672156934756,2.294923857426074,0.18841731957900462,0.3199478023286074,2.803288979333686,0.1130061804591958,2.6148716597546815,0.0219698739290487,0.5083651219076121
flash_mob-long_rides,bank_tellers_drivers,failed_requests,other,True,0.2813204730519594,0.14543362349422193,0.09917908536923573,0.03396251639764536,0.0027452477908563866,0.13588684955773747,0.04321672156934756,2.294923857426074,0.7858651735798035,0.06352281457655769,3.1443118455824353,0.10192433316009211,2.3584466720026316,0.036707764188501746,0.8493879881563612
flash_mob-long_rides,students_drivers,failed_requests,other,True,0.27667921961870073,0.14543362349422193,0.09917908536923573,0.014025150429520655,0.018041360325722428,0.1312455961244788,0.04321672156934756,2.294923857426074,0.32453064277481686,0.41746249300221494,3.0369169932031057,0.11722044569495815,2.712386350428289,0.03206651075524308,0.7419931357770317
flash_mob-long_rides,managers_drivers,failed_requests,other,True,0.29305880982288524,0.14543362349422193,0.09917908536923573,0.032118552300362535,0.01632754865906505,0.1476251863286633,0.04321672156934756,2.294923857426074,0.7431973350598474,0.3778062765095475,3.415927468995469,0.11550663402830078,2.6727301339356213,0.048446100959427585,1.1210036115693949
flash_mob-wildcat_strike,baseline,failed_requests,other,True,0.25519705368197765,0.15312667542794098,0.10207037825403667,0.0,0.0,0.10207037825403667,0.04321672156934756,2.361826037411232,0.0,0.0,2.361826037411232,0.10207037825403667,2.361826037411232,0.0,0.0
flash_mob-wildcat_strike,bank_tellers,failed_requests,other,True,0.26394637737105914,0.15312667542794098,0.10207037825403667,0.01371314930278178,-0.00496382561370029,0.11081970194311816,0.04321672156934756,2.361826037411232,0.31731118892896637,-0.11485891186204637,2.564278314478152,0.09710655264033638,2.246967125549186,0.00874932368908149,0.20245227706691998
flash_mob-wildcat_strike,students,failed_requests,other,True,0.2451605039056142,0.15312667542794098,0.10207037825403667,0.008180245912355416,-0.018216795688718868,0.09203382847767322,0.04321672156934756,2.361826037411232,0.18928427736539463,-0.42152192547709455,2.129588389299532,0.0838535825653178,1.9403041119341375,-0.010036549776363451,-0.23223764811169992
flash_mob-wildcat_strike,managers,failed_requests,other,True,0.2476615701773901,0.15312667542794098,0.10207037825403667,0.019040010891920006,-0.026575494396507554,0.09453489474944912,0.04321672156934756,2.361826037411232,0.4405704597783411,-0.6149354562646147,2.1874610409249584,0.07549488385752912,1.7468905811466175,-0.007535483504587548,-0.17436499648627357
flash_mob-wildcat_strike,drivers,failed_requests,other,True,0.24676416059824088,0.15312667542794098,0.10207037825403667,0.003014931312212449,-0.011447824395949213,0.0936374851702999,0.04321672156934756,2.361826037411232,0.06976307324410413,-0.2648934019110983,2.166695708744238,0.09062255385808746,2.0969326355001336,-0.008432893083736764,-0.19513032866699415
flash_mob-wildcat_strike,bank_tellers_drivers,failed_requests,other,True,0.27194310033319924,0.15312667542794098,0.10207037825403667,0.03641235580476715,-0.019666309153545558,0.11881642490525826,0.04321672156934756,2.361826037411232,0.842552476969781,-0.45506249524245107,2.7493160191385617,0.08240406910049111,1.906763542168781,0.01674604665122159,0.3874899817273299
flash_mob-wildcat_strike,students_drivers,failed_requests,other,True,0.25269689546028334,0.15312667542794098,0.10207037825403667,0.010271950526573925,-0.01277210874826823,0.09957022003234237,0.04321672156934756,2.361826037411232,0.2376846311696984,-0.2955362712503194,2.303974397330611,0.08929826950576844,2.0662897661609128,-0.002500158221694304,-0.05785164008062099
flash_mob-wildcat_strike,managers_drivers,failed_requests,other,True,0.2469185210659658,0.15312667542794098,0.10207037825403667,0.023166518985115098,-0.031445051601126955,0.09379184563802481,0.04321672156934756,2.361826037411232,0.5360545211172723,-0.7276130733486751,2.170267485179829,0.07062532665290971,1.6342129640625571,-0.008278532616011858,-0.19155855223140283
underground_alarm-flash_mob,baseline,failed_requests,other,True,0.22517186081279722,0.16192873540320069,0.06324312540959653,0.0,0.0,0.06324312540959653,0.04321672156934756,1.4633947951862492,0.0,0.0,1.4633947951862492,0.06324312540959653,1.4633947951862492,0.0,0.0
underground_alarm-flash_mob,bank_tellers,failed_requests,other,True,0.2531579346836246,0.16192873540320069,0.06324312540959653,0.005473969760730585,0.02251210411009677,0.09122919928042389,0.04321672156934756,1.4633947951862492,0.1266632350153354,0.5209118899491901,2.110969920150775,0.0857552295196933,1.9843066851354392,0.027986073870827355,0.6475751249645255
underground_alarm-flash_mob,students,failed_requests,other,True,0.2460555120747175,0.16192873540320069,0.06324312540959653,0.004450347843985153,0.016433303417935113,0.0841267766715168,0.04321672156934756,1.4633947951862492,0.10297745137478598,0.38025335613589917,1.9466256026969344,0.07967642882753165,1.8436481513221483,0.020883651261920266,0.48323080751068515
underground_alarm-flash_mob,managers,failed_requests,other,True,0.23928092237117,0.16192873540320069,0.06324312540959653,0.015304283163796617,-0.0011952216054238463,0.0773521869679693,0.04321672156934756,1.4633947951862492,0.3541287401738388,-0.027656461712532682,1.7898670736475553,0.06204790380417269,1.4357383334737164,0.01410906155837277,0.3264722784613061
underground_alarm-flash_mob,drivers,failed_requests,other,True,0.22212642671437083,0.16192873540320069,0.06324312540959653,-0.001830708084542998,-0.0012147260138833937,0.06019769131117014,0.04321672156934756,1.4633947951862492,-0.042361105101537115,-0.028107777956599227,1.3929259121281128,0.06202839939571314,1.43528701722965,-0.0030454340984263917,-0.07046888305813634
underground_alarm-flash_mob,bank_tellers_drivers,failed_requests,other,True,0.2651092552508693,0.16192873540320069,0.06324312540959653,0.016918406624361698,0.023018987813710395,0.10318051984766863,0.04321672156934756,1.4633947951862492,0.39147825216713017,0.532640769077614,2.3875138164309933,0.08626211322330693,1.9960355642638632,0.039937394438072094,0.9241190212447442
underground_alarm-flash_mob,students_drivers,failed_requests,other,True,0.23233407340210893,0.16192873540320069,0.06324312540959653,0.0025122138128776117,0.0046499987764341,0.07040533799890825,0.04321672156934756,1.4633947951862492,0.05813059671466279,0.10759721255052852,1.6291226044514406,0.06789312418603063,1.5709920077367776,0.007162212589311712,0.16572780926519132
underground_alarm-flash_mob,managers_drivers,failed_requests,other,True,0.24599656416594182,0.16192873540320069,0.06324312540959653,0.016889808610950047,0.00393489474219455,0.08406782876274113,0.04321672156934756,1.4633947951862492,0.39081651725589306,0.09105028330019053,1.9452615957423327,0.06717802015179108,1.5544450784864396,0.020824703353144597,0.4818668005560836
underground_alarm-long_rides,baseline,failed_requests,other,True,0.35583487280161324,0.14543362349422193,0.21040124930739132,0.0,0.0,0.21040124930739132,0.04321672156934756,4.868514817112438,0.0,0.0,4.868514817112438,0.21040124930739132,4.868514817112438,0.0,0.0
underground_alarm-long_rides,bank_tellers,failed_requests,other,True,0.34854739722022293,0.14543362349422193,0.21040124930739132,0.008490069449887672,-0.015777545031277984,0.203113773726001,0.04321672156934756,4.868514817112438,0.19645334355740315,-0.3650796371946123,4.699888523475229,0.19462370427611334,4.503435179917826,-0.0072874755813903125,-0.16862629363720913
underground_alarm-long_rides,students,failed_requests,other,True,0.34246425541749653,0.14543362349422193,0.21040124930739132,0.00110164297117063,-0.014472260355287342,0.1970306319232746,0.04321672156934756,4.868514817112438,0.025491127766433704,-0.3348764050059762,4.559129539872896,0.19592898895210398,4.533638412106463,-0.013370617384116712,-0.3093852772395425
underground_alarm-long_rides,managers,failed_requests,other,True,0.3572310348463292,0.14543362349422193,0.21040124930739132,0.011631264753731885,-0.010235102709015953,0.21179741135210725,0.04321672156934756,4.868514817112438,0.2691380634939607,-0.23683200245979397,4.900820878146606,0.20016614659837537,4.6316828146526445,0.0013961620447159317,0.03230606103416672
underground_alarm-long_rides,drivers,failed_requests,other,True,0.37450887347276735,0.14543362349422193,0.21040124930739132,0.008142778839088621,0.01053122183206548,0.22907524997854542,0.04321672156934756,4.868514817112438,0.18841731957900462,0.2436839595795482,5.300616096270991,0.2209324711394568,5.1121987766919865,0.0186740006711541,0.4321012791585528
underground_alarm-long_rides,bank_tellers_drivers,failed_requests,other,True,0.3958383220531666,0.14543362349422193,0.21040124930739132,0.03396251639764536,0.006040932853907971,0.25040469855894465,0.04321672156934756,4.868514817112438,0.7858651735798035,0.13978230264908942,5.794162293341332,0.2164421821612993,5.008297119761528,0.04000344925155333,0.9256474762288929
underground_alarm-long_rides,students_drivers,failed_requests,other,True,0.3613652024874382,0.14543362349422193,0.21040124930739132,0.014025150429520655,-0.008494820743695702,0.21593157899321627,0.04321672156934756,4.868514817112438,0.32453064277481686,-0.19656328465509623,4.996482175232159,0.20190642856369562,4.671951532457342,0.005530329685824953,0.12796735811972063
underground_alarm-long_rides,managers_drivers,failed_requests,other,True,0.37110168115333264,0.14543362349422193,0.21040124930739132,0.032118552300362535,-0.01685174394864314,0.22566805765911072,0.04321672156934756,4.868514817112438,0.7431973350598474,-0.38993573174221574,5.2217764204300705,0.19354950535874818,4.478579085370223,0.015266808351719396,0.3532616033176317
underground_alarm-wildcat_strike,baseline,failed_requests,other,True,0.20231580761364257,0.15312667542794098,0.04918913218570159,0.0,0.0,0.04918913218570159,0.04321672156934756,1.1381967534666049,0.0,0.0,1.1381967534666049,0.04918913218570159,1.1381967534666049,0.0,0.0
underground_alarm-wildcat_strike,bank_tellers,failed_requests,other,True,0.24777255049178587,0.15312667542794098,0.04918913218570159,0.01371314930278178,0.03174359357536152,0.09464587506384489,0.04321672156934756,1.1381967534666049,0.31731118892896637,0.734521093286178,2.190029035681749,0.08093272576106311,1.8727178467527827,0.0454567428781433,1.0518322822151442
underground_alarm-wildcat_strike,students,failed_requests,other,True,0.22058300901761863,0.15312667542794098,0.04918913218570159,0.008180245912355416,0.010086955491620642,0.06745633358967765,0.04321672156934756,1.1381967534666049,0.18928427736539463,0.23340399561393485,1.5608850264459342,0.05927608767732223,1.3716007490805397,0.018267201403976058,0.4226882729793295
underground_alarm-wildcat_strike,managers,failed_requests,other,True,0.24661022799047824,0.15312667542794098,0.04918913218570159,0.019040010891920006,0.02525440948491567,0.09348355256253726,0.04321672156934756,1.1381967534666049,0.4405704597783411,0.5843666193973384,2.163133832642284,0.07444354167061726,1.7225633728639433,0.044294420376835675,1.0249370791756793
underground_alarm-wildcat_strike,drivers,failed_requests,other,True,0.2237706791089282,0.15312667542794098,0.04918913218570159,0.003014931312212449,0.018439940183073183,0.07064400368098722,0.04321672156934756,1.1381967534666049,0.06976307324410413,0.4266853086827421,1.634645135393451,0.06762907236877477,1.5648820621493469,0.021454871495285632,0.49644838192684626
underground_alarm-wildcat_strike,bank_tellers_drivers,failed_requests,other,True,0.2529666474418757,0.15312667542794098,0.04918913218570159,0.03641235580476715,0.014238484023465975,0.09983997201393471,0.04321672156934756,1.1381967534666049,0.842552476969781,0.3294670096762949,2.310216240112681,0.06342761620916756,1.4676637631428997,0.050650839828233124,1.1720194866460758
underground_alarm-wildcat_strike,students_drivers,failed_requests,other,True,0.22284115369799637,0.15312667542794098,0.04918913218570159,0.010271950526573925,0.010253395557779876,0.06971447827005539,0.04321672156934756,1.1381967534666049,0.2376846311696984,0.23725528419194872,1.613136668828252,0.059442527743481466,1.3754520376585535,0.0205253460843538,0.47493991536164715
underground_alarm-wildcat_strike,managers_drivers,failed_requests,other,True,0.24444339866568932,0.15312667542794098,0.04918913218570159,0.023166518985115098,0.01896107206693165,0.09131672323774834,0.04321672156934756,1.1381967534666049,0.5360545211172723,0.4387438791835663,2.1129951537674434,0.06815020425263324,1.5769406326501711,0.04212759105204675,0.9747984003008385
wildcat_strike-boycott_tncs,baseline,failed_requests,other,True,0.1378101749642492,0.15312667542794098,-0.01531650046369179,0.0,0.0,-0.01531650046369179,0.04321672156934756,-0.3544114386167452,0.0,0.0,-0.3544114386167452,-0.01531650046369179,-0.3544114386167452,0.0,0.0
wildcat_strike-boycott_tncs,bank_tellers,failed_requests,other,True,0.11957760581786972,0.15312667542794098,-0.01531650046369179,0.01371314930278178,-0.03194571844916125,-0.03354906961007126,0.04321672156934756,-0.3544114386167452,0.31731118892896637,-0.7391980994648023,-0.7762983491525811,-0.04726221891285304,-1.0936095380815476,-0.018232569146379468,-0.42188691053583594
wildcat_strike-boycott_tncs,students,failed_requests,other,True,0.14400000683078013,0.15312667542794098,-0.01531650046369179,0.008180245912355416,-0.001990414045824479,-0.009126668597160853,0.04321672156934756,-0.3544114386167452,0.18928427736539463,-0.04605657193664189,-0.21118373318799244,-0.01730691450951627,-0.40046801055338704,0.006189831866530937,0.14322770542875274
wildcat_strike-boycott_tncs,managers,failed_requests,other,True,0.15048292917266112,0.15312667542794098,-0.01531650046369179,0.019040010891920006,-0.006367256683508071,-0.002643746255279855,0.04321672156934756,-0.3544114386167452,0.4405704597783411,-0.14733317226043802,-0.061174151098842076,-0.02168375714719986,-0.5017446108771833,0.012672754208411935,0.29323728751790307
wildcat_strike-boycott_tncs,drivers,failed_requests,other,True,0.13603896801540688,0.15312667542794098,-0.01531650046369179,0.003014931312212449,-0.0047861382610547565,-0.017087707412534098,0.04321672156934756,-0.3544114386167452,0.06976307324410413,-0.11074737016723252,-0.39539573553987356,-0.020102638724746547,-0.4651588087839777,-0.0017712069488423077,-0.04098429692312838
wildcat_strike-boycott_tncs,bank_tellers_drivers,failed_requests,other,True,0.18057460138400946,0.15312667542794098,-0.01531650046369179,0.03641235580476715,0.006352070614993127,0.027447925956068486,0.04321672156934756,-0.3544114386167452,0.842552476969781,0.14698177891167194,0.6351228172647078,-0.008964429848698663,-0.20742965970507324,0.042764426419760276,0.9895342558814529
wildcat_strike-boycott_tncs,students_drivers,failed_requests,other,True,0.13693121523005697,0.15312667542794098,-0.01531650046369179,0.010271950526573925,-0.011150910260766145,-0.01619546019788401,0.04321672156934756,-0.3544114386167452,0.2376846311696984,-0.2580230488532749,-0.37474985630032165,-0.026467410724457935,-0.61243448747002,-0.0008789597341922195,-0.02033841768357647
wildcat_strike-boycott_tncs,managers_drivers,failed_requests,other,True,0.13941049489148916,0.15312667542794098,-0.01531650046369179,0.023166518985115098,-0.02156619905787513,-0.013716180536451822,0.04321672156934756,-0.3544114386167452,0.5360545211172723,-0.4990244117261186,-0.31738132922559154,-0.03688269952156692,-0.8534358503428638,0.0016003199272399682,0.03703010939115364
wildcat_strike-long_rides,baseline,failed_requests,other,True,0.21845868211515868,0.14543362349422193,0.07302505862093675,0.0,0.0,0.07302505862093675,0.04321672156934756,1.6897408218195669,0.0,0.0,1.6897408218195669,0.07302505862093675,1.6897408218195669,0.0,0.0
wildcat_strike-long_rides,bank_tellers,failed_requests,other,True,0.23672242451631662,0.14543362349422193,0.07302505862093675,0.008490069449887672,0.009773672951270268,0.09128880102209469,0.04321672156934756,1.6897408218195669,0.19645334355740315,0.2261548908930303,2.1123490562700002,0.08279873157220702,1.9158957127125973,0.01826374240115794,0.4226082344504335
wildcat_strike-long_rides,students,failed_requests,other,True,0.22149702301182267,0.14543362349422193,0.07302505862093675,0.00110164297117063,0.0019366979254933636,0.07606339951760074,0.04321672156934756,1.6897408218195669,0.025491127766433704,0.04481362433718273,1.7600455739231833,0.07496175654643011,1.7345544461567497,0.0030383408966639935,0.07030475210361643
wildcat_strike-long_rides,managers,failed_requests,other,True,0.24238535469601555,0.14543362349422193,0.07302505862093675,0.011631264753731885,0.012295407827124988,0.09695173120179362,0.04321672156934756,1.6897408218195669,0.2691380634939607,0.28450579730799813,2.243384682621526,0.08532046644806174,1.974246619127565,0.023926672580856873,0.5536438608019588
wildcat_strike-long_rides,drivers,failed_requests,other,True,0.22409621794116658,0.14543362349422193,0.07302505862093675,0.008142778839088621,-0.0025052430130807213,0.07866259444694465,0.04321672156934756,1.6897408218195669,0.18841731957900462,-0.057969298042672944,1.8201888433558986,0.07051981560785603,1.631771523776894,0.0056375358260079,0.13044802153633167
wildcat_strike-long_rides,bank_tellers_drivers,failed_requests,other,True,0.2564379010417486,0.14543362349422193,0.07302505862093675,0.03396251639764536,0.004016702528944538,0.11100427754752665,0.04321672156934756,1.6897408218195669,0.7858651735798035,0.0929432493508132,2.5685492447501836,0.07704176114988129,1.78268407117038,0.0379792189265899,0.8788084229306167
wildcat_strike-long_rides,students_drivers,failed_requests,other,True,0.22413796603714872,0.14543362349422193,0.07302505862093675,0.014025150429520655,-0.008345866507530608,0.0787043425429268,0.04321672156934756,1.6897408218195669,0.32453064277481686,-0.1931166040473117,1.821154860547072,0.06467919211340614,1.496624217772255,0.005679283921990047,0.13141403872750515
wildcat_strike-long_rides,managers_drivers,failed_requests,other,True,0.250143853210805,0.14543362349422193,0.07302505862093675,0.032118552300362535,-0.0004333812047161989,0.10471022971658309,0.04321672156934756,1.6897408218195669,0.7431973350598474,-0.01002809072457695,2.4229100661548375,0.07259167741622055,1.67971273109499,0.031685171095646336,0.7331692443352704
