scenario,personality,metric,family,interaction_effect,interaction_effect_z,level,reference_level
boycott_tncs,bank_tellers,passengers_pickup_reject,passenger_decisions,-0.06387994444444439,-1.2927222395336335,0.06672183333333334,0.12836083333333334
boycott_tncs,bank_tellers,drivers_idle_duration_avg,supply,146.69242438888875,1.236137522821193,738.3932538333332,781.1735767222222
boycott_tncs,bank_tellers,passengers_reject,passenger_decisions,-1.688046111111111,-0.9383779513696459,3.3593336666666667,4.9192779444444446
boycott_tncs,bank_tellers,passengers_rating_avg,passenger_experience,0.010435333333333574,0.4951484984447406,4.895323722222222,4.890071722222222
boycott_tncs,bank_tellers,passengers_change_provider,passenger_decisions,-0.5021018888888886,-0.44029965530321774,1.769028277777778,3.141777555555556
boycott_tncs,bank_tellers_drivers,drivers_idle_duration_avg,supply,221.4581218333335,1.8661679038445718,849.4899111111112,781.1735767222222
boycott_tncs,bank_tellers_drivers,passengers_pickup_reject,passenger_decisions,-0.08623188888888887,-1.7450528721202527,0.0654445,0.12836083333333334
boycott_tncs,bank_tellers_drivers,passengers_reject,passenger_decisions,-1.916268611111112,-1.0652459087061286,3.4595555555555557,4.9192779444444446
boycott_tncs,bank_tellers_drivers,traffic_length_avg,trip,54.89654950000022,0.6885675131415029,3918.9676949444447,3913.363475055555
boycott_tncs,bank_tellers_drivers,passengers_change_provider,passenger_decisions,-0.6486118333333337,-0.5687761248503338,1.816703611111111,3.141777555555556
boycott_tncs,drivers,drivers_idle_duration_avg,supply,221.66041294444437,1.8678725565150764,888.2943465555555,781.1735767222222
boycott_tncs,drivers,drivers_acceptance_rate,driver_decisions,-0.2836943888888892,-1.4028022713310748,2.0111595,2.173982944444444
boycott_tncs,drivers,drivers_occupied_duration_avg,supply,108.28698422222203,0.9024931271217669,639.9625931666666,591.2400875555555
boycott_tncs,drivers,drivers_occupied_distance_avg,supply,971.3004353888891,0.8735335622349176,5698.8007238888895,5108.079767277777
boycott_tncs,drivers,drivers_busy,supply,655.7078851111105,0.6742757847104619,2715.5916991666663,3341.0385382777777
boycott_tncs,managers,drivers_idle_duration_avg,supply,201.5479634999997,1.6983903658859776,731.0150115555554,781.1735767222222
boycott_tncs,managers,passengers_pickup_reject,passenger_decisions,-0.06713916666666662,-1.3586782932981,0.05758316666666667,0.12836083333333334
boycott_tncs,managers,passengers_rating_avg,passenger_experience,0.014739055555555325,0.6993567904069504,4.893395833333333,4.890071722222222
boycott_tncs,managers,drivers_occupied_duration_avg,supply,78.89609233333317,0.657541454303292,600.9692368888888,591.2400875555555
boycott_tncs,managers,passengers_reject,passenger_decisions,-1.124999888888889,-0.6253828518533567,2.8418613888888893,4.9192779444444446
boycott_tncs,managers_drivers,passengers_pickup_reject,passenger_decisions,-0.06186111111111112,-1.2518676212241038,0.07299983333333335,0.12836083333333334
boycott_tncs,managers_drivers,drivers_acceptance_rate,driver_decisions,-0.1826184444444452,-0.9030054124685176,2.007553222222222,2.173982944444444
boycott_tncs,managers_drivers,passengers_reject,passenger_decisions,-1.0322036111111124,-0.5737977793469416,3.170120444444444,4.9192779444444446
boycott_tncs,managers_drivers,drivers_occupied_distance_avg,supply,-506.9478342222228,-0.45592067228726424,5481.406966388889,5108.079767277777
boycott_tncs,managers_drivers,drivers_total_length_avg,supply,-2578.62175616666,-0.43130472871120784,24903.31808538889,22410.883365944446
boycott_tncs,students,drivers_idle_duration_avg,supply,181.92993172222225,1.5330744996751924,768.5129106111111,781.1735767222222
boycott_tncs,students,drivers_acceptance_rate,driver_decisions,-0.14729250000000071,-0.7283268955698603,2.2249867777777776,2.173982944444444
boycott_tncs,students,passengers_rating_avg,passenger_experience,0.013810555555554771,0.6553001832895091,4.895611277777777,4.890071722222222
boycott_tncs,students,drivers_busy,supply,430.0553919444442,0.4422334143856888,2560.4483369444447,3341.0385382777777
boycott_tncs,students,passengers_acceptance_rate,passenger_decisions,0.049371666666667036,0.4246459187276928,2.055474277777778,2.148158888888889
boycott_tncs,students_drivers,drivers_idle_duration_avg,supply,112.57827816666668,0.9486668072748781,751.5687155,781.1735767222222
boycott_tncs,students_drivers,passengers_pickup_reject,passenger_decisions,-0.028001333333333336,-0.566655883179037,0.050555,0.12836083333333334
boycott_tncs,students_drivers,rides_offers_price_lyft_avg,market,-0.24700988888888986,-0.4614290710949439,21.512269055555556,21.92458222222222
boycott_tncs,students_drivers,passengers_change_provider,passenger_decisions,-0.46951005555555536,-0.41171945415296446,1.7278333888888886,3.141777555555556
boycott_tncs,students_drivers,drivers_acceptance_rate,driver_decisions,-0.07991300000000057,-0.39515105796747546,2.094398222222222,2.173982944444444
boycott_tncs-long_rides,bank_tellers,drivers_idle_duration_avg,supply,217.16735608333363,1.830010777344639,1031.88855175,998.3249126111112
boycott_tncs-long_rides,bank_tellers,drivers_busy,supply,525.9083106666671,0.5408006322822118,2492.813148,3255.854975888889
boycott_tncs-long_rides,bank_tellers,passengers_reject,passenger_decisions,-0.8951069444444446,-0.49758630126024683,5.123217527777777,4.786481527777778
boycott_tncs-long_rides,bank_tellers,drivers_acceptance_rate,driver_decisions,0.08799961111111099,0.43513745487319544,2.1392918888888888,2.1232066666666665
boycott_tncs-long_rides,bank_tellers,rides_offers_price_uber_avg,market,0.2705752499999967,0.43279383861711845,26.55595838888889,20.522367444444445
boycott_tncs-long_rides,bank_tellers_drivers,drivers_idle_duration_avg,supply,189.6059047222226,1.5977578552676266,1104.7605652500001,998.3249126111112
boycott_tncs-long_rides,bank_tellers_drivers,passengers_pickup_reject,passenger_decisions,-0.05091713888888885,-1.0303972301092685,0.10711099999999998,0.11379150000000002
boycott_tncs-long_rides,bank_tellers_drivers,passengers_reject,passenger_decisions,-0.9493385000000005,-0.5277334019033181,5.656106277777777,4.786481527777778
boycott_tncs-long_rides,bank_tellers_drivers,rides_offers_price_uber_avg,market,-0.3198504999999976,-0.5116111901535905,26.0714025,20.522367444444445
boycott_tncs-long_rides,bank_tellers_drivers,rides_offers_price_no_surge_avg,market,-0.2506906388888872,-0.42278471625203484,26.60463616666667,20.972370111111108
boycott_tncs-long_rides,drivers,drivers_idle_duration_avg,supply,99.60479422222261,0.839342754773498,1041.871912638889,998.3249126111112
boycott_tncs-long_rides,drivers,traffic_length_avg,trip,-50.36221413888825,-0.6316933370450538,3890.403467666667,3918.707275333333
boycott_tncs-long_rides,drivers,traffic_duration_avg,trip,-77.21318344444421,-0.508732096053742,715.9883188611111,759.4386755833334
boycott_tncs-long_rides,drivers,passengers_rating_avg,passenger_experience,-0.009544583333332746,-0.45288309964035306,4.818347861111111,4.879489861111111
boycott_tncs-long_rides,drivers,drivers_busy,supply,343.73541458333375,0.35346908534076754,2333.7343533055555,3255.854975888889
boycott_tncs-long_rides,managers,drivers_idle_duration_avg,supply,299.17250749999994,2.5210460857668306,1083.0314629444442,998.3249126111112
boycott_tncs-long_rides,managers,drivers_busy,supply,544.5461452222225,0.5599662406355738,2447.498737055556,3255.854975888889
boycott_tncs-long_rides,managers,passengers_pickup_reject,passenger_decisions,-0.023555861111111076,-0.47669398892764786,0.10329197222222222,0.11379150000000002
boycott_tncs-long_rides,managers,passengers_no_ratings_count,passenger_experience,-0.05585261111111123,-0.3013765606966747,0.3974492222222222,0.5457818333333333
boycott_tncs-long_rides,managers,passengers_rating_avg,passenger_experience,0.006305361111111907,0.29918450964532517,4.877117583333334,4.879489861111111
boycott_tncs-long_rides,managers_drivers,drivers_idle_duration_avg,supply,127.98370455555596,1.078484183282526,1024.7611729444445,998.3249126111112
boycott_tncs-long_rides,managers_drivers,passengers_rating_avg,passenger_experience,-0.02224902777777693,-1.0556991659127308,4.815464138888889,4.879489861111111
boycott_tncs-long_rides,managers_drivers,passengers_pickup_reject,passenger_decisions,-0.0460970277777778,-0.9328538636497766,0.09894449999999999,0.11379150000000002
boycott_tncs-long_rides,managers_drivers,traffic_length_avg,trip,-64.81438313888884,-0.8129669172330234,3911.2921704444448,3918.707275333333
boycott_tncs-long_rides,managers_drivers,drivers_occupied_distance_avg,supply,-714.6809410277765,-0.6427442689526238,6115.9499639722235,5772.043823916667
boycott_tncs-long_rides,students,drivers_idle_duration_avg,supply,88.34934791666706,0.744496142398263,976.8048958333334,998.3249126111112
boycott_tncs-long_rides,students,passengers_rating_avg,passenger_experience,0.007156916666667179,0.33959016236449663,4.877082111111112,4.879489861111111
boycott_tncs-long_rides,students,drivers_occupied_distance_avg,supply,-376.4026338055537,-0.33851558340043936,6187.486490444445,5772.043823916667
boycott_tncs-long_rides,students,rides_waiting_duration_avg,passenger_experience,72.98125416666664,0.31648160389025287,634.9826991944444,783.5034112777778
boycott_tncs-long_rides,students,drivers_total_length_avg,supply,-1846.6140881388928,-0.30886786183912257,29035.58661302778,25669.58224572222
boycott_tncs-long_rides,students_drivers,drivers_idle_duration_avg,supply,146.0224344166669,1.2304916979053695,980.6205008055556,998.3249126111112
boycott_tncs-long_rides,students_drivers,passengers_rating_avg,passenger_experience,-0.012951333333332649,-0.6145307531645848,4.813820166666667,4.879489861111111
boycott_tncs-long_rides,students_drivers,rides_offers_price_uber_avg,market,-0.2390965277777788,-0.3824426072117484,26.139981027777775,20.522367444444445
boycott_tncs-long_rides,students_drivers,rides_offers_price_no_surge_avg,market,-0.20501102777777191,-0.3457469716130096,26.658879583333338,20.972370111111108
boycott_tncs-long_rides,students_drivers,traffic_duration_avg,trip,-46.098023249999756,-0.30372460952578345,732.2036133055556,759.4386755833334
flash_mob,bank_tellers,rides_offers_price_uber_avg,market,-0.644957555555564,-1.031630410445927,23.501755999999997,20.79602388888889
flash_mob,bank_tellers,passengers_acceptance_rate,passenger_decisions,0.11273522222222221,0.9696361343589603,1.5681384444444446,2.1753686666666665
flash_mob,bank_tellers,rides_offers_price_no_surge_avg,market,-0.5213341111111127,-0.8792194842836198,23.74868022222222,21.27252911111111
flash_mob,bank_tellers,drivers_acceptance_rate,driver_decisions,0.17166777777777797,0.8488569320112367,2.0139303333333336,2.1823948888888887
flash_mob,bank_tellers,drivers_idle_duration_avg,supply,88.672388777778,0.7472183206667541,603.6450241111112,686.4553451111112
flash_mob,bank_tellers_drivers,rides_offers_price_uber_avg,market,-0.8423662222222248,-1.3473919393476,23.648014666666672,20.79602388888889
flash_mob,bank_tellers_drivers,rides_offers_price_no_surge_avg,market,-0.615302777777778,-1.0376957490908465,23.956909,21.27252911111111
flash_mob,bank_tellers_drivers,passengers_acceptance_rate,passenger_decisions,0.09269622222222185,0.7972806086110417,1.540118222222222,2.1753686666666665
flash_mob,bank_tellers_drivers,traffic_length_avg,trip,54.002557222223004,0.6773541664906946,3939.3594564444443,3907.7084513333334
flash_mob,bank_tellers_drivers,rides_offers_price_lyft_avg,market,-0.25207111111111047,-0.47088373333178596,24.45869466666667,22.076257222222218
flash_mob,drivers,rides_offers_price_uber_avg,market,-0.6870764444444433,-1.099000931587481,23.854641222222224,20.79602388888889
flash_mob,drivers,drivers_acceptance_rate,driver_decisions,-0.21863033333333326,-1.081075763898838,1.8006126666666666,2.1823948888888887
flash_mob,drivers,drivers_occupied_duration_avg,supply,122.04245677777772,1.0171349700991754,513.6284283333333,549.7100088888889
flash_mob,drivers,drivers_occupied_distance_avg,supply,1124.2272095555559,1.0110673930989158,4622.501541444444,4814.078261555555
flash_mob,drivers,rides_offers_price_no_surge_avg,market,-0.4907082222222172,-0.8275695391510575,24.141285444444446,21.27252911111111
flash_mob,managers,rides_offers_price_uber_avg,market,-1.2160362222222219,-1.945089155467919,23.608580444444446,20.79602388888889
flash_mob,managers,rides_offers_price_no_surge_avg,market,-1.032109666666667,-1.7406321771594173,23.83094188888889,21.27252911111111
flash_mob,managers,rides_offers_price_lyft_avg,market,-0.7418799999999983,-1.38587568620745,24.187901888888888,22.076257222222218
flash_mob,managers,drivers_idle_duration_avg,supply,146.12831622222234,1.2313839353428266,610.4281614444443,686.4553451111112
flash_mob,managers,drivers_occupied_duration_avg,supply,135.27706177777782,1.127435761449687,569.2963050000001,549.7100088888889
flash_mob,managers_drivers,rides_offers_price_uber_avg,market,-1.1520344444444426,-1.8427162478100116,23.56595522222223,20.79602388888889
flash_mob,managers_drivers,rides_offers_price_no_surge_avg,market,-0.9730920000000047,-1.6411000703120562,23.829385999999996,21.27252911111111
flash_mob,managers_drivers,rides_offers_price_lyft_avg,market,-0.6853137777777789,-1.2802066399487806,24.276448444444444,22.076257222222218
flash_mob,managers_drivers,passengers_acceptance_rate,passenger_decisions,0.08713066666666669,0.749411241184676,1.6799607777777779,2.1753686666666665
flash_mob,managers_drivers,passengers_pickup_reject,passenger_decisions,-0.030387777777777847,-0.6149497543396154,0.26355544444444445,0.13755566666666666
flash_mob,students,rides_offers_price_uber_avg,market,-0.8107956666666674,-1.2968938175638638,23.70549766666667,20.79602388888889
flash_mob,students,rides_offers_price_no_surge_avg,market,-0.7028095555555609,-1.1852741683604535,23.93829444444444,21.27252911111111
flash_mob,students,rides_offers_price_lyft_avg,market,-0.5135827777777777,-0.9594029823921761,24.314451777777776,22.076257222222218
flash_mob,students,drivers_idle_duration_avg,supply,109.49920422222237,0.9227202810372426,640.2692255555555,686.4553451111112
flash_mob,students,drivers_occupied_duration_avg,supply,99.38838711111111,0.8283298027713307,533.1605971111111,549.7100088888889
flash_mob,students_drivers,rides_offers_price_uber_avg,market,-0.9958178888889009,-1.5928428291051298,23.717766222222217,20.79602388888889
flash_mob,students_drivers,rides_offers_price_no_surge_avg,market,-0.889241333333338,-1.4996876088362874,23.947295666666665,21.27252911111111
flash_mob,students_drivers,passengers_acceptance_rate,passenger_decisions,0.16596333333333346,1.4274513484476896,1.932303,2.1753686666666665
flash_mob,students_drivers,rides_offers_price_lyft_avg,market,-0.7019318888888861,-1.3112502536593234,24.318438444444446,22.076257222222218
flash_mob,students_drivers,passengers_rating_avg,passenger_experience,-0.016006555555555302,-0.7594986854218373,4.893461444444445,4.88952911111111
flash_mob-boycott_tncs,bank_tellers,drivers_idle_duration_avg,supply,241.24918694444443,2.0329418753182797,815.5506563888889,781.1735767222222
flash_mob-boycott_tncs,bank_tellers,passengers_pickup_reject,passenger_decisions,-0.0454349444444444,-0.9194554510984163,0.11916650000000001,0.12836083333333334
flash_mob-boycott_tncs,bank_tellers,passengers_reject,passenger_decisions,-1.5761021111111106,-0.8761487381409976,3.6484349444444444,4.9192779444444446
flash_mob-boycott_tncs,bank_tellers,passengers_rating_avg,passenger_experience,-0.012003055555554809,-0.5695357057830731,4.903584611111111,4.890071722222222
flash_mob-boycott_tncs,bank_tellers,drivers_total_length_avg,supply,-2469.801654333325,-0.413103290525359,24390.423901555558,22410.883365944446
flash_mob-boycott_tncs,bank_tellers_drivers,passengers_pickup_reject,passenger_decisions,-0.07323172222222223,-1.481971795362908,0.11244433333333333,0.12836083333333334
flash_mob-boycott_tncs,bank_tellers_drivers,drivers_idle_duration_avg,supply,136.31777511111113,1.1487131496008531,746.9502043888888,781.1735767222222
flash_mob-boycott_tncs,bank_tellers_drivers,traffic_length_avg,trip,78.53867577777874,0.9851107429936317,3962.2742312222226,3913.363475055555
flash_mob-boycott_tncs,bank_tellers_drivers,passengers_reject,passenger_decisions,-1.5906392777777785,-0.88422988982613,3.9623421666666667,4.9192779444444446
flash_mob-boycott_tncs,bank_tellers_drivers,passengers_rating_avg,passenger_experience,-0.012410500000000546,-0.5888686296507298,4.8919974999999996,4.890071722222222
flash_mob-boycott_tncs,drivers,passengers_rating_avg,passenger_experience,-0.03173883333333283,-1.5059831023497672,4.871114388888889,4.890071722222222
flash_mob-boycott_tncs,drivers,drivers_acceptance_rate,driver_decisions,-0.1861206666666675,-0.920323080637005,1.8736939444444443,2.173982944444444
flash_mob-boycott_tncs,drivers,rides_offers_price_lyft_avg,market,0.36543461111110886,0.6826534512826357,24.500444555555553,21.92458222222222
flash_mob-boycott_tncs,drivers,drivers_idle_duration_avg,supply,60.97900811111106,0.5138536658902736,710.2135817222222,781.1735767222222
flash_mob-boycott_tncs,drivers,drivers_busy,supply,379.3703854999999,0.3901131436532553,2849.315395055555,3341.0385382777777
flash_mob-boycott_tncs,managers,drivers_idle_duration_avg,supply,225.00129222222222,1.8960252457332238,737.0689802777779,781.1735767222222
flash_mob-boycott_tncs,managers,passengers_pickup_reject,passenger_decisions,-0.0511943333333333,-1.0360067438013187,0.10752766666666667,0.12836083333333334
flash_mob-boycott_tncs,managers,drivers_acceptance_rate,driver_decisions,-0.14071766666666718,-0.6958158855010786,1.9932020000000001,2.173982944444444
flash_mob-boycott_tncs,managers,rides_offers_price_uber_avg,market,-0.43373966666665353,-0.6937805852426364,23.700237000000005,20.713286055555557
flash_mob-boycott_tncs,managers,rides_offers_price_no_surge_avg,market,-0.338994944444444,-0.5717081500651592,23.901407777777777,21.16593622222222
flash_mob-boycott_tncs,managers_drivers,drivers_occupied_distance_avg,supply,-1831.9786871666674,-1.6475796882541507,4541.202913055556,5108.079767277777
flash_mob-boycott_tncs,managers_drivers,drivers_occupied_duration_avg,supply,-191.39376238888883,-1.595127580388389,526.3358245000001,591.2400875555555
flash_mob-boycott_tncs,managers_drivers,drivers_total_length_avg,supply,-7861.959197888886,-1.3150048745516332,20604.150558166668,22410.883365944446
flash_mob-boycott_tncs,managers_drivers,drivers_shift_duration_avg,supply,-1082.745204222223,-1.1587912279803398,3424.9815990555558,3766.5394167777777
flash_mob-boycott_tncs,managers_drivers,passengers_pickup_reject,passenger_decisions,-0.05341622222222227,-1.0809705459057088,0.11544438888888887,0.12836083333333334
flash_mob-boycott_tncs,students,passengers_rating_avg,passenger_experience,-0.021434999999999427,-1.0170741772339955,4.891065000000001,4.890071722222222
flash_mob-boycott_tncs,students,rides_offers_price_lyft_avg,market,-0.38174088888888846,-0.7131145418967103,23.834208166666667,21.92458222222222
flash_mob-boycott_tncs,students,drivers_idle_duration_avg,supply,67.78367161111112,0.5711947311672545,636.9672905,781.1735767222222
flash_mob-boycott_tncs,students,rides_offers_price_no_surge_avg,market,-0.32650466666666134,-0.5506435480138258,23.591203722222225,21.16593622222222
flash_mob-boycott_tncs,students,rides_offers_price_uber_avg,market,-0.283788222222217,-0.4539284138142074,23.46157838888889,20.713286055555557
flash_mob-boycott_tncs,students_drivers,passengers_rating_avg,passenger_experience,-0.02857672222222174,-1.3559433749573775,4.878832166666667,4.890071722222222
flash_mob-boycott_tncs,students_drivers,drivers_idle_duration_avg,supply,75.46631505555547,0.6359342967971567,697.0573923888888,781.1735767222222
flash_mob-boycott_tncs,students_drivers,traffic_length_avg,trip,47.39736650000077,0.5945052481005528,3951.0318382777778,3913.363475055555
flash_mob-boycott_tncs,students_drivers,passengers_pickup_reject,passenger_decisions,-0.02847233333333335,-0.5761873907611997,0.08408366666666667,0.12836083333333334
flash_mob-boycott_tncs,students_drivers,passengers_acceptance_rate,passenger_decisions,-0.0537702222222225,-0.46247791410217143,1.8738588888888885,2.148158888888889
flash_mob-long_rides,bank_tellers,drivers_idle_duration_avg,supply,224.0466693611114,1.8879808961788553,925.203826638889,998.3249126111112
flash_mob-long_rides,bank_tellers,passengers_pickup_reject,passenger_decisions,0.04406041666666671,0.8916394809587538,0.31800475,0.11379150000000002
flash_mob-long_rides,bank_tellers,rides_offers_price_lyft_avg,market,0.39977219444443435,0.7467980863513504,30.045424916666665,21.73318947222222
flash_mob-long_rides,bank_tellers,rides_offers_price_no_surge_avg,market,0.3660251666666632,0.6172940757427253,29.368244055555554,20.972370111111108
flash_mob-long_rides,bank_tellers,passengers_acceptance_rate,passenger_decisions,0.0628949166666668,0.5409594505192222,1.1472749166666665,2.0987324444444444
flash_mob-long_rides,bank_tellers_drivers,passengers_rating_avg,passenger_experience,0.015564944444443007,0.7385445796372822,4.85873375,4.879489861111111
flash_mob-long_rides,bank_tellers_drivers,passengers_acceptance_rate,passenger_decisions,0.07552422222222255,0.6495841622742441,1.1366078888888889,2.0987324444444444
flash_mob-long_rides,bank_tellers_drivers,drivers_idle_duration_avg,supply,71.25387888888895,0.6004372325840713,872.8445010277777,998.3249126111112
flash_mob-long_rides,bank_tellers_drivers,rides_offers_price_lyft_avg,market,0.30776155555555107,0.5749167749417999,29.967695722222224,21.73318947222222
flash_mob-long_rides,bank_tellers_drivers,passengers_reject,passenger_decisions,0.8024258888888882,0.44606528031742804,9.79155086111111,4.786481527777778
flash_mob-long_rides,drivers,drivers_idle_duration_avg,supply,166.89678441666695,1.4063942191637004,995.5998644444445,998.3249126111112
flash_mob-long_rides,drivers,drivers_occupied_duration_avg,supply,89.12509180555548,0.7427927131440416,680.0602183333333,682.0953701666667
flash_mob-long_rides,drivers,drivers_occupied_distance_avg,supply,708.3175955277784,0.637021430107072,5673.676698027777,5772.043823916667
flash_mob-long_rides,drivers,rides_offers_price_lyft_avg,market,0.3106955277777672,0.5803976084550061,29.891724749999998,21.73318947222222
flash_mob-long_rides,drivers,passengers_rating_avg,passenger_experience,0.011420194444444753,0.5418793967080104,4.860771638888889,4.879489861111111
flash_mob-long_rides,managers,drivers_idle_duration_avg,supply,208.59428608333337,1.7577678271246704,878.8892031388889,998.3249126111112
flash_mob-long_rides,managers,drivers_occupied_duration_avg,supply,96.74640247222237,0.8063107854749836,679.4245782222223,682.0953701666667
flash_mob-long_rides,managers,drivers_occupied_distance_avg,supply,806.9228510000003,0.7257015098531985,5691.483920527778,5772.043823916667
flash_mob-long_rides,managers,rides_offers_price_uber_avg,market,-0.3654129444444436,-0.5844897894633619,28.648971999999997,20.522367444444445
flash_mob-long_rides,managers,drivers_shift_duration_avg,supply,543.9026631944439,0.5821033725451719,4276.347108166666,4447.656883916667
flash_mob-long_rides,managers_drivers,drivers_idle_duration_avg,supply,208.6507956666669,1.7582440181525887,991.8642256666667,998.3249126111112
flash_mob-long_rides,managers_drivers,rides_offers_price_lyft_avg,market,0.3561025833333211,0.6652206718570566,30.105036916666666,21.73318947222222
flash_mob-long_rides,managers_drivers,rides_offers_price_no_surge_avg,market,0.36883388888888646,0.6220309292328143,29.493953666666666,20.972370111111108
flash_mob-long_rides,managers_drivers,rides_offers_price_uber_avg,market,0.3870100555555567,0.6190350652076111,29.14934152777778,20.522367444444445
flash_mob-long_rides,managers_drivers,passengers_acceptance_rate,passenger_decisions,0.06402536111111146,0.5506824080795332,1.3469527777777779,2.0987324444444444
flash_mob-long_rides,students,drivers_idle_duration_avg,supply,126.89181161111128,1.0692830957338357,901.7833211388888,998.3249126111112
flash_mob-long_rides,students,traffic_length_avg,trip,63.15126608333367,0.7921064371948956,4089.519912166667,3918.707275333333
flash_mob-long_rides,students,rides_offers_price_lyft_avg,market,0.2887308888888782,0.5393663648678519,29.94818133333333,21.73318947222222
flash_mob-long_rides,students,rides_offers_price_no_surge_avg,market,0.2058796666666609,0.3472119136140039,29.214308055555556,20.972370111111108
flash_mob-long_rides,students,traffic_duration_avg,trip,46.44874186111133,0.3060353783115858,1039.3277796944444,759.4386755833334
flash_mob-long_rides,students_drivers,passengers_rating_avg,passenger_experience,0.010073805555554038,0.47799428490929086,4.858304305555555,4.879489861111111
flash_mob-long_rides,students_drivers,drivers_idle_duration_avg,supply,55.253735666666785,0.4656083381139072,776.2877636666667,998.3249126111112
flash_mob-long_rides,students_drivers,rides_offers_price_lyft_avg,market,0.21602283333332295,0.4035434199362393,29.892761194444443,21.73318947222222
flash_mob-long_rides,students_drivers,drivers_occupied_distance_avg,supply,320.75454555555643,0.28846878944309856,5269.909204833334,5772.043823916667
flash_mob-long_rides,students_drivers,drivers_occupied_duration_avg,supply,34.523586527777866,0.2877289434986336,624.8535788055556,682.0953701666667
flash_mob-wildcat_strike,bank_tellers,drivers_idle_duration_avg,supply,154.68425127777755,1.3034824940042795,664.2577343888888,781.1735767222222
flash_mob-wildcat_strike,bank_tellers,drivers_acceptance_rate,driver_decisions,0.23669299999999938,1.1703914177104446,2.055997722222222,2.173982944444444
flash_mob-wildcat_strike,bank_tellers,passengers_pickup_reject,passenger_decisions,0.04742522222222226,0.9597321978701767,0.3423602777777778,0.12836083333333334
flash_mob-wildcat_strike,bank_tellers,rides_offers_price_uber_avg,market,0.34766650000000965,0.5561037792391743,24.16587755555556,20.713286055555557
flash_mob-wildcat_strike,bank_tellers,drivers_total_length_avg,supply,-3232.3437367777697,-0.5406473962915729,20264.688653166668,22410.883365944446
flash_mob-wildcat_strike,bank_tellers_drivers,drivers_acceptance_rate,driver_decisions,0.2536629999999995,1.2543040909139043,1.9243280000000003,2.173982944444444
flash_mob-wildcat_strike,bank_tellers_drivers,rides_offers_price_uber_avg,market,-0.4457529444444468,-0.7129962104848747,23.63959272222222,20.713286055555557
flash_mob-wildcat_strike,bank_tellers_drivers,drivers_idle_duration_avg,supply,74.79046749999998,0.6302391116053547,620.6949104444444,781.1735767222222
flash_mob-wildcat_strike,bank_tellers_drivers,rides_offers_price_no_surge_avg,market,-0.3512817777777677,-0.5924296471561126,23.838673000000004,21.16593622222222
flash_mob-wildcat_strike,bank_tellers_drivers,drivers_total_length_avg,supply,-3196.6885065555507,-0.5346836409011774,20063.24411238889,22410.883365944446
flash_mob-wildcat_strike,drivers,drivers_removed,supply,-0.06937927777777769,-0.4565432366855701,0.5338890555555555,0.43673111111111107
flash_mob-wildcat_strike,drivers,passengers_acceptance_rate,passenger_decisions,0.049158277777777926,0.42281055997060685,2.0035705555555556,2.148158888888889
flash_mob-wildcat_strike,drivers,drivers_acceptance_rate,driver_decisions,0.08307272222222206,0.41077514389835224,1.8801922222222225,2.173982944444444
flash_mob-wildcat_strike,drivers,drivers_pickup_reject,driver_decisions,-0.03164855555555557,-0.38812105950916165,0.3411388888888889,0.218435
flash_mob-wildcat_strike,drivers,passengers_rating_avg,passenger_experience,0.006918277777778314,0.3282669315936693,4.897411055555555,4.890071722222222
flash_mob-wildcat_strike,managers,drivers_idle_duration_avg,supply,226.60597905555528,1.9095475091720056,673.9456807777777,781.1735767222222
flash_mob-wildcat_strike,managers,rides_offers_price_uber_avg,market,-0.6370051666666576,-1.0189103079479864,23.70224605555556,20.713286055555557
flash_mob-wildcat_strike,managers,rides_offers_price_no_surge_avg,market,-0.5683108888888881,-0.9584448743948742,23.88159583333333,21.16593622222222
flash_mob-wildcat_strike,managers,rides_offers_price_lyft_avg,market,-0.47253288888888534,-0.8827193638384566,24.160817055555558,21.92458222222222
flash_mob-wildcat_strike,managers,drivers_acceptance_rate,driver_decisions,0.12979333333333276,0.6417976172061025,2.0010178888888888,2.173982944444444
flash_mob-wildcat_strike,managers_drivers,drivers_acceptance_rate,driver_decisions,0.29864255555555497,1.476717452503188,1.9910798333333333,2.173982944444444
flash_mob-wildcat_strike,managers_drivers,drivers_removed,supply,-0.11037955555555545,-0.7263413683644451,0.5006848888888888,0.43673111111111107
flash_mob-wildcat_strike,managers_drivers,passengers_rating_avg,passenger_experience,0.014480000000001603,0.6870648045883031,4.907980055555556,4.890071722222222
flash_mob-wildcat_strike,managers_drivers,drivers_idle_duration_avg,supply,80.01805766666632,0.674290604965477,757.5426983333333,781.1735767222222
flash_mob-wildcat_strike,managers_drivers,rides_offers_price_uber_avg,market,-0.40942522222222166,-0.6548888471958326,23.672887999999997,20.713286055555557
flash_mob-wildcat_strike,students,drivers_busy,supply,430.77386983333326,0.4429722376533787,3347.169080277778,3341.0385382777777
flash_mob-wildcat_strike,students,drivers_pickup_reject,driver_decisions,-0.03471300000000008,-0.4257017769765654,0.33236099999999996,0.218435
flash_mob-wildcat_strike,students,rides_offers_price_no_surge_avg,market,-0.22294533333332112,-0.37599281692692604,23.90426705555556,21.16593622222222
flash_mob-wildcat_strike,students,rides_offers_price_lyft_avg,market,-0.20010144444444222,-0.37380132451413156,24.193676222222226,21.92458222222222
flash_mob-wildcat_strike,students,rides_offers_price_uber_avg,market,-0.23121933333332834,-0.3698427806527886,23.719421833333335,20.713286055555557
flash_mob-wildcat_strike,students_drivers,drivers_acceptance_rate,driver_decisions,0.19976211111111097,0.9877768266411138,1.8763389444444445,2.173982944444444
flash_mob-wildcat_strike,students_drivers,passengers_acceptance_rate,passenger_decisions,0.06028172222222228,0.5184833537901555,1.840629611111111,2.148158888888889
flash_mob-wildcat_strike,students_drivers,drivers_occupied_distance_avg,supply,-513.9149489444453,-0.4621865075737126,4337.686364055556,5108.079767277777
flash_mob-wildcat_strike,students_drivers,passengers_rating_avg,passenger_experience,0.009363722222222037,0.4443013797534132,4.904412166666666,4.890071722222222
flash_mob-wildcat_strike,students_drivers,drivers_removed,supply,-0.06746261111111107,-0.4439308078498292,0.5359351111111111,0.43673111111111107
long_rides,bank_tellers,rides_offers_price_uber_avg,market,-0.4052037777777855,-0.6481365106624044,26.52609611111111,20.522367444444445
long_rides,bank_tellers,rides_offers_price_no_surge_avg,market,-0.3067120555555576,-0.5172637077869086,27.094581388888887,20.972370111111108
long_rides,bank_tellers,traffic_duration_avg,trip,-74.05508486111114,-0.4879244303136113,760.2633121666667,759.4386755833334
long_rides,bank_tellers,drivers_idle_duration_avg,supply,50.85286738888897,0.4285234072879449,844.5853218888889,998.3249126111112
long_rides,bank_tellers,passengers_acceptance_rate,passenger_decisions,0.04769030555555531,0.41018452453248544,1.1850909444444444,2.0987324444444444
long_rides,bank_tellers_drivers,rides_offers_price_uber_avg,market,-0.5068399166666708,-0.8107067926521423,26.53032983333333,20.522367444444445
long_rides,bank_tellers_drivers,drivers_busy,supply,656.0879291944448,0.6746665906292765,3654.162867277778,3255.854975888889
long_rides,bank_tellers_drivers,rides_offers_price_no_surge_avg,market,-0.39800977777778,-0.6712354785528989,27.07648861111111,20.972370111111108
long_rides,bank_tellers_drivers,passengers_acceptance_rate,passenger_decisions,0.065722333333333,0.5652780735089759,1.1798266388888887,2.0987324444444444
long_rides,bank_tellers_drivers,drivers_total_length_avg,supply,-3139.0488860555597,-0.5250427384216597,24617.875706416668,25669.58224572222
long_rides,drivers,passengers_rating_avg,passenger_experience,-0.01001344444444463,-0.4751301968561753,4.835989083333333,4.879489861111111
long_rides,drivers,passengers_acceptance_rate,passenger_decisions,0.04849322222222252,0.4170904142582797,1.9071654444444448,2.0987324444444444
long_rides,drivers,traffic_length_avg,trip,-27.356861944444518,-0.3431371655962003,3917.861604,3918.707275333333
long_rides,drivers,traffic_duration_avg,trip,-45.39131244444434,-0.2990683260599849,800.0902818611112,759.4386755833334
long_rides,drivers,rides_offers_price_uber_avg,market,-0.1841187499999961,-0.29450387858418264,26.76337994444445,20.522367444444445
long_rides,managers,drivers_idle_duration_avg,supply,231.48307724999984,1.950645501149109,994.3532915277776,998.3249126111112
long_rides,managers,rides_offers_price_uber_avg,market,-0.6643796944444489,-1.0626967479763385,26.647958027777772,20.522367444444445
long_rides,managers,rides_offers_price_no_surge_avg,market,-0.5697977500000029,-0.9609524357292544,27.159079027777775,20.972370111111108
long_rides,managers,rides_offers_price_lyft_avg,market,-0.40994333333333444,-0.7657983749251975,28.047674055555554,21.73318947222222
long_rides,managers,drivers_occupied_duration_avg,supply,79.65180358333339,0.6638397570412663,726.2926631666667,682.0953701666667
long_rides,managers_drivers,drivers_idle_duration_avg,supply,131.60508994444444,1.1090006218951567,1007.3938171666665,998.3249126111112
long_rides,managers_drivers,traffic_length_avg,trip,-86.08365066666738,-1.079747375774297,3894.4756870555557,3918.707275333333
long_rides,managers_drivers,traffic_duration_avg,trip,-137.62414983333326,-0.9067599480948955,752.2842546944445,759.4386755833334
long_rides,managers_drivers,passengers_acceptance_rate,passenger_decisions,0.05913041666666641,0.5085809697228704,1.3950784722222223,2.0987324444444444
long_rides,managers_drivers,traffic_speed_avg,trip,0.48331566666666603,0.49644704344313795,5.1654926111111115,5.221678027777777
long_rides,students,drivers_idle_duration_avg,supply,87.4257723611114,0.7367134201197344,954.8925791111112,998.3249126111112
long_rides,students,drivers_acceptance_rate,driver_decisions,0.08430119444444428,0.41684965115367695,2.0172031666666665,2.1232066666666665
long_rides,students,passengers_acceptance_rate,passenger_decisions,0.038036999999999654,0.32715640166043247,1.7285210555555555,2.0987324444444444
long_rides,students,drivers_busy,supply,315.3568689166668,0.32428693490026905,3442.803817722222,3255.854975888889
long_rides,students,traffic_length_avg,trip,22.73385786111112,0.2851508175670973,3947.2219638611114,3918.707275333333
long_rides,students_drivers,rides_offers_price_uber_avg,market,-0.40300283333333553,-0.6446160290415003,26.62199147222222,20.522367444444445
long_rides,students_drivers,rides_offers_price_no_surge_avg,market,-0.3256393333333314,-0.5491841807657433,27.15742286111111,20.972370111111108
long_rides,students_drivers,passengers_acceptance_rate,passenger_decisions,0.05878336111111104,0.5055959433871511,1.7216084444444444,2.0987324444444444
long_rides,students_drivers,drivers_occupied_distance_avg,supply,-427.53891547222156,-0.38450470958244076,5236.916243166667,5772.043823916667
long_rides,students_drivers,rides_offers_price_lyft_avg,market,-0.1945931944444439,-0.36351158796839655,28.061605916666668,21.73318947222222
underground_alarm,bank_tellers,drivers_idle_duration_avg,supply,155.7606099259259,1.312552678224986,654.7322631851852,743.0898619999999
underground_alarm,bank_tellers,passengers_pickup_reject,passenger_decisions,0.0542966666666668,1.0987878768991186,0.35211111111111115,0.1297406666666667
underground_alarm,bank_tellers,drivers_acceptance_rate,driver_decisions,0.11933111111111017,0.5900643800631838,1.9804785925925927,2.2053745925925923
underground_alarm,bank_tellers,drivers_occupied_duration_avg,supply,70.02485548148161,0.58360615778201,561.6962597777778,577.3077211111112
underground_alarm,bank_tellers,rides_offers_price_no_surge_avg,market,0.27732259259259706,0.4676989700900126,21.50112362962963,21.185985777777777
underground_alarm,bank_tellers_drivers,drivers_idle_duration_avg,supply,135.8272268148146,1.1445794313237552,646.8532057037036,743.0898619999999
underground_alarm,bank_tellers_drivers,passengers_pickup_reject,passenger_decisions,0.05074103703703711,1.0268335015823944,0.3553088148148148,0.1297406666666667
underground_alarm,bank_tellers_drivers,drivers_acceptance_rate,driver_decisions,0.18199399999999955,0.8999176810247649,1.9331207407407407,2.2053745925925923
underground_alarm,bank_tellers_drivers,traffic_length_avg,trip,63.05693777777742,0.7909232770989097,3857.5017596296298,3913.6261661481485
underground_alarm,bank_tellers_drivers,rides_offers_price_lyft_avg,market,0.21347859259258684,0.39879062786414593,22.315627037037032,21.98292407407407
underground_alarm,drivers,passengers_pickup_reject,passenger_decisions,-0.04143207407407398,-0.8384503783052119,0.19964185185185185,0.1297406666666667
underground_alarm,drivers,passengers_acceptance_rate,passenger_decisions,0.08311140740740708,0.7148415748965943,2.1046764444444443,2.1616777777777774
underground_alarm,drivers,rides_offers_price_uber_avg,market,-0.3277616296296344,-0.5242652971356895,20.807029185185183,20.71385214814815
underground_alarm,drivers,traffic_length_avg,trip,38.3617623703708,0.481171650234436,3846.759282740741,3913.6261661481485
underground_alarm,drivers,drivers_occupied_duration_avg,supply,51.674036814814826,0.43066545264853057,456.8095274074074,577.3077211111112
underground_alarm,managers,drivers_idle_duration_avg,supply,224.43079533333332,1.891217822214619,624.7595191851851,743.0898619999999
underground_alarm,managers,drivers_occupied_duration_avg,supply,126.59921170370359,1.0551122028401572,539.3196608148147,577.3077211111112
underground_alarm,managers,rides_offers_price_uber_avg,market,-0.5784008888888863,-0.925170875613263,20.90315103703704,20.71385214814815
underground_alarm,managers,drivers_occupied_distance_avg,supply,1021.6865829629633,0.9188480595562876,4857.784101407407,4987.797185851851
underground_alarm,managers,drivers_shift_duration_avg,supply,840.5821682222218,0.8996200021336587,3553.931040518518,3692.5826028148153
underground_alarm,managers_drivers,drivers_idle_duration_avg,supply,133.30925555555552,1.1233611661821012,762.2670600740742,743.0898619999999
underground_alarm,managers_drivers,drivers_acceptance_rate,driver_decisions,0.16701696296296253,0.8258597426367279,1.9679994074074072,2.2053745925925923
underground_alarm,managers_drivers,passengers_rating_avg,passenger_experience,-0.014063407407406636,-0.6672978081639824,4.888697259259259,4.889138074074075
underground_alarm,managers_drivers,traffic_speed_avg,trip,0.2766402962962946,0.2841564357735751,4.517953925925926,5.131238074074073
underground_alarm,managers_drivers,drivers_total_length_avg,supply,-1698.4229594814788,-0.28408115770535713,21032.291503333334,22120.633773407408
underground_alarm,students,drivers_idle_duration_avg,supply,104.96827088888892,0.8845393270440995,614.1847808148149,743.0898619999999
underground_alarm,students,rides_offers_price_lyft_avg,market,0.2299199259259197,0.4295040102379775,22.311615037037033,21.98292407407407
underground_alarm,students,rides_offers_price_no_surge_avg,market,0.2365564444444459,0.39894768183331925,21.708988592592593,21.185985777777777
underground_alarm,students,passengers_acceptance_rate,passenger_decisions,0.04583555555555474,0.3942318117533525,1.9232097037037033,2.1616777777777774
underground_alarm,students,drivers_acceptance_rate,driver_decisions,0.07654829629629623,0.37851338664659095,1.9999731111111112,2.2053745925925923
underground_alarm,students_drivers,drivers_idle_duration_avg,supply,153.186428074074,1.2908607415697997,691.6113935555555,743.0898619999999
underground_alarm,students_drivers,traffic_length_avg,trip,48.93821459259243,0.6138321083296218,3865.337988148148,3913.6261661481485
underground_alarm,students_drivers,drivers_occupied_duration_avg,supply,73.17989355555585,0.6099011017045056,561.2220750370371,577.3077211111112
underground_alarm,students_drivers,drivers_acceptance_rate,driver_decisions,0.11863074074074076,0.5866012127084288,1.8707866666666666,2.2053745925925923
underground_alarm,students_drivers,drivers_shift_duration_avg,supply,526.9068248148155,0.563913840650055,3752.6517023703705,3692.5826028148153
underground_alarm-flash_mob,bank_tellers,passengers_pickup_reject,passenger_decisions,0.06429703703703721,1.3011628365798378,0.424704,0.1297406666666667
underground_alarm-flash_mob,bank_tellers,drivers_idle_duration_avg,supply,128.6866605925926,1.084407804341314,566.4072614814814,743.0898619999999
underground_alarm-flash_mob,bank_tellers,drivers_total_length_avg,supply,-4047.953274370364,-0.6770676562635483,16768.088481333336,22120.633773407408
underground_alarm-flash_mob,bank_tellers,passengers_acceptance_rate,passenger_decisions,0.0730908888888886,0.6286550517404499,1.3995323703703704,2.1616777777777774
underground_alarm-flash_mob,bank_tellers,drivers_occupied_distance_avg,supply,-680.9516624444454,-0.6124100327070543,3835.908924592593,4987.797185851851
underground_alarm-flash_mob,bank_tellers_drivers,drivers_idle_duration_avg,supply,159.8597496296295,1.3470950236810884,609.6346761481481,743.0898619999999
underground_alarm-flash_mob,bank_tellers_drivers,passengers_pickup_reject,passenger_decisions,0.04820970370370381,0.9756075507126555,0.41536999999999996,0.1297406666666667
underground_alarm-flash_mob,bank_tellers_drivers,traffic_length_avg,trip,68.33029955555457,0.8570670627883811,3894.414987185185,3913.6261661481485
underground_alarm-flash_mob,bank_tellers_drivers,drivers_acceptance_rate,driver_decisions,0.11133407407407359,0.5505209059627237,1.7686262962962964,2.2053745925925923
underground_alarm-flash_mob,bank_tellers_drivers,passengers_reject,passenger_decisions,0.9319629629629658,0.5180744117007176,9.602209851851853,4.92674074074074
underground_alarm-flash_mob,drivers,drivers_idle_duration_avg,supply,119.82632362962966,1.0097441328505339,588.2447757037037,743.0898619999999
underground_alarm-flash_mob,drivers,drivers_occupied_duration_avg,supply,107.2256385925927,0.8936475844822607,509.4869157777778,577.3077211111112
underground_alarm-flash_mob,drivers,drivers_occupied_distance_avg,supply,946.5991900740737,0.8513186367336745,4553.742895925926,4987.797185851851
underground_alarm-flash_mob,drivers,passengers_pickup_reject,passenger_decisions,-0.03897511111111099,-0.7887294417647145,0.26469133333333333,0.1297406666666667
underground_alarm-flash_mob,drivers,drivers_shift_duration_avg,supply,575.3423817037042,0.6157512426780832,3235.2629525925922,3692.5826028148153
underground_alarm-flash_mob,managers,drivers_idle_duration_avg,supply,276.14453837037036,2.326995596560659,615.2222098518517,743.0898619999999
underground_alarm-flash_mob,managers,drivers_occupied_duration_avg,supply,130.5966095555557,1.0884276018567594,540.4428452592593,577.3077211111112
underground_alarm-flash_mob,managers,rides_offers_price_uber_avg,market,-0.642499111111114,-1.0276980492704668,25.330375925925924,20.71385214814815
underground_alarm-flash_mob,managers,drivers_shift_duration_avg,supply,889.9138467407411,0.9524164644092595,3419.3728301481483,3692.5826028148153
underground_alarm-flash_mob,managers,drivers_occupied_distance_avg,supply,1006.776626888889,0.9054388747483578,4764.556790888889,4987.797185851851
underground_alarm-flash_mob,managers_drivers,drivers_idle_duration_avg,supply,123.95375948148148,1.044524922320518,691.6605116296297,743.0898619999999
underground_alarm-flash_mob,managers_drivers,passengers_acceptance_rate,passenger_decisions,0.05838903703703635,0.5022043603190237,1.5612995555555556,2.1616777777777774
underground_alarm-flash_mob,managers_drivers,rides_offers_price_uber_avg,market,-0.2850593333333329,-0.45596159703066463,25.429330074074077,20.71385214814815
underground_alarm-flash_mob,managers_drivers,passengers_pickup_reject,passenger_decisions,-0.01776548148148141,-0.3595155444617997,0.35097466666666666,0.1297406666666667
underground_alarm-flash_mob,managers_drivers,drivers_pickup,supply,-101.92542733333335,-0.3565423829628928,1380.850054074074,854.6119791851852
underground_alarm-flash_mob,students,drivers_idle_duration_avg,supply,117.89812607407418,0.9934957317503149,565.8635836296297,743.0898619999999
underground_alarm-flash_mob,students,passengers_acceptance_rate,passenger_decisions,0.06132037037036997,0.5274167710086343,1.8421857037037037,2.1616777777777774
underground_alarm-flash_mob,students,drivers_occupied_duration_avg,supply,53.747225851851965,0.4479439729673765,505.1730825185185,577.3077211111112
underground_alarm-flash_mob,students,rides_offers_price_uber_avg,market,0.21409614814815114,0.3424536937143317,25.796424296296298,20.71385214814815
underground_alarm-flash_mob,students,rides_offers_price_no_surge_avg,market,0.18640422222222242,0.3143669685860657,25.784168074074074,21.185985777777777
underground_alarm-flash_mob,students_drivers,passengers_rating_avg,passenger_experience,-0.0204428888888879,-0.9699992720761467,4.887932000000001,4.889138074074075
underground_alarm-flash_mob,students_drivers,drivers_idle_duration_avg,supply,111.33219214814812,0.9381663762500956,588.5061052592592,743.0898619999999
underground_alarm-flash_mob,students_drivers,rides_offers_price_uber_avg,market,-0.5156552592592583,-0.8248072174299848,25.225453851851853,20.71385214814815
underground_alarm-flash_mob,students_drivers,rides_offers_price_no_surge_avg,market,-0.4110080740740756,-0.6931568436096329,25.325236444444442,21.185985777777777
underground_alarm-flash_mob,students_drivers,passengers_acceptance_rate,passenger_decisions,0.06574429629629552,0.5654669770484931,1.8116935555555553,2.1616777777777774
underground_alarm-long_rides,bank_tellers,passengers_pickup_reject,passenger_decisions,0.08992588888888886,1.8198074135395907,0.4187310833333333,0.11379150000000002
underground_alarm-long_rides,bank_tellers,rides_offers_price_uber_avg,market,-0.6152998055555621,-0.9841918828376266,27.699020388888886,20.522367444444445
underground_alarm-long_rides,bank_tellers,rides_offers_price_no_surge_avg,market,-0.5700987777777833,-0.9614601130169942,28.133048305555555,20.972370111111108
underground_alarm-long_rides,bank_tellers,passengers_acceptance_rate,passenger_decisions,0.11001650000000018,0.9462523927564044,1.1298563888888888,2.0987324444444444
underground_alarm-long_rides,bank_tellers,rides_offers_price_lyft_avg,market,-0.46804752777777736,-0.874340444191418,28.851902694444444,21.73318947222222
underground_alarm-long_rides,bank_tellers_drivers,passengers_pickup_reject,passenger_decisions,0.04741619444444442,0.959549505020199,0.39888841666666663,0.11379150000000002
underground_alarm-long_rides,bank_tellers_drivers,passengers_acceptance_rate,passenger_decisions,0.10119166666666701,0.8703499630541054,1.0977352222222223,2.0987324444444444
underground_alarm-long_rides,bank_tellers_drivers,passengers_rating_avg,passenger_experience,0.017653722222220836,0.8376554702254835,4.872197583333333,4.879489861111111
underground_alarm-long_rides,bank_tellers_drivers,passengers_reject,passenger_decisions,1.4975926666666668,0.8325056580402685,11.250213027777777,4.786481527777778
underground_alarm-long_rides,bank_tellers_drivers,drivers_occupied_duration_avg,supply,-72.15639077777769,-0.6013709516669051,602.8253825555555,682.0953701666667
underground_alarm-long_rides,drivers,passengers_rating_avg,passenger_experience,0.013740027777778607,0.6519536947635546,4.874466527777778,4.879489861111111
underground_alarm-long_rides,drivers,passengers_pickup_reject,passenger_decisions,-0.03204122222222225,-0.6484100903457859,0.2424029444444444,0.11379150000000002
underground_alarm-long_rides,drivers,drivers_idle_duration_avg,supply,74.03554672222242,0.6238775976822207,978.3364788888889,998.3249126111112
underground_alarm-long_rides,drivers,passengers_acceptance_rate,passenger_decisions,0.05696080555555594,0.48992013516406185,1.7980722777777778,2.0987324444444444
underground_alarm-long_rides,drivers,rides_offers_price_uber_avg,market,-0.24927680555555298,-0.3987262898384169,28.081242194444446,20.522367444444445
underground_alarm-long_rides,managers,rides_offers_price_uber_avg,market,-1.0924649999999971,-1.747433000264639,27.602893027777778,20.522367444444445
underground_alarm-long_rides,managers,rides_offers_price_no_surge_avg,market,-0.9085811666666714,-1.5323038484551073,28.12214925,20.972370111111108
underground_alarm-long_rides,managers,rides_offers_price_lyft_avg,market,-0.6038649166666623,-1.1280553536448175,28.948589222222225,21.73318947222222
underground_alarm-long_rides,managers,passengers_pickup_reject,passenger_decisions,0.042513722222222244,0.8603394176370742,0.3628056388888889,0.11379150000000002
underground_alarm-long_rides,managers,traffic_length_avg,trip,-67.21229575000052,-0.843043939166138,3937.6461448333334,3918.707275333333
underground_alarm-long_rides,managers_drivers,traffic_length_avg,trip,-101.03998130555601,-1.2673446562507606,3948.273763416667,3918.707275333333
underground_alarm-long_rides,managers_drivers,traffic_duration_avg,trip,-149.3991921666667,-0.98434180264527,967.4707974166666,759.4386755833334
underground_alarm-long_rides,managers_drivers,rides_offers_price_uber_avg,market,-0.6028018055555613,-0.9642009287683347,27.840502749999995,20.522367444444445
underground_alarm-long_rides,managers_drivers,passengers_acceptance_rate,passenger_decisions,0.10791011111111137,0.9281353328046105,1.3262974166666668,2.0987324444444444
underground_alarm-long_rides,managers_drivers,rides_offers_price_no_surge_avg,market,-0.5427435833333334,-0.9153261282281083,28.283304388888894,20.972370111111108
underground_alarm-long_rides,students,drivers_idle_duration_avg,supply,132.26231205555575,1.1145388554866793,982.7516737222222,998.3249126111112
underground_alarm-long_rides,students,rides_offers_price_lyft_avg,market,-0.4733485555555532,-0.884243077378901,28.86039938888889,21.73318947222222
underground_alarm-long_rides,students,rides_offers_price_no_surge_avg,market,-0.470034694444454,-0.7927040506980795,28.239321888888888,20.972370111111108
underground_alarm-long_rides,students,rides_offers_price_uber_avg,market,-0.44380688888888997,-0.7098834318621011,27.851881055555552,20.522367444444445
underground_alarm-long_rides,students,traffic_length_avg,trip,-40.02298672222196,-0.502008390086806,3953.219526277778,3918.707275333333
underground_alarm-long_rides,students_drivers,drivers_idle_duration_avg,supply,95.09559005555559,0.8013449066112655,891.7274701944444,998.3249126111112
underground_alarm-long_rides,students_drivers,rides_offers_price_uber_avg,market,-0.4590013055555531,-0.7341873913510534,27.949013305555557,20.522367444444445
underground_alarm-long_rides,students_drivers,rides_offers_price_no_surge_avg,market,-0.4341392500000012,-0.7321671061936814,28.350776583333335,20.972370111111108
underground_alarm-long_rides,students_drivers,passengers_acceptance_rate,passenger_decisions,0.08166875000000018,0.7024332722902895,1.626933083333333,2.0987324444444444
underground_alarm-long_rides,students_drivers,rides_offers_price_lyft_avg,market,-0.3539976111111116,-0.6612884593389914,28.99703825,21.73318947222222
underground_alarm-wildcat_strike,bank_tellers,drivers_idle_duration_avg,supply,261.30939522222195,2.201983843716256,734.7614542777776,781.1735767222222
underground_alarm-wildcat_strike,bank_tellers,passengers_pickup_reject,passenger_decisions,0.08025072222222218,1.6240135187582332,0.3693241111111111,0.12836083333333334
underground_alarm-wildcat_strike,bank_tellers,drivers_acceptance_rate,driver_decisions,0.10658038888888877,0.5270150467136644,2.068237888888889,2.173982944444444
underground_alarm-wildcat_strike,bank_tellers,passengers_drivers_ratio,demand,-0.03440244444444451,-0.4918734685995709,0.3824160555555556,0.18343266666666666
underground_alarm-wildcat_strike,bank_tellers,traffic_length_avg,trip,38.861542333333546,0.4874403911543951,3888.0512973888885,3913.363475055555
underground_alarm-wildcat_strike,bank_tellers_drivers,passengers_pickup_reject,passenger_decisions,0.07684272222222213,1.5550466868261519,0.3869907222222222,0.12836083333333334
underground_alarm-wildcat_strike,bank_tellers_drivers,drivers_idle_duration_avg,supply,140.59398977777778,1.1847476580434402,650.3770086666666,781.1735767222222
underground_alarm-wildcat_strike,bank_tellers_drivers,drivers_acceptance_rate,driver_decisions,0.15749388888888838,0.7787703730038396,1.9705116666666667,2.173982944444444
underground_alarm-wildcat_strike,bank_tellers_drivers,passengers_drivers_ratio,demand,-0.05261577777777782,-0.7522809944628537,0.3785197222222223,0.18343266666666666
underground_alarm-wildcat_strike,bank_tellers_drivers,traffic_length_avg,trip,45.005983833333175,0.5645101312716346,3844.661630833333,3913.363475055555
underground_alarm-wildcat_strike,drivers,drivers_occupied_duration_avg,supply,93.59632577777779,0.7800571910373681,545.9186203888889,591.2400875555555
underground_alarm-wildcat_strike,drivers,drivers_occupied_distance_avg,supply,796.777976444444,0.7165777742034833,4802.062375111111,5108.079767277777
underground_alarm-wildcat_strike,drivers,drivers_idle_duration_avg,supply,71.7471880555554,0.6045942159716486,620.1323512777777,781.1735767222222
underground_alarm-wildcat_strike,drivers,passengers_rating_avg,passenger_experience,0.008741555555555891,0.4147800524568466,4.903383222222222,4.890071722222222
underground_alarm-wildcat_strike,drivers,drivers_shift_duration_avg,supply,351.91842394444484,0.3766352240963536,3357.674767388889,3766.5394167777777
underground_alarm-wildcat_strike,managers,drivers_idle_duration_avg,supply,160.11309738888872,1.3492299169644166,571.3313750555556,781.1735767222222
underground_alarm-wildcat_strike,managers,passengers_pickup_reject,passenger_decisions,0.05833349999999998,1.1804802495627948,0.34152744444444444,0.12836083333333334
underground_alarm-wildcat_strike,managers,traffic_length_avg,trip,47.495861111111026,0.5957406661741429,3874.848532277778,3913.363475055555
underground_alarm-wildcat_strike,managers,rides_offers_price_uber_avg,market,-0.28637711111110775,-0.4580694250854757,21.14030361111111,20.713286055555557
underground_alarm-wildcat_strike,managers,rides_offers_price_no_surge_avg,market,-0.2309760555555549,-0.38953646830168237,21.533707,21.16593622222222
underground_alarm-wildcat_strike,managers_drivers,drivers_occupied_duration_avg,supply,-98.01414916666664,-0.8168765306278761,495.2880405555556,591.2400875555555
underground_alarm-wildcat_strike,managers_drivers,drivers_occupied_distance_avg,supply,-857.2083662222221,-0.7709255040371387,4408.930544555556,5108.079767277777
underground_alarm-wildcat_strike,managers_drivers,drivers_total_length_avg,supply,-3822.6065374444406,-0.6393757718282455,19663.681485444446,22410.883365944446
underground_alarm-wildcat_strike,managers_drivers,drivers_shift_duration_avg,supply,-539.6596050000012,-0.5775623054535265,3207.1083771111107,3766.5394167777777
underground_alarm-wildcat_strike,managers_drivers,drivers_removed,supply,-0.05784233333333333,-0.3806255545355939,0.5607593888888889,0.43673111111111107
underground_alarm-wildcat_strike,students,drivers_idle_duration_avg,supply,234.95642222222205,1.9799144430713165,703.2906307222221,781.1735767222222
underground_alarm-wildcat_strike,students,drivers_occupied_duration_avg,supply,106.59548099999995,0.888395680013747,567.8613194999999,591.2400875555555
underground_alarm-wildcat_strike,students,drivers_shift_duration_avg,supply,792.6933282222226,0.8483677153594901,3749.344615833333,3766.5394167777777
underground_alarm-wildcat_strike,students,drivers_occupied_distance_avg,supply,863.5306865555549,0.7766114471306936,5035.1270841666665,5108.079767277777
underground_alarm-wildcat_strike,students,drivers_total_length_avg,supply,3912.1793464444454,0.654357874571022,22847.576336388887,22410.883365944446
underground_alarm-wildcat_strike,students_drivers,drivers_idle_duration_avg,supply,248.9705615555555,2.098007818050604,769.7122285,781.1735767222222
underground_alarm-wildcat_strike,students_drivers,drivers_acceptance_rate,driver_decisions,0.11362011111111148,0.5618248233946603,1.9325497222222225,2.173982944444444
underground_alarm-wildcat_strike,students_drivers,traffic_length_avg,trip,42.80580266666675,0.5369132551803192,3862.360366,3913.363475055555
underground_alarm-wildcat_strike,students_drivers,passengers_rating_avg,passenger_experience,0.009038500000000838,0.4288698367590653,4.908235833333334,4.890071722222222
underground_alarm-wildcat_strike,students_drivers,passengers_pickup_reject,passenger_decisions,0.019888555555555493,0.4024796562123937,0.2569165,0.12836083333333334
wildcat_strike,bank_tellers,drivers_idle_duration_avg,supply,167.1294753333333,1.4083550428020664,757.4891065,781.1735767222222
wildcat_strike,bank_tellers,passengers_pickup_reject,passenger_decisions,0.027648444444444503,0.5595145602064153,0.2796943888888889,0.12836083333333334
wildcat_strike,bank_tellers,passengers_acceptance_rate,passenger_decisions,-0.05815905555555556,-0.5002262886012281,1.3869063888888888,2.148158888888889
wildcat_strike,bank_tellers,rides_offers_price_uber_avg,market,0.3122934444444425,0.49952343607212313,20.78653344444444,20.713286055555557
wildcat_strike,bank_tellers,rides_offers_price_no_surge_avg,market,0.28832149999999857,0.4862484060319814,21.220735055555558,21.16593622222222
wildcat_strike,bank_tellers_drivers,drivers_acceptance_rate,driver_decisions,0.2396230555555554,1.18487985579538,2.119870166666667,2.173982944444444
wildcat_strike,bank_tellers_drivers,drivers_total_length_avg,supply,-2677.651285277774,-0.4478685787933395,21163.010279,22410.883365944446
wildcat_strike,bank_tellers_drivers,drivers_shift_duration_avg,supply,-365.0328902777778,-0.3906707778789503,3444.599505,3766.5394167777777
wildcat_strike,bank_tellers_drivers,traffic_length_avg,trip,28.669030055554686,0.3595956924311284,3889.3642362777778,3913.363475055555
wildcat_strike,bank_tellers_drivers,passengers_acceptance_rate,passenger_decisions,-0.03966144444444408,-0.3411282553592448,1.399961611111111,2.148158888888889
wildcat_strike,drivers,drivers_idle_duration_avg,supply,122.34634116666666,1.0309796414234964,787.6390765000001,781.1735767222222
wildcat_strike,drivers,drivers_occupied_duration_avg,supply,95.49665261111113,0.7958950308173447,585.6935675555555,591.2400875555555
wildcat_strike,drivers,drivers_occupied_distance_avg,supply,785.8463067777766,0.7067464388131351,5048.315670277777,5108.079767277777
wildcat_strike,drivers,passengers_pickup_reject,passenger_decisions,-0.02380683333333336,-0.48177285015699794,0.16461050000000002,0.12836083333333334
wildcat_strike,drivers,drivers_shift_duration_avg,supply,419.65820800000074,0.4491326752443801,3868.140832333334,3766.5394167777777
wildcat_strike,managers,drivers_idle_duration_avg,supply,323.26545344444423,2.7240708475519124,851.3913032222222,781.1735767222222
wildcat_strike,managers,drivers_occupied_distance_avg,supply,1255.8543930555543,1.1294455573624445,5478.292769888889,5108.079767277777
wildcat_strike,managers,drivers_occupied_duration_avg,supply,132.43942055555567,1.1037860890658167,613.0338711111111,591.2400875555555
wildcat_strike,managers,drivers_shift_duration_avg,supply,760.2820380555563,0.8136800357593411,3995.349108055556,3766.5394167777777
wildcat_strike,managers,drivers_total_length_avg,supply,3280.3512243333353,0.5486772115782634,23619.575699611112,22410.883365944446
wildcat_strike,managers_drivers,drivers_acceptance_rate,driver_decisions,0.2043067777777774,1.010249138298075,2.1063261666666664,2.173982944444444
wildcat_strike,managers_drivers,drivers_idle_duration_avg,supply,-76.28741888888908,-0.6428535174913705,682.0233698333334,781.1735767222222
wildcat_strike,managers_drivers,passengers_pickup_reject,passenger_decisions,-0.03080505555555557,-0.6233940989314547,0.22550005555555558,0.12836083333333334
wildcat_strike,managers_drivers,traffic_speed_avg,trip,0.5168173888888887,0.5308589859778838,5.1504573888888885,5.128053111111111
wildcat_strike,managers_drivers,drivers_occupied_duration_avg,supply,-62.082597444444446,-0.5174132229271236,569.0942126111111,591.2400875555555
wildcat_strike,students,drivers_idle_duration_avg,supply,83.64221833333329,0.7048304300959357,668.8839989444444,781.1735767222222
wildcat_strike,students,passengers_rating_avg,passenger_experience,-0.008097000000000243,-0.3841963896927515,4.901099500000001,4.890071722222222
wildcat_strike,students,drivers_acceptance_rate,driver_decisions,0.0725536111111107,0.3587606045313775,2.1566806111111108,2.173982944444444
wildcat_strike,students,drivers_occupied_duration_avg,supply,42.83442522222231,0.35699372962437503,541.9748840555555,591.2400875555555
wildcat_strike,students,passengers_pickup_reject,passenger_decisions,-0.016111444444444456,-0.32604321630958033,0.18488872222222222,0.12836083333333334
wildcat_strike,students_drivers,drivers_acceptance_rate,driver_decisions,0.22721105555555599,1.1235054244576497,2.11337,2.173982944444444
wildcat_strike,students_drivers,passengers_pickup_reject,passenger_decisions,-0.024388666666666697,-0.4935472638050268,0.17561183333333333,0.12836083333333334
wildcat_strike,students_drivers,traffic_length_avg,trip,32.60489894444436,0.4089633025552175,3913.1990215000005,3913.363475055555
wildcat_strike,students_drivers,rides_offers_price_no_surge_avg,market,-0.24216938888888961,-0.4084137996540743,20.970079666666667,21.16593622222222
wildcat_strike,students_drivers,rides_offers_price_lyft_avg,market,-0.20804611111111626,-0.3886424313890525,21.6605575,21.92458222222222
wildcat_strike-boycott_tncs,bank_tellers,drivers_idle_duration_avg,supply,226.80191355555553,1.9111985963939566,791.9969020555556,781.1735767222222
wildcat_strike-boycott_tncs,bank_tellers,passengers_pickup_reject,passenger_decisions,-0.06385127777777773,-1.2921421194684772,0.0667225,0.12836083333333334
wildcat_strike-boycott_tncs,bank_tellers,passengers_reject,passenger_decisions,-1.9338329444444442,-1.0750098500001595,3.194167,4.9192779444444446
wildcat_strike-boycott_tncs,bank_tellers,drivers_occupied_duration_avg,supply,65.2008978888889,0.5434019854697815,674.2378325000001,591.2400875555555
wildcat_strike-boycott_tncs,bank_tellers,passengers_change_provider,passenger_decisions,-0.549722444444444,-0.4820587377931437,1.7551387222222223,3.141777555555556
wildcat_strike-boycott_tncs,bank_tellers_drivers,passengers_pickup_reject,passenger_decisions,-0.06087105555555554,-1.231832117966057,0.09077733333333333,0.12836083333333334
wildcat_strike-boycott_tncs,bank_tellers_drivers,passengers_reject,passenger_decisions,-1.9183981666666678,-1.066429719957727,3.5380461666666667,4.9192779444444446
wildcat_strike-boycott_tncs,bank_tellers_drivers,drivers_acceptance_rate,driver_decisions,0.1815366111111103,0.8976560001549796,2.3086689444444444,2.173982944444444
wildcat_strike-boycott_tncs,bank_tellers_drivers,traffic_length_avg,trip,69.35214333333215,0.8698840510197346,3927.578945055555,3913.363475055555
wildcat_strike-boycott_tncs,bank_tellers_drivers,drivers_idle_duration_avg,supply,101.79140738888907,0.8577687545786795,703.3173557222223,781.1735767222222
wildcat_strike-boycott_tncs,drivers,drivers_idle_duration_avg,supply,229.05362511111093,1.9301731627765608,869.1817177777776,781.1735767222222
wildcat_strike-boycott_tncs,drivers,rides_offers_price_lyft_avg,market,0.6327308333333335,1.1819785919966128,22.03780377777778,21.92458222222222
wildcat_strike-boycott_tncs,drivers,drivers_occupied_duration_avg,supply,122.45106738888887,1.0205404418725887,673.4332738333334,591.2400875555555
wildcat_strike-boycott_tncs,drivers,rides_offers_price_no_surge_avg,market,0.5165327222222267,0.8711220385712449,21.342202000000004,21.16593622222222
wildcat_strike-boycott_tncs,drivers,drivers_occupied_distance_avg,supply,830.3661167222217,0.7467850785108741,5787.731436055556,5108.079767277777
wildcat_strike-boycott_tncs,managers,drivers_idle_duration_avg,supply,296.55995877777775,2.4990308418359244,799.521165888889,781.1735767222222
wildcat_strike-boycott_tncs,managers,passengers_pickup_reject,passenger_decisions,-0.0476943333333333,-0.9651781311950155,0.077,0.12836083333333334
wildcat_strike-boycott_tncs,managers,traffic_length_avg,trip,64.6857277222216,0.8113531921243671,3950.609553611111,3913.363475055555
wildcat_strike-boycott_tncs,managers,drivers_occupied_duration_avg,supply,96.14470199999994,0.8012960503739277,637.5244440555555,591.2400875555555
wildcat_strike-boycott_tncs,managers,drivers_occupied_distance_avg,supply,769.7373999444435,0.6922589844095985,5687.071732611112,5108.079767277777
wildcat_strike-boycott_tncs,managers_drivers,passengers_pickup_reject,passenger_decisions,-0.0687777777777778,-1.3918384508984651,0.06605516666666666,0.12836083333333334
wildcat_strike-boycott_tncs,managers_drivers,drivers_total_length_avg,supply,-4772.869543999994,-0.7983184035913548,23668.694017611113,22410.883365944446
wildcat_strike-boycott_tncs,managers_drivers,drivers_occupied_distance_avg,supply,-851.4989482222227,-0.765790771196387,5366.720883222222,5108.079767277777
wildcat_strike-boycott_tncs,managers_drivers,drivers_shift_duration_avg,supply,-646.837462500001,-0.6922677418021843,3846.6743151111114,3766.5394167777777
wildcat_strike-boycott_tncs,managers_drivers,passengers_reject,passenger_decisions,-1.199981222222223,-0.6670646693707618,3.0829630000000003,4.9192779444444446
wildcat_strike-boycott_tncs,students,drivers_idle_duration_avg,supply,162.8676059999999,1.3724414186170306,722.9447439444443,781.1735767222222
wildcat_strike-boycott_tncs,students,rides_offers_price_lyft_avg,market,0.41354605555555324,0.7725284729625248,21.89955811111111,21.92458222222222
wildcat_strike-boycott_tncs,students,passengers_acceptance_rate,passenger_decisions,0.07498855555555561,0.6449768909553653,2.046736166666667,2.148158888888889
wildcat_strike-boycott_tncs,students,rides_offers_price_no_surge_avg,market,0.3506007222222216,0.5912810606708747,21.184899277777777,21.16593622222222
wildcat_strike-boycott_tncs,students,rides_offers_price_uber_avg,market,0.29350411111111185,0.4694692914362451,20.725378111111112,20.713286055555557
wildcat_strike-boycott_tncs,students_drivers,passengers_acceptance_rate,passenger_decisions,0.09205766666666682,0.791788389513435,2.051584111111111,2.148158888888889
wildcat_strike-boycott_tncs,students_drivers,drivers_occupied_distance_avg,supply,-727.1932268333339,-0.6539971225427221,4723.447470555556,5108.079767277777
wildcat_strike-boycott_tncs,students_drivers,drivers_occupied_duration_avg,supply,-73.34922183333344,-0.6113123295452223,531.291806611111,591.2400875555555
wildcat_strike-boycott_tncs,students_drivers,drivers_total_length_avg,supply,-3620.5109612777705,-0.6055729167007533,21809.759397111113,22410.883365944446
wildcat_strike-boycott_tncs,students_drivers,drivers_idle_duration_avg,supply,58.8370744444444,0.4958041681892785,671.3216708333333,781.1735767222222
wildcat_strike-long_rides,bank_tellers,drivers_idle_duration_avg,supply,205.97427961111123,1.7356897387445762,936.1606576388889,998.3249126111112
wildcat_strike-long_rides,bank_tellers,passengers_pickup_reject,passenger_decisions,0.0386064444444445,0.7812688279035208,0.2934119722222222,0.11379150000000002
wildcat_strike-long_rides,bank_tellers,passengers_acceptance_rate,passenger_decisions,0.08415302777777756,0.7238005562112778,1.1676128055555555,2.0987324444444444
wildcat_strike-long_rides,bank_tellers,passengers_rating_avg,passenger_experience,-0.01402913888888957,-0.6656717934555255,4.898616611111111,4.879489861111111
wildcat_strike-long_rides,bank_tellers,traffic_length_avg,trip,-34.921153249999406,-0.4380160842237509,3894.237435138889,3918.707275333333
wildcat_strike-long_rides,bank_tellers_drivers,passengers_acceptance_rate,passenger_decisions,0.098234972222222,0.8449194213380387,1.1583984166666665,2.0987324444444444
wildcat_strike-long_rides,bank_tellers_drivers,drivers_acceptance_rate,driver_decisions,0.1125940833333332,0.5567513564757223,1.8278405833333333,2.1232066666666665
wildcat_strike-long_rides,bank_tellers_drivers,drivers_total_length_avg,supply,-2581.8928940833393,-0.43185186488903476,24862.74914058333,25669.58224572222
wildcat_strike-long_rides,bank_tellers_drivers,traffic_duration_avg,trip,-63.03742786111093,-0.4153327369113547,732.8445165555555,759.4386755833334
wildcat_strike-long_rides,bank_tellers_drivers,passengers_rating_avg,passenger_experience,0.008480305555554679,0.40238394194583094,4.871353833333333,4.879489861111111
wildcat_strike-long_rides,drivers,traffic_duration_avg,trip,-70.05127658333322,-0.4615446634592006,734.6752048055556,759.4386755833334
wildcat_strike-long_rides,drivers,passengers_pickup_reject,passenger_decisions,-0.022485749999999943,-0.4550384216891933,0.17795875,0.11379150000000002
wildcat_strike-long_rides,drivers,passengers_acceptance_rate,passenger_decisions,0.05158552777777747,0.4436873477280573,1.8563168888888886,2.0987324444444444
wildcat_strike-long_rides,drivers,drivers_acceptance_rate,driver_decisions,0.08845502777777758,0.4373893835662657,1.8208360555555556,2.1232066666666665
wildcat_strike-long_rides,drivers,traffic_speed_avg,trip,0.3603032500000003,0.370092458287346,5.37847388888889,5.221678027777777
wildcat_strike-long_rides,managers,drivers_idle_duration_avg,supply,107.41657022222228,0.9051704856444117,806.7407080277778,998.3249126111112
wildcat_strike-long_rides,managers,passengers_acceptance_rate,passenger_decisions,0.08435147222222206,0.7255073777370019,1.3891153055555554,2.0987324444444444
wildcat_strike-long_rides,managers,rides_offers_price_uber_avg,market,-0.38739072222222504,-0.6196439538177149,26.44143044444444,20.522367444444445
wildcat_strike-long_rides,managers,passengers_pickup_reject,passenger_decisions,0.025304888888888932,0.5120886206161882,0.27159713888888887,0.11379150000000002
wildcat_strike-long_rides,managers,passengers_rating_avg,passenger_experience,-0.010295722222221748,-0.4885240591647412,4.901680222222223,4.879489861111111
wildcat_strike-long_rides,managers_drivers,drivers_idle_duration_avg,supply,173.3644959166669,1.4608958807541927,985.6071466666667,998.3249126111112
wildcat_strike-long_rides,managers_drivers,passengers_acceptance_rate,passenger_decisions,0.08909363888888855,0.7662947737656233,1.3711008333333332,2.0987324444444444
wildcat_strike-long_rides,managers_drivers,drivers_acceptance_rate,driver_decisions,0.11683169444444408,0.577705350366706,1.8137239166666665,2.1232066666666665
wildcat_strike-long_rides,managers_drivers,drivers_occupied_distance_avg,supply,-531.2813742222224,-0.4778049040898321,5721.681205805556,5772.043823916667
wildcat_strike-long_rides,managers_drivers,traffic_length_avg,trip,-35.597303194444066,-0.44649703411946373,3934.427648555556,3918.707275333333
wildcat_strike-long_rides,students,drivers_idle_duration_avg,supply,212.23537786111137,1.7884503261650777,1016.156108138889,998.3249126111112
wildcat_strike-long_rides,students,passengers_acceptance_rate,passenger_decisions,0.07242530555555526,0.6229303666091701,1.7089685,2.0987324444444444
wildcat_strike-long_rides,students,passengers_rating_avg,passenger_experience,-0.009744361111112099,-0.4623624007350382,4.901344555555555,4.879489861111111
wildcat_strike-long_rides,students,drivers_acceptance_rate,driver_decisions,0.06654161111111101,0.3290326734000181,1.9956056666666666,2.1232066666666665
wildcat_strike-long_rides,students,drivers_busy,supply,311.3221101666668,0.3201379225366116,3194.455231472222,3255.854975888889
wildcat_strike-long_rides,students_drivers,drivers_idle_duration_avg,supply,111.88638947222239,0.9428364477291732,861.9496382222223,998.3249126111112
wildcat_strike-long_rides,students_drivers,passengers_acceptance_rate,passenger_decisions,0.10087680555555556,0.8676418412744165,1.7097610277777777,2.0987324444444444
wildcat_strike-long_rides,students_drivers,passengers_rating_avg,passenger_experience,0.016709111111111064,0.7928344033424376,4.884644333333333,4.879489861111111
wildcat_strike-long_rides,students_drivers,drivers_acceptance_rate,driver_decisions,0.1598362777777771,0.7903529371375303,1.8611394444444442,2.1232066666666665
wildcat_strike-long_rides,students_drivers,rides_duration_avg,trip,-91.40270777777778,-0.3911040059889748,1164.320230638889,1045.5835645277778
