scenario,personality,family,scenario_effect,personality_effect,interaction_effect
boycott_tncs,bank_tellers,demand,1.1647093792482939,0.03781014874946144,0.04417912783593369
boycott_tncs,bank_tellers,driver_decisions,1.4330577825866373,0.11036246058830727,0.07689136814073298
boycott_tncs,bank_tellers,market,0.422368879460234,0.21602438175727248,0.20971555647091855
boycott_tncs,bank_tellers,matching,1.5505228726792664,0.05033481941924656,0.05189231205503263
boycott_tncs,bank_tellers,passenger_decisions,1.4037691138848,1.447048520681039,0.47871877570460236
boycott_tncs,bank_tellers,passenger_experience,0.41947117200293504,0.17184432838108268,0.16806732492914292
boycott_tncs,bank_tellers,supply,0.664414571813122,0.18564797361210186,0.23930385148137936
boycott_tncs,bank_tellers,trip,0.0939405629508475,0.10147258718726564,0.17318999563158313
boycott_tncs,bank_tellers_drivers,demand,1.1647093792482939,0.19399952318139818,0.12790994222742524
boycott_tncs,bank_tellers_drivers,driver_decisions,1.4330577825866373,0.35131846723011106,0.16096789394749447
boycott_tncs,bank_tellers_drivers,market,0.422368879460234,0.15688420668463296,0.13411942110232195
boycott_tncs,bank_tellers_drivers,matching,1.5505228726792664,0.14769815673126926,0.13593065849347355
boycott_tncs,bank_tellers_drivers,passenger_decisions,1.4037691138848,1.5666105551009097,0.5669862918813771
boycott_tncs,bank_tellers_drivers,passenger_experience,0.41947117200293504,0.17797588004086332,0.08047063807141204
boycott_tncs,bank_tellers_drivers,supply,0.664414571813122,0.23123078413434553,0.31766255289827455
boycott_tncs,bank_tellers_drivers,trip,0.0939405629508475,0.18424903727695885,0.21797892016993714
boycott_tncs,baseline,demand,1.1647093792482939,0.0,0.0
boycott_tncs,baseline,driver_decisions,1.4330577825866373,0.0,0.0
boycott_tncs,baseline,market,0.422368879460234,0.0,0.0
boycott_tncs,baseline,matching,1.5505228726792664,0.0,0.0
boycott_tncs,baseline,passenger_decisions,1.4037691138848,0.0,0.0
boycott_tncs,baseline,passenger_experience,0.41947117200293504,0.0,0.0
boycott_tncs,baseline,supply,0.664414571813122,0.0,0.0
boycott_tncs,baseline,trip,0.0939405629508475,0.0,0.0
boycott_tncs,drivers,demand,1.1647093792482939,0.08545274433522006,0.054045418995552694
boycott_tncs,drivers,driver_decisions,1.4330577825866373,0.20328129536092157,0.2555209281283031
boycott_tncs,drivers,market,0.422368879460234,0.11439955636170085,0.12763588535927164
boycott_tncs,drivers,matching,1.5505228726792664,0.09139376392575113,0.04850590314383198
boycott_tncs,drivers,passenger_decisions,1.4037691138848,0.18885828234704966,0.05792376943428492
boycott_tncs,drivers,passenger_experience,0.41947117200293504,0.17858861046987928,0.12297629547673991
boycott_tncs,drivers,supply,0.664414571813122,0.2604112803465934,0.5141877914098864
boycott_tncs,drivers,trip,0.0939405629508475,0.12195168775452048,0.0735646188308978
boycott_tncs,managers,demand,1.1647093792482939,0.04011590573522872,0.043244503269145196
boycott_tncs,managers,driver_decisions,1.4330577825866373,0.08822350161860726,0.06949542191919071
boycott_tncs,managers,market,0.422368879460234,0.5537016444162256,0.3853279838144085
boycott_tncs,managers,matching,1.5505228726792664,0.05260572756276599,0.10372474348580789
boycott_tncs,managers,passenger_decisions,1.4037691138848,1.0537001852743773,0.4050528826300808
boycott_tncs,managers,passenger_experience,0.41947117200293504,0.13646740593392515,0.2220309731018649
boycott_tncs,managers,supply,0.664414571813122,0.362024998779332,0.38081765053286337
boycott_tncs,managers,trip,0.0939405629508475,0.08545035292184763,0.20153897505811616
boycott_tncs,managers_drivers,demand,1.1647093792482939,0.13774972149595463,0.04148921937591574
boycott_tncs,managers_drivers,driver_decisions,1.4330577825866373,0.2983154075698406,0.17306073559381321
boycott_tncs,managers_drivers,market,0.422368879460234,0.15798780750239524,0.19041415009599763
boycott_tncs,managers_drivers,matching,1.5505228726792664,0.10029530371098885,0.05912042465693849
boycott_tncs,managers_drivers,passenger_decisions,1.4037691138848,1.146397367184687,0.3791490172810818
boycott_tncs,managers_drivers,passenger_experience,0.41947117200293504,0.1060646191380676,0.06721166286918978
boycott_tncs,managers_drivers,supply,0.664414571813122,0.3286579011352712,0.2520153902987861
boycott_tncs,managers_drivers,trip,0.0939405629508475,0.19475259666669045,0.1270764151821236
boycott_tncs,students,demand,1.1647093792482939,0.04417313124744379,0.06328721145273053
boycott_tncs,students,driver_decisions,1.4330577825866373,0.12161838008878245,0.16320715032089922
boycott_tncs,students,market,0.422368879460234,0.040017208197669726,0.11134906525718448
boycott_tncs,students,matching,1.5505228726792664,0.06617894525381961,0.048791131592623924
boycott_tncs,students,passenger_decisions,1.4037691138848,0.4837452519649199,0.2118356408483427
boycott_tncs,students,passenger_experience,0.41947117200293504,0.07257861298389837,0.2492959221004378
boycott_tncs,students,supply,0.664414571813122,0.26431170719722924,0.2999881904432654
boycott_tncs,students,trip,0.0939405629508475,0.11659903669843971,0.14159723107648103
boycott_tncs,students_drivers,demand,1.1647093792482939,0.16217822243966046,0.12955372731066106
boycott_tncs,students_drivers,driver_decisions,1.4330577825866373,0.3628129386136204,0.17659218036409194
boycott_tncs,students_drivers,market,0.422368879460234,0.2369384062669568,0.4099806490454343
boycott_tncs,students_drivers,matching,1.5505228726792664,0.16099376453085382,0.12707631513601572
boycott_tncs,students_drivers,passenger_decisions,1.4037691138848,0.5790967091882412,0.27463441089203505
boycott_tncs,students_drivers,passenger_experience,0.41947117200293504,0.0863973447519239,0.0698041142380265
boycott_tncs,students_drivers,supply,0.664414571813122,0.17078216235420207,0.1983577802633144
boycott_tncs,students_drivers,trip,0.0939405629508475,0.15225910571596954,0.12800422364262362
boycott_tncs-long_rides,bank_tellers,demand,1.035787397014803,0.052634796979156497,0.0573626846832026
boycott_tncs-long_rides,bank_tellers,driver_decisions,0.8158106371623629,0.043861874962817925,0.12187646392984004
boycott_tncs-long_rides,bank_tellers,market,10.025552514706531,0.048818080770100504,0.42940016263797665
boycott_tncs-long_rides,bank_tellers,matching,0.9677880903517588,0.06815682137392881,0.05534353388029304
boycott_tncs-long_rides,bank_tellers,passenger_decisions,0.8931229683966116,1.5264565387137652,0.21525863062800862
boycott_tncs-long_rides,bank_tellers,passenger_experience,0.8634264651581456,0.2541896102420712,0.17674978306770042
boycott_tncs-long_rides,bank_tellers,supply,0.6266257201151698,0.22298135487821744,0.3002076106108259
boycott_tncs-long_rides,bank_tellers,trip,0.1679766424998304,0.08230207914524826,0.08624109159548961
boycott_tncs-long_rides,bank_tellers_drivers,demand,1.035787397014803,0.16203547347582997,0.04574344490393349
boycott_tncs-long_rides,bank_tellers_drivers,driver_decisions,0.8158106371623629,0.34038870570186164,0.1157619537782766
boycott_tncs-long_rides,bank_tellers_drivers,market,10.025552514706531,0.14537013035264681,0.38603502155031827
boycott_tncs-long_rides,bank_tellers_drivers,matching,0.9677880903517588,0.14081075239004684,0.03116636899850613
boycott_tncs-long_rides,bank_tellers_drivers,passenger_decisions,0.8931229683966116,1.7104087588103398,0.28272879703173387
boycott_tncs-long_rides,bank_tellers_drivers,passenger_experience,0.8634264651581456,0.7282056979077287,0.13901876529015664
boycott_tncs-long_rides,bank_tellers_drivers,supply,0.6266257201151698,0.26325288500335814,0.21923147964017373
boycott_tncs-long_rides,bank_tellers_drivers,trip,0.1679766424998304,0.1133223156103625,0.12104674496231675
boycott_tncs-long_rides,baseline,demand,1.035787397014803,0.0,0.0
boycott_tncs-long_rides,baseline,driver_decisions,0.8158106371623629,0.0,0.0
boycott_tncs-long_rides,baseline,market,10.025552514706531,0.0,0.0
boycott_tncs-long_rides,baseline,matching,0.9677880903517588,0.0,0.0
boycott_tncs-long_rides,baseline,passenger_decisions,0.8931229683966116,0.0,0.0
boycott_tncs-long_rides,baseline,passenger_experience,0.8634264651581456,0.0,0.0
boycott_tncs-long_rides,baseline,supply,0.6266257201151698,0.0,0.0
boycott_tncs-long_rides,baseline,trip,0.1679766424998304,0.0,0.0
boycott_tncs-long_rides,drivers,demand,1.035787397014803,0.10107398991106933,0.03085656877588775
boycott_tncs-long_rides,drivers,driver_decisions,0.8158106371623629,0.32782958172041937,0.10572458411269069
boycott_tncs-long_rides,drivers,market,10.025552514706531,0.0963472183313294,0.07342139544484143
boycott_tncs-long_rides,drivers,matching,0.9677880903517588,0.12351625103335409,0.022077289834956056
boycott_tncs-long_rides,drivers,passenger_decisions,0.8931229683966116,0.22241447401020903,0.04455800867945509
boycott_tncs-long_rides,drivers,passenger_experience,0.8634264651581456,0.4910499302685497,0.19819025381552374
boycott_tncs-long_rides,drivers,supply,0.6266257201151698,0.1674897198950723,0.1406025726957152
boycott_tncs-long_rides,drivers,trip,0.1679766424998304,0.1443039968788091,0.30153335065471765
boycott_tncs-long_rides,managers,demand,1.035787397014803,0.03762897310735638,0.03771832232099543
boycott_tncs-long_rides,managers,driver_decisions,0.8158106371623629,0.051722640737804255,0.07541669928481233
boycott_tncs-long_rides,managers,market,10.025552514706531,0.5709689815885861,0.10777341025664462
boycott_tncs-long_rides,managers,matching,0.9677880903517588,0.05239589053583519,0.04988891202438333
boycott_tncs-long_rides,managers,passenger_decisions,0.8931229683966116,1.1097848269744541,0.15787699528744706
boycott_tncs-long_rides,managers,passenger_experience,0.8634264651581456,0.23996408258609878,0.2436298678538735
boycott_tncs-long_rides,managers,supply,0.6266257201151698,0.27397937443136516,0.3451993855686582
boycott_tncs-long_rides,managers,trip,0.1679766424998304,0.05155869909521793,0.07635470571567712
boycott_tncs-long_rides,managers_drivers,demand,1.035787397014803,0.15369647231251773,0.043337043443722204
boycott_tncs-long_rides,managers_drivers,driver_decisions,0.8158106371623629,0.37880266576890564,0.1278757372511557
boycott_tncs-long_rides,managers_drivers,market,10.025552514706531,0.2410505202005034,0.3810638951009948
boycott_tncs-long_rides,managers_drivers,matching,0.9677880903517588,0.1260097409006537,0.06264684726133288
boycott_tncs-long_rides,managers_drivers,passenger_decisions,0.8931229683966116,1.2772197136885386,0.23936103356224966
boycott_tncs-long_rides,managers_drivers,passenger_experience,0.8634264651581456,0.4946452580248976,0.30437717149365556
boycott_tncs-long_rides,managers_drivers,supply,0.6266257201151698,0.2930691497166055,0.2857794934647134
boycott_tncs-long_rides,managers_drivers,trip,0.1679766424998304,0.3495192051418076,0.4183004144843713
boycott_tncs-long_rides,students,demand,1.035787397014803,0.03031241502081656,0.04381044570573905
boycott_tncs-long_rides,students,driver_decisions,0.8158106371623629,0.06671159829816417,0.03193469879330499
boycott_tncs-long_rides,students,market,10.025552514706531,0.041025052957658105,0.17823162212692503
boycott_tncs-long_rides,students,matching,0.9677880903517588,0.028931581693102552,0.046542250044950564
boycott_tncs-long_rides,students,passenger_decisions,0.8931229683966116,0.45558055292711186,0.0804480110912145
boycott_tncs-long_rides,students,passenger_experience,0.8634264651581456,0.11281623036856356,0.17590514743570287
boycott_tncs-long_rides,students,supply,0.6266257201151698,0.16174416969697092,0.20823488907198895
boycott_tncs-long_rides,students,trip,0.1679766424998304,0.05523044839937724,0.11300819364875818
boycott_tncs-long_rides,students_drivers,demand,1.035787397014803,0.13275290284013858,0.03399290371787748
boycott_tncs-long_rides,students_drivers,driver_decisions,0.8158106371623629,0.37359366634934377,0.09950099683755287
boycott_tncs-long_rides,students_drivers,market,10.025552514706531,0.15415642968773882,0.2952868375862732
boycott_tncs-long_rides,students_drivers,matching,0.9677880903517588,0.14442023092075654,0.059464044804813425
boycott_tncs-long_rides,students_drivers,passenger_decisions,0.8931229683966116,0.6101902178189615,0.11793412047446869
boycott_tncs-long_rides,students_drivers,passenger_experience,0.8634264651581456,0.5469207229555072,0.17918503401741942
boycott_tncs-long_rides,students_drivers,supply,0.6266257201151698,0.2552426535849016,0.1689808035863414
boycott_tncs-long_rides,students_drivers,trip,0.1679766424998304,0.12065751127816346,0.2253792575858949
flash_mob,bank_tellers,demand,0.4747920387331629,0.04801164104253687,0.06596375410263323
flash_mob,bank_tellers,driver_decisions,0.4536369496576781,0.1763821142623708,0.22266437327321556
flash_mob,bank_tellers,market,5.712341870951838,0.7540362923560018,0.8317533820083627
flash_mob,bank_tellers,matching,0.12601560904187661,0.04836731170082746,0.04802774955421309
flash_mob,bank_tellers,passenger_decisions,0.5924142163964708,1.1364930720889308,0.1925575000113596
flash_mob,bank_tellers,passenger_experience,0.5918245794366139,0.14210785138152798,0.1860784036047596
flash_mob,bank_tellers,supply,0.31738208116124517,0.1657974631009719,0.15941615153172578
flash_mob,bank_tellers,trip,0.5382139540282601,0.09522183027961359,0.19234418246306612
flash_mob,bank_tellers_drivers,demand,0.4747920387331629,0.09015471783251838,0.1023561322255738
flash_mob,bank_tellers_drivers,driver_decisions,0.4536369496576781,0.235487122785579,0.11854068063942272
flash_mob,bank_tellers_drivers,market,5.712341870951838,0.24717212122237572,0.9519904739234107
flash_mob,bank_tellers_drivers,matching,0.12601560904187661,0.07604165068886773,0.03875357632538916
flash_mob,bank_tellers_drivers,passenger_decisions,0.5924142163964708,1.1759276562270244,0.19440425205172662
flash_mob,bank_tellers_drivers,passenger_experience,0.5918245794366139,0.18570856627329793,0.21246766715407628
flash_mob,bank_tellers_drivers,supply,0.31738208116124517,0.16462616094686014,0.17177240816075834
flash_mob,bank_tellers_drivers,trip,0.5382139540282601,0.18056517565623592,0.29169577135482205
flash_mob,baseline,demand,0.4747920387331629,0.0,0.0
flash_mob,baseline,driver_decisions,0.4536369496576781,0.0,0.0
flash_mob,baseline,market,5.712341870951838,0.0,0.0
flash_mob,baseline,matching,0.12601560904187661,0.0,0.0
flash_mob,baseline,passenger_decisions,0.5924142163964708,0.0,0.0
flash_mob,baseline,passenger_experience,0.5918245794366139,0.0,0.0
flash_mob,baseline,supply,0.31738208116124517,0.0,0.0
flash_mob,baseline,trip,0.5382139540282601,0.0,0.0
flash_mob,drivers,demand,0.4747920387331629,0.1024975317906358,0.16418275171540153
flash_mob,drivers,driver_decisions,0.4536369496576781,0.10832271750130773,0.3277484551810705
flash_mob,drivers,market,5.712341870951838,0.1536766811602529,0.7331992288420787
flash_mob,drivers,matching,0.12601560904187661,0.04033598232396095,0.11899989774715672
flash_mob,drivers,passenger_decisions,0.5924142163964708,0.17519061490806281,0.23484677069177978
flash_mob,drivers,passenger_experience,0.5918245794366139,0.20494859574986857,0.14792994206527948
flash_mob,drivers,supply,0.31738208116124517,0.3251292179257825,0.3510127854746982
flash_mob,drivers,trip,0.5382139540282601,0.19973793152269365,0.19054777075160872
flash_mob,managers,demand,0.4747920387331629,0.0538021612834711,0.0987167059373531
flash_mob,managers,driver_decisions,0.4536369496576781,0.13271210723335672,0.13130337503296266
flash_mob,managers,market,5.712341870951838,0.2852871352501343,1.6905323396115957
flash_mob,managers,matching,0.12601560904187661,0.058460218949782324,0.04620450664894886
flash_mob,managers,passenger_decisions,0.5924142163964708,0.8681085005187122,0.1979435818523469
flash_mob,managers,passenger_experience,0.5918245794366139,0.08613346719352191,0.22423357113390552
flash_mob,managers,supply,0.31738208116124517,0.29374046371216633,0.5074677581534247
flash_mob,managers,trip,0.5382139540282601,0.08750875717177409,0.11184721237250583
flash_mob,managers_drivers,demand,0.4747920387331629,0.08757396650087397,0.11663484504476505
flash_mob,managers_drivers,driver_decisions,0.4536369496576781,0.21778582440776575,0.15572023171582103
flash_mob,managers_drivers,market,5.712341870951838,0.17447028185447014,1.5880076526902827
flash_mob,managers_drivers,matching,0.12601560904187661,0.05824838727450867,0.14236135017692517
flash_mob,managers_drivers,passenger_decisions,0.5924142163964708,0.9161355681489424,0.26958508675559684
flash_mob,managers_drivers,passenger_experience,0.5918245794366139,0.2216443268436313,0.15975136178958538
flash_mob,managers_drivers,supply,0.31738208116124517,0.13052863107545296,0.15596295416632514
flash_mob,managers_drivers,trip,0.5382139540282601,0.1600038429493951,0.383379800028508
flash_mob,students,demand,0.4747920387331629,0.06467793455261404,0.07128714769313547
flash_mob,students,driver_decisions,0.4536369496576781,0.09298579016505584,0.14201936567062945
flash_mob,students,market,5.712341870951838,0.12160607313753229,1.1471903227721645
flash_mob,students,matching,0.12601560904187661,0.06556760406604989,0.051202537194056444
flash_mob,students,passenger_decisions,0.5924142163964708,0.39391333815958507,0.21316872829005798
flash_mob,students,passenger_experience,0.5918245794366139,0.13583971382610688,0.17224343296020092
flash_mob,students,supply,0.31738208116124517,0.2124296197914175,0.3696704945139399
flash_mob,students,trip,0.5382139540282601,0.08726324939243903,0.2408827387615627
flash_mob,students_drivers,demand,0.4747920387331629,0.10741332860593367,0.15321022735955633
flash_mob,students_drivers,driver_decisions,0.4536369496576781,0.318347289903011,0.14227349126318684
flash_mob,students_drivers,market,5.712341870951838,0.21321438773092274,1.4679268972002468
flash_mob,students_drivers,matching,0.12601560904187661,0.09913548369654049,0.07884544078694548
flash_mob,students_drivers,passenger_decisions,0.5924142163964708,0.5151714722678131,0.31853504462467364
flash_mob,students_drivers,passenger_experience,0.5918245794366139,0.3027020660274461,0.3734568445494133
flash_mob,students_drivers,supply,0.31738208116124517,0.15646950689371075,0.3178199463278261
flash_mob,students_drivers,trip,0.5382139540282601,0.16211466675549194,0.28504071399653885
flash_mob-boycott_tncs,bank_tellers,demand,1.3316124015657138,0.03781014874946144,0.0453317568897238
flash_mob-boycott_tncs,bank_tellers,driver_decisions,1.0692645585137848,0.11036246058830727,0.05048056260616721
flash_mob-boycott_tncs,bank_tellers,market,4.574456575338405,0.21602438175727248,0.30062334260335993
flash_mob-boycott_tncs,bank_tellers,matching,1.4334433032225853,0.05033481941924656,0.06603027692611664
flash_mob-boycott_tncs,bank_tellers,passenger_decisions,1.0957556840124625,1.447048520681039,0.35455632114162766
flash_mob-boycott_tncs,bank_tellers,passenger_experience,0.874451318742228,0.17184432838108268,0.22092577656306664
flash_mob-boycott_tncs,bank_tellers,supply,0.6303865554266296,0.18564797361210186,0.3104447176810237
flash_mob-boycott_tncs,bank_tellers,trip,0.5842319924663663,0.10147258718726564,0.056465986028967505
flash_mob-boycott_tncs,bank_tellers_drivers,demand,1.3316124015657138,0.19399952318139818,0.14804584987039662
flash_mob-boycott_tncs,bank_tellers_drivers,driver_decisions,1.0692645585137848,0.35131846723011106,0.16529540537671128
flash_mob-boycott_tncs,bank_tellers_drivers,market,4.574456575338405,0.15688420668463296,0.37572075531093896
flash_mob-boycott_tncs,bank_tellers_drivers,matching,1.4334433032225853,0.14769815673126926,0.08371468381439925
flash_mob-boycott_tncs,bank_tellers_drivers,passenger_decisions,1.0957556840124625,1.5666105551009097,0.49422748171154013
flash_mob-boycott_tncs,bank_tellers_drivers,passenger_experience,0.874451318742228,0.17797588004086332,0.2755377159623421
flash_mob-boycott_tncs,bank_tellers_drivers,supply,0.6303865554266296,0.23123078413434553,0.28335355153429903
flash_mob-boycott_tncs,bank_tellers_drivers,trip,0.5842319924663663,0.18424903727695885,0.2695587721284213
flash_mob-boycott_tncs,baseline,demand,1.3316124015657138,0.0,0.0
flash_mob-boycott_tncs,baseline,driver_decisions,1.0692645585137848,0.0,0.0
flash_mob-boycott_tncs,baseline,market,4.574456575338405,0.0,0.0
flash_mob-boycott_tncs,baseline,matching,1.4334433032225853,0.0,0.0
flash_mob-boycott_tncs,baseline,passenger_decisions,1.0957556840124625,0.0,0.0
flash_mob-boycott_tncs,baseline,passenger_experience,0.874451318742228,0.0,0.0
flash_mob-boycott_tncs,baseline,supply,0.6303865554266296,0.0,0.0
flash_mob-boycott_tncs,baseline,trip,0.5842319924663663,0.0,0.0
flash_mob-boycott_tncs,drivers,demand,1.3316124015657138,0.08545274433522006,0.063444934156117
flash_mob-boycott_tncs,drivers,driver_decisions,1.0692645585137848,0.20328129536092157,0.22298624037574108
flash_mob-boycott_tncs,drivers,market,4.574456575338405,0.11439955636170085,0.3757367396290026
flash_mob-boycott_tncs,drivers,matching,1.4334433032225853,0.09139376392575113,0.062420139963825914
flash_mob-boycott_tncs,drivers,passenger_decisions,1.0957556840124625,0.18885828234704966,0.06948963636603214
flash_mob-boycott_tncs,drivers,passenger_experience,0.874451318742228,0.17858861046987928,0.5161756407546358
flash_mob-boycott_tncs,drivers,supply,0.6303865554266296,0.2604112803465934,0.17224277564395415
flash_mob-boycott_tncs,drivers,trip,0.5842319924663663,0.12195168775452048,0.15704258743821864
flash_mob-boycott_tncs,managers,demand,1.3316124015657138,0.04011590573522872,0.03775847190695949
flash_mob-boycott_tncs,managers,driver_decisions,1.0692645585137848,0.08822350161860726,0.1462935995580108
flash_mob-boycott_tncs,managers,market,4.574456575338405,0.5537016444162256,0.534414975143097
flash_mob-boycott_tncs,managers,matching,1.4334433032225853,0.05260572756276599,0.043735961154158266
flash_mob-boycott_tncs,managers,passenger_decisions,1.0957556840124625,1.0537001852743773,0.3040924075759709
flash_mob-boycott_tncs,managers,passenger_experience,0.874451318742228,0.13646740593392515,0.15211624609340732
flash_mob-boycott_tncs,managers,supply,0.6303865554266296,0.362024998779332,0.3821380770981422
flash_mob-boycott_tncs,managers,trip,0.5842319924663663,0.08545035292184763,0.2032378612893632
flash_mob-boycott_tncs,managers_drivers,demand,1.3316124015657138,0.13774972149595463,0.10794585693982814
flash_mob-boycott_tncs,managers_drivers,driver_decisions,1.0692645585137848,0.2983154075698406,0.13319797721700613
flash_mob-boycott_tncs,managers_drivers,market,4.574456575338405,0.15798780750239524,0.12570526457082762
flash_mob-boycott_tncs,managers_drivers,matching,1.4334433032225853,0.10029530371098885,0.04856462238506713
flash_mob-boycott_tncs,managers_drivers,passenger_decisions,1.0957556840124625,1.146397367184687,0.3114644729614217
flash_mob-boycott_tncs,managers_drivers,passenger_experience,0.874451318742228,0.1060646191380676,0.29616407118755544
flash_mob-boycott_tncs,managers_drivers,supply,0.6303865554266296,0.3286579011352712,0.6484940584258886
flash_mob-boycott_tncs,managers_drivers,trip,0.5842319924663663,0.19475259666669045,0.09179134212569337
flash_mob-boycott_tncs,students,demand,1.3316124015657138,0.04417313124744379,0.04757988313702947
flash_mob-boycott_tncs,students,driver_decisions,1.0692645585137848,0.12161838008878245,0.11481297970251446
flash_mob-boycott_tncs,students,market,4.574456575338405,0.040017208197669726,0.5725621679082479
flash_mob-boycott_tncs,students,matching,1.4334433032225853,0.06617894525381961,0.03488895824194275
flash_mob-boycott_tncs,students,passenger_decisions,1.0957556840124625,0.4837452519649199,0.1372613084917572
flash_mob-boycott_tncs,students,passenger_experience,0.874451318742228,0.07257861298389837,0.312112065944527
flash_mob-boycott_tncs,students,supply,0.6303865554266296,0.26431170719722924,0.1939851565427083
flash_mob-boycott_tncs,students,trip,0.5842319924663663,0.11659903669843971,0.12245785448727534
flash_mob-boycott_tncs,students_drivers,demand,1.3316124015657138,0.16217822243966046,0.13852862075295655
flash_mob-boycott_tncs,students_drivers,driver_decisions,1.0692645585137848,0.3628129386136204,0.19667917681295363
flash_mob-boycott_tncs,students_drivers,market,4.574456575338405,0.2369384062669568,0.05821376297818307
flash_mob-boycott_tncs,students_drivers,matching,1.4334433032225853,0.16099376453085382,0.09426051213770566
flash_mob-boycott_tncs,students_drivers,passenger_decisions,1.0957556840124625,0.5790967091882412,0.27946963968056543
flash_mob-boycott_tncs,students_drivers,passenger_experience,0.874451318742228,0.0863973447519239,0.468308531905878
flash_mob-boycott_tncs,students_drivers,supply,0.6303865554266296,0.17078216235420207,0.25615848299350563
flash_mob-boycott_tncs,students_drivers,trip,0.5842319924663663,0.15225910571596954,0.233045483090909
flash_mob-long_rides,bank_tellers,demand,0.7805987350153427,0.052634796979156497,0.048111599345528985
flash_mob-long_rides,bank_tellers,driver_decisions,0.6291164708927743,0.043861874962817925,0.06152960535934361
flash_mob-long_rides,bank_tellers,market,13.7267566642942,0.048818080770100504,0.6317639783643353
flash_mob-long_rides,bank_tellers,matching,0.44944748166269016,0.06815682137392881,0.06814891098395956
flash_mob-long_rides,bank_tellers,passenger_decisions,0.8395756171545466,1.5264565387137652,0.3428262256456621
flash_mob-long_rides,bank_tellers,passenger_experience,0.5021505195505442,0.2541896102420712,0.07068819099087022
flash_mob-long_rides,bank_tellers,supply,0.4795243414376476,0.22298135487821744,0.3359767517051629
flash_mob-long_rides,bank_tellers,trip,1.3160495085807042,0.08230207914524826,0.06795797739333234
flash_mob-long_rides,bank_tellers_drivers,demand,0.7805987350153427,0.16203547347582997,0.12384861316979472
flash_mob-long_rides,bank_tellers_drivers,driver_decisions,0.6291164708927743,0.34038870570186164,0.12392482525209521
flash_mob-long_rides,bank_tellers_drivers,market,13.7267566642942,0.14537013035264681,0.3506306129697038
flash_mob-long_rides,bank_tellers_drivers,matching,0.44944748166269016,0.14081075239004684,0.10802744073412586
flash_mob-long_rides,bank_tellers_drivers,passenger_decisions,0.8395756171545466,1.7104087588103398,0.2829830101275282
flash_mob-long_rides,bank_tellers_drivers,passenger_experience,0.5021505195505442,0.7282056979077287,0.2627200501542818
flash_mob-long_rides,bank_tellers_drivers,supply,0.4795243414376476,0.26325288500335814,0.20747899284830773
flash_mob-long_rides,bank_tellers_drivers,trip,1.3160495085807042,0.1133223156103625,0.16180342876333714
flash_mob-long_rides,baseline,demand,0.7805987350153427,0.0,0.0
flash_mob-long_rides,baseline,driver_decisions,0.6291164708927743,0.0,0.0
flash_mob-long_rides,baseline,market,13.7267566642942,0.0,0.0
flash_mob-long_rides,baseline,matching,0.44944748166269016,0.0,0.0
flash_mob-long_rides,baseline,passenger_decisions,0.8395756171545466,0.0,0.0
flash_mob-long_rides,baseline,passenger_experience,0.5021505195505442,0.0,0.0
flash_mob-long_rides,baseline,supply,0.4795243414376476,0.0,0.0
flash_mob-long_rides,baseline,trip,1.3160495085807042,0.0,0.0
flash_mob-long_rides,drivers,demand,0.7805987350153427,0.10107398991106933,0.024853000783487112
flash_mob-long_rides,drivers,driver_decisions,0.6291164708927743,0.32782958172041937,0.07986885077779571
flash_mob-long_rides,drivers,market,13.7267566642942,0.0963472183313294,0.3188138850588293
flash_mob-long_rides,drivers,matching,0.44944748166269016,0.12351625103335409,0.04575268600968711
flash_mob-long_rides,drivers,passenger_decisions,0.8395756171545466,0.22241447401020903,0.10954817911604484
flash_mob-long_rides,drivers,passenger_experience,0.5021505195505442,0.4910499302685497,0.16636442518854655
flash_mob-long_rides,drivers,supply,0.4795243414376476,0.1674897198950723,0.32634893197291326
flash_mob-long_rides,drivers,trip,1.3160495085807042,0.1443039968788091,0.07039933086809944
flash_mob-long_rides,managers,demand,0.7805987350153427,0.03762897310735638,0.0675369722718347
flash_mob-long_rides,managers,driver_decisions,0.6291164708927743,0.051722640737804255,0.09364262785270257
flash_mob-long_rides,managers,market,13.7267566642942,0.5709689815885861,0.38980821969768736
flash_mob-long_rides,managers,matching,0.44944748166269016,0.05239589053583519,0.029085947698336258
flash_mob-long_rides,managers,passenger_decisions,0.8395756171545466,1.1097848269744541,0.1799239608122656
flash_mob-long_rides,managers,passenger_experience,0.5021505195505442,0.23996408258609878,0.15052017881628266
flash_mob-long_rides,managers,supply,0.4795243414376476,0.27397937443136516,0.4151012730369484
flash_mob-long_rides,managers,trip,1.3160495085807042,0.05155869909521793,0.08506743925183122
flash_mob-long_rides,managers_drivers,demand,0.7805987350153427,0.15369647231251773,0.03487599650457417
flash_mob-long_rides,managers_drivers,driver_decisions,0.6291164708927743,0.37880266576890564,0.10383565724509432
flash_mob-long_rides,managers_drivers,market,13.7267566642942,0.2410505202005034,0.6354288887658274
flash_mob-long_rides,managers_drivers,matching,0.44944748166269016,0.1260097409006537,0.13318749439266797
flash_mob-long_rides,managers_drivers,passenger_decisions,0.8395756171545466,1.2772197136885386,0.2085647273755781
flash_mob-long_rides,managers_drivers,passenger_experience,0.5021505195505442,0.4946452580248976,0.05176272730547997
flash_mob-long_rides,managers_drivers,supply,0.4795243414376476,0.2930691497166055,0.27793278894110335
flash_mob-long_rides,managers_drivers,trip,1.3160495085807042,0.3495192051418076,0.17710881350905175
flash_mob-long_rides,students,demand,0.7805987350153427,0.03031241502081656,0.050523392050163096
flash_mob-long_rides,students,driver_decisions,0.6291164708927743,0.06671159829816417,0.057008210913233
flash_mob-long_rides,students,market,13.7267566642942,0.041025052957658105,0.3744242651738698
flash_mob-long_rides,students,matching,0.44944748166269016,0.028931581693102552,0.017003884399308843
flash_mob-long_rides,students,passenger_decisions,0.8395756171545466,0.45558055292711186,0.06414417633538219
flash_mob-long_rides,students,passenger_experience,0.5021505195505442,0.11281623036856356,0.13184121854753383
flash_mob-long_rides,students,supply,0.4795243414376476,0.16174416969697092,0.17716660282417873
flash_mob-long_rides,students,trip,1.3160495085807042,0.05523044839937724,0.2605551139410879
flash_mob-long_rides,students_drivers,demand,0.7805987350153427,0.13275290284013858,0.0836523024113557
flash_mob-long_rides,students_drivers,driver_decisions,0.6291164708927743,0.37359366634934377,0.12835138924647366
flash_mob-long_rides,students_drivers,market,13.7267566642942,0.15415642968773882,0.18287644642897882
flash_mob-long_rides,students_drivers,matching,0.44944748166269016,0.14442023092075654,0.07706419987530842
flash_mob-long_rides,students_drivers,passenger_decisions,0.8395756171545466,0.6101902178189615,0.08468274039035291
flash_mob-long_rides,students_drivers,passenger_experience,0.5021505195505442,0.5469207229555072,0.1761909395762299
flash_mob-long_rides,students_drivers,supply,0.4795243414376476,0.2552426535849016,0.13135053660050536
flash_mob-long_rides,students_drivers,trip,1.3160495085807042,0.12065751127816346,0.16114149744238493
flash_mob-wildcat_strike,bank_tellers,demand,0.8813514637414659,0.03781014874946144,0.13914136904616703
flash_mob-wildcat_strike,bank_tellers,driver_decisions,0.681473354171741,0.11036246058830727,0.3255590574180817
flash_mob-wildcat_strike,bank_tellers,market,4.912410544063475,0.21602438175727248,0.48306393713077816
flash_mob-wildcat_strike,bank_tellers,matching,0.3061911961951342,0.05033481941924656,0.0814180434138723
flash_mob-wildcat_strike,bank_tellers,passenger_decisions,0.6337992180737021,1.447048520681039,0.2592487188136275
flash_mob-wildcat_strike,bank_tellers,passenger_experience,0.5496910853344354,0.17184432838108268,0.10341819712782288
flash_mob-wildcat_strike,bank_tellers,supply,0.5943894495059348,0.18564797361210186,0.3619774944447593
flash_mob-wildcat_strike,bank_tellers,trip,0.6927841154985117,0.10147258718726564,0.16433236756935457
flash_mob-wildcat_strike,bank_tellers_drivers,demand,0.8813514637414659,0.19399952318139818,0.22419140218456712
flash_mob-wildcat_strike,bank_tellers_drivers,driver_decisions,0.681473354171741,0.35131846723011106,0.3933752674557326
flash_mob-wildcat_strike,bank_tellers_drivers,market,4.912410544063475,0.15688420668463296,0.5626055059679141
flash_mob-wildcat_strike,bank_tellers_drivers,matching,0.3061911961951342,0.14769815673126926,0.15700392432682153
flash_mob-wildcat_strike,bank_tellers_drivers,passenger_decisions,0.6337992180737021,1.5666105551009097,0.1674290280296445
flash_mob-wildcat_strike,bank_tellers_drivers,passenger_experience,0.5496910853344354,0.17797588004086332,0.1155076804076444
flash_mob-wildcat_strike,bank_tellers_drivers,supply,0.5943894495059348,0.23123078413434553,0.3384159935155396
flash_mob-wildcat_strike,bank_tellers_drivers,trip,0.6927841154985117,0.18424903727695885,0.2923242484776324
flash_mob-wildcat_strike,baseline,demand,0.8813514637414659,0.0,0.0
flash_mob-wildcat_strike,baseline,driver_decisions,0.681473354171741,0.0,0.0
flash_mob-wildcat_strike,baseline,market,4.912410544063475,0.0,0.0
flash_mob-wildcat_strike,baseline,matching,0.3061911961951342,0.0,0.0
flash_mob-wildcat_strike,baseline,passenger_decisions,0.6337992180737021,0.0,0.0
flash_mob-wildcat_strike,baseline,passenger_experience,0.5496910853344354,0.0,0.0
flash_mob-wildcat_strike,baseline,supply,0.5943894495059348,0.0,0.0
flash_mob-wildcat_strike,baseline,trip,0.6927841154985117,0.0,0.0
flash_mob-wildcat_strike,drivers,demand,0.8813514637414659,0.08545274433522006,0.08577537944015183
flash_mob-wildcat_strike,drivers,driver_decisions,0.681473354171741,0.20328129536092157,0.19208515073242732
flash_mob-wildcat_strike,drivers,market,4.912410544063475,0.11439955636170085,0.14956094482074586
flash_mob-wildcat_strike,drivers,matching,0.3061911961951342,0.09139376392575113,0.06181765582758032
flash_mob-wildcat_strike,drivers,passenger_decisions,0.6337992180737021,0.18885828234704966,0.18043697245619836
flash_mob-wildcat_strike,drivers,passenger_experience,0.5496910853344354,0.17858861046987928,0.18986890972317405
flash_mob-wildcat_strike,drivers,supply,0.5943894495059348,0.2604112803465934,0.12183813066702841
flash_mob-wildcat_strike,drivers,trip,0.6927841154985117,0.12195168775452048,0.11899755622230049
flash_mob-wildcat_strike,managers,demand,0.8813514637414659,0.04011590573522872,0.07570387994454705
flash_mob-wildcat_strike,managers,driver_decisions,0.681473354171741,0.08822350161860726,0.24599862951282872
flash_mob-wildcat_strike,managers,market,4.912410544063475,0.5537016444162256,0.953358182060439
flash_mob-wildcat_strike,managers,matching,0.3061911961951342,0.05260572756276599,0.04602115794972842
flash_mob-wildcat_strike,managers,passenger_decisions,0.6337992180737021,1.0537001852743773,0.0949617662900022
flash_mob-wildcat_strike,managers,passenger_experience,0.5496910853344354,0.13646740593392515,0.17464852003908302
flash_mob-wildcat_strike,managers,supply,0.5943894495059348,0.362024998779332,0.42444745827294234
flash_mob-wildcat_strike,managers,trip,0.6927841154985117,0.08545035292184763,0.1331270514623693
flash_mob-wildcat_strike,managers_drivers,demand,0.8813514637414659,0.13774972149595463,0.2804796349975828
flash_mob-wildcat_strike,managers_drivers,driver_decisions,0.681473354171741,0.2983154075698406,0.45459395430540106
flash_mob-wildcat_strike,managers_drivers,market,4.912410544063475,0.15798780750239524,0.6079324286862998
flash_mob-wildcat_strike,managers_drivers,matching,0.3061911961951342,0.10029530371098885,0.1738452245365226
flash_mob-wildcat_strike,managers_drivers,passenger_decisions,0.6337992180737021,1.146397367184687,0.17928992735323282
flash_mob-wildcat_strike,managers_drivers,passenger_experience,0.5496910853344354,0.1060646191380676,0.26736148871854576
flash_mob-wildcat_strike,managers_drivers,supply,0.5943894495059348,0.3286579011352712,0.30928948378393123
flash_mob-wildcat_strike,managers_drivers,trip,0.6927841154985117,0.19475259666669045,0.307845334153066
flash_mob-wildcat_strike,students,demand,0.8813514637414659,0.04417313124744379,0.08609393668693612
flash_mob-wildcat_strike,students,driver_decisions,0.681473354171741,0.12161838008878245,0.17330737587165096
flash_mob-wildcat_strike,students,market,4.912410544063475,0.040017208197669726,0.3732123073646154
flash_mob-wildcat_strike,students,matching,0.3061911961951342,0.06617894525381961,0.07550085020414955
flash_mob-wildcat_strike,students,passenger_decisions,0.6337992180737021,0.4837452519649199,0.10012913127160068
flash_mob-wildcat_strike,students,passenger_experience,0.5496910853344354,0.07257861298389837,0.1501919290844178
flash_mob-wildcat_strike,students,supply,0.5943894495059348,0.26431170719722924,0.18150048722831466
flash_mob-wildcat_strike,students,trip,0.6927841154985117,0.11659903669843971,0.13259787004029486
flash_mob-wildcat_strike,students_drivers,demand,0.8813514637414659,0.16217822243966046,0.17281357305246792
flash_mob-wildcat_strike,students_drivers,driver_decisions,0.681473354171741,0.3628129386136204,0.34952109448330787
flash_mob-wildcat_strike,students_drivers,market,4.912410544063475,0.2369384062669568,0.11612438146350869
flash_mob-wildcat_strike,students_drivers,matching,0.3061911961951342,0.16099376453085382,0.16384017477917473
flash_mob-wildcat_strike,students_drivers,passenger_decisions,0.6337992180737021,0.5790967091882412,0.23210117966419555
flash_mob-wildcat_strike,students_drivers,passenger_experience,0.5496910853344354,0.0863973447519239,0.17461611300939978
flash_mob-wildcat_strike,students_drivers,supply,0.5943894495059348,0.17078216235420207,0.27522843267225755
flash_mob-wildcat_strike,students_drivers,trip,0.6927841154985117,0.15225910571596954,0.14677041136010613
long_rides,bank_tellers,demand,0.3957404272963738,0.052634796979156497,0.01077658956392351
long_rides,bank_tellers,driver_decisions,0.39226004836316974,0.043861874962817925,0.07882811841079528
long_rides,bank_tellers,market,11.034736919080288,0.048818080770100504,0.5041109445941953
long_rides,bank_tellers,matching,0.292681206371185,0.06815682137392881,0.047338404207726406
long_rides,bank_tellers,passenger_decisions,0.540169988618891,1.5264565387137652,0.1669758392067701
long_rides,bank_tellers,passenger_experience,0.2897817601817122,0.2541896102420712,0.06630099684072019
long_rides,bank_tellers,supply,0.11297760760657312,0.22298135487821744,0.10016320579368482
long_rides,bank_tellers,trip,0.5900866306840709,0.08230207914524826,0.2536632968853384
long_rides,bank_tellers_drivers,demand,0.3957404272963738,0.16203547347582997,0.07090586315492656
long_rides,bank_tellers_drivers,driver_decisions,0.39226004836316974,0.34038870570186164,0.10548109359000482
long_rides,bank_tellers_drivers,market,11.034736919080288,0.14537013035264681,0.6401064457720342
long_rides,bank_tellers_drivers,matching,0.292681206371185,0.14081075239004684,0.061345394088051945
long_rides,bank_tellers_drivers,passenger_decisions,0.540169988618891,1.7104087588103398,0.18562861073564038
long_rides,bank_tellers_drivers,passenger_experience,0.2897817601817122,0.7282056979077287,0.11054968468481752
long_rides,bank_tellers_drivers,supply,0.11297760760657312,0.26325288500335814,0.2924566294874732
long_rides,bank_tellers_drivers,trip,0.5900866306840709,0.1133223156103625,0.18290789814040367
long_rides,baseline,demand,0.3957404272963738,0.0,0.0
long_rides,baseline,driver_decisions,0.39226004836316974,0.0,0.0
long_rides,baseline,market,11.034736919080288,0.0,0.0
long_rides,baseline,matching,0.292681206371185,0.0,0.0
long_rides,baseline,passenger_decisions,0.540169988618891,0.0,0.0
long_rides,baseline,passenger_experience,0.2897817601817122,0.0,0.0
long_rides,baseline,supply,0.11297760760657312,0.0,0.0
long_rides,baseline,trip,0.5900866306840709,0.0,0.0
long_rides,drivers,demand,0.3957404272963738,0.10107398991106933,0.08154061611514932
long_rides,drivers,driver_decisions,0.39226004836316974,0.32782958172041937,0.06005023245464099
long_rides,drivers,market,11.034736919080288,0.0963472183313294,0.20833192132698652
long_rides,drivers,matching,0.292681206371185,0.12351625103335409,0.028622781333980194
long_rides,drivers,passenger_decisions,0.540169988618891,0.22241447401020903,0.10294656038369175
long_rides,drivers,passenger_experience,0.2897817601817122,0.4910499302685497,0.16113743299090882
long_rides,drivers,supply,0.11297760760657312,0.1674897198950723,0.0844019374188265
long_rides,drivers,trip,0.5900866306840709,0.1443039968788091,0.21958728616724138
long_rides,managers,demand,0.3957404272963738,0.03762897310735638,0.02907605737267667
long_rides,managers,driver_decisions,0.39226004836316974,0.051722640737804255,0.11019087001142924
long_rides,managers,market,11.034736919080288,0.5709689815885861,0.9298158528769301
long_rides,managers,matching,0.292681206371185,0.05239589053583519,0.02405804864575894
long_rides,managers,passenger_decisions,0.540169988618891,1.1097848269744541,0.13686695226470866
long_rides,managers,passenger_experience,0.2897817601817122,0.23996408258609878,0.07891385470537782
long_rides,managers,supply,0.11297760760657312,0.27397937443136516,0.4101474767235112
long_rides,managers,trip,0.5900866306840709,0.05155869909521793,0.1692402995699435
long_rides,managers_drivers,demand,0.3957404272963738,0.15369647231251773,0.0191943665724335
long_rides,managers_drivers,driver_decisions,0.39226004836316974,0.37880266576890564,0.15794384270772158
long_rides,managers_drivers,market,11.034736919080288,0.2410505202005034,0.22836677731809232
long_rides,managers_drivers,matching,0.292681206371185,0.1260097409006537,0.09481034233425219
long_rides,managers_drivers,passenger_decisions,0.540169988618891,1.2772197136885386,0.1774506906024089
long_rides,managers_drivers,passenger_experience,0.2897817601817122,0.4946452580248976,0.0640562009930393
long_rides,managers_drivers,supply,0.11297760760657312,0.2930691497166055,0.24419499850055357
long_rides,managers_drivers,trip,0.5900866306840709,0.3495192051418076,0.614490348699834
long_rides,students,demand,0.3957404272963738,0.03031241502081656,0.019410298840977426
long_rides,students,driver_decisions,0.39226004836316974,0.06671159829816417,0.12228552538281257
long_rides,students,market,11.034736919080288,0.041025052957658105,0.22987970274617678
long_rides,students,matching,0.292681206371185,0.028931581693102552,0.02570418548308959
long_rides,students,passenger_decisions,0.540169988618891,0.45558055292711186,0.08116244626681977
long_rides,students,passenger_experience,0.2897817601817122,0.11281623036856356,0.09344696248724922
long_rides,students,supply,0.11297760760657312,0.16174416969697092,0.1447659384207556
long_rides,students,trip,0.5900866306840709,0.05523044839937724,0.08404904278714467
long_rides,students_drivers,demand,0.3957404272963738,0.13275290284013858,0.03791567141534503
long_rides,students_drivers,driver_decisions,0.39226004836316974,0.37359366634934377,0.10239520980838433
long_rides,students_drivers,market,11.034736919080288,0.15415642968773882,0.51910393259188
long_rides,students_drivers,matching,0.292681206371185,0.14442023092075654,0.04586301606105594
long_rides,students_drivers,passenger_decisions,0.540169988618891,0.6101902178189615,0.10813067617592793
long_rides,students_drivers,passenger_experience,0.2897817601817122,0.5469207229555072,0.08291864743223588
long_rides,students_drivers,supply,0.11297760760657312,0.2552426535849016,0.16026607161300513
long_rides,students_drivers,trip,0.5900866306840709,0.12065751127816346,0.1631795007468308
normal,bank_tellers,demand,0.0,0.04801164104253687,0.0
normal,bank_tellers,driver_decisions,0.0,0.1763821142623708,0.0
normal,bank_tellers,market,0.0,0.7540362923560018,0.0
normal,bank_tellers,matching,0.0,0.04836731170082746,0.0
normal,bank_tellers,passenger_decisions,0.0,1.1364930720889308,0.0
normal,bank_tellers,passenger_experience,0.0,0.14210785138152798,0.0
normal,bank_tellers,supply,0.0,0.1657974631009719,0.0
normal,bank_tellers,trip,0.0,0.09522183027961359,0.0
normal,bank_tellers_drivers,demand,0.0,0.09015471783251838,0.0
normal,bank_tellers_drivers,driver_decisions,0.0,0.235487122785579,0.0
normal,bank_tellers_drivers,market,0.0,0.24717212122237572,0.0
normal,bank_tellers_drivers,matching,0.0,0.07604165068886773,0.0
normal,bank_tellers_drivers,passenger_decisions,0.0,1.1759276562270244,0.0
normal,bank_tellers_drivers,passenger_experience,0.0,0.18570856627329793,0.0
normal,bank_tellers_drivers,supply,0.0,0.16462616094686014,0.0
normal,bank_tellers_drivers,trip,0.0,0.18056517565623592,0.0
normal,baseline,demand,0.0,0.0,0.0
normal,baseline,driver_decisions,0.0,0.0,0.0
normal,baseline,market,0.0,0.0,0.0
normal,baseline,matching,0.0,0.0,0.0
normal,baseline,passenger_decisions,0.0,0.0,0.0
normal,baseline,passenger_experience,0.0,0.0,0.0
normal,baseline,supply,0.0,0.0,0.0
normal,baseline,trip,0.0,0.0,0.0
normal,drivers,demand,0.0,0.1024975317906358,0.0
normal,drivers,driver_decisions,0.0,0.10832271750130773,0.0
normal,drivers,market,0.0,0.1536766811602529,0.0
normal,drivers,matching,0.0,0.04033598232396095,0.0
normal,drivers,passenger_decisions,0.0,0.17519061490806281,0.0
normal,drivers,passenger_experience,0.0,0.20494859574986857,0.0
normal,drivers,supply,0.0,0.3251292179257825,0.0
normal,drivers,trip,0.0,0.19973793152269365,0.0
normal,managers,demand,0.0,0.0538021612834711,0.0
normal,managers,driver_decisions,0.0,0.13271210723335672,0.0
normal,managers,market,0.0,0.2852871352501343,0.0
normal,managers,matching,0.0,0.058460218949782324,0.0
normal,managers,passenger_decisions,0.0,0.8681085005187122,0.0
normal,managers,passenger_experience,0.0,0.08613346719352191,0.0
normal,managers,supply,0.0,0.29374046371216633,0.0
normal,managers,trip,0.0,0.08750875717177409,0.0
normal,managers_drivers,demand,0.0,0.08757396650087397,0.0
normal,managers_drivers,driver_decisions,0.0,0.21778582440776575,0.0
normal,managers_drivers,market,0.0,0.17447028185447014,0.0
normal,managers_drivers,matching,0.0,0.05824838727450867,0.0
normal,managers_drivers,passenger_decisions,0.0,0.9161355681489424,0.0
normal,managers_drivers,passenger_experience,0.0,0.2216443268436313,0.0
normal,managers_drivers,supply,0.0,0.13052863107545296,0.0
normal,managers_drivers,trip,0.0,0.1600038429493951,0.0
normal,students,demand,0.0,0.06467793455261404,0.0
normal,students,driver_decisions,0.0,0.09298579016505584,0.0
normal,students,market,0.0,0.12160607313753229,0.0
normal,students,matching,0.0,0.06556760406604989,0.0
normal,students,passenger_decisions,0.0,0.39391333815958507,0.0
normal,students,passenger_experience,0.0,0.13583971382610688,0.0
normal,students,supply,0.0,0.2124296197914175,0.0
normal,students,trip,0.0,0.08726324939243903,0.0
normal,students_drivers,demand,0.0,0.10741332860593367,0.0
normal,students_drivers,driver_decisions,0.0,0.318347289903011,0.0
normal,students_drivers,market,0.0,0.21321438773092274,0.0
normal,students_drivers,matching,0.0,0.09913548369654049,0.0
normal,students_drivers,passenger_decisions,0.0,0.5151714722678131,0.0
normal,students_drivers,passenger_experience,0.0,0.3027020660274461,0.0
normal,students_drivers,supply,0.0,0.15646950689371075,0.0
normal,students_drivers,trip,0.0,0.16211466675549194,0.0
underground_alarm,bank_tellers,demand,1.0767971730548833,0.04236307041809829,0.05407593579911411
underground_alarm,bank_tellers,driver_decisions,0.8427218826931792,0.17006844114347563,0.19515963367115075
underground_alarm,bank_tellers,market,0.4607914134346336,0.44306478569899904,0.4588292003733739
underground_alarm,bank_tellers,matching,0.5783535495538035,0.046602446303180944,0.05530038692386079
underground_alarm,bank_tellers,passenger_decisions,0.8264081404451741,1.3797093690089695,0.2576522826541157
underground_alarm,bank_tellers,passenger_experience,0.3212422574698105,0.11776507456066182,0.13510403890743425
underground_alarm,bank_tellers,supply,0.5035783648511872,0.1634940567919523,0.2787733657699806
underground_alarm,bank_tellers,trip,0.3725393731156477,0.07691376062803443,0.1076563677739153
underground_alarm,bank_tellers_drivers,demand,1.0767971730548833,0.16270208421687038,0.17780421563216037
underground_alarm,bank_tellers_drivers,driver_decisions,0.8427218826931792,0.32020195533616,0.19772642110584376
underground_alarm,bank_tellers_drivers,market,0.4607914134346336,0.18076111420668087,0.33025032167505625
underground_alarm,bank_tellers_drivers,matching,0.5783535495538035,0.13322871742104314,0.12860314985891286
underground_alarm,bank_tellers_drivers,passenger_decisions,0.8264081404451741,1.41326346745441,0.24685904843013567
underground_alarm,bank_tellers_drivers,passenger_experience,0.3212422574698105,0.0993912620461801,0.08617327179693492
underground_alarm,bank_tellers_drivers,supply,0.5035783648511872,0.2118613881389595,0.1954949603892615
underground_alarm,bank_tellers_drivers,trip,0.3725393731156477,0.1919716702102963,0.28044299465574063
underground_alarm,baseline,demand,1.0767971730548833,0.0,0.0
underground_alarm,baseline,driver_decisions,0.8427218826931792,0.0,0.0
underground_alarm,baseline,market,0.4607914134346336,0.0,0.0
underground_alarm,baseline,matching,0.5783535495538035,0.0,0.0
underground_alarm,baseline,passenger_decisions,0.8264081404451741,0.0,0.0
underground_alarm,baseline,passenger_experience,0.3212422574698105,0.0,0.0
underground_alarm,baseline,supply,0.5035783648511872,0.0,0.0
underground_alarm,baseline,trip,0.3725393731156477,0.0,0.0
underground_alarm,drivers,demand,1.0767971730548833,0.0847248190584374,0.15421749758340542
underground_alarm,drivers,driver_decisions,0.8427218826931792,0.16278251252412393,0.08224380647694018
underground_alarm,drivers,market,0.4607914134346336,0.1345963687921994,0.41318090885244657
underground_alarm,drivers,matching,0.5783535495538035,0.05993891405310919,0.04827560556780569
underground_alarm,drivers,passenger_decisions,0.8264081404451741,0.18774953116660706,0.2585950343083396
underground_alarm,drivers,passenger_experience,0.3212422574698105,0.14915152037076146,0.22794665675501435
underground_alarm,drivers,supply,0.5035783648511872,0.33255382976026765,0.13751413882565344
underground_alarm,drivers,trip,0.3725393731156477,0.16075842014977254,0.23468326183638935
underground_alarm,managers,demand,1.0767971730548833,0.043540291823986964,0.19338225506734041
underground_alarm,managers,driver_decisions,0.8427218826931792,0.12079491039828845,0.21973963462138824
underground_alarm,managers,market,0.4607914134346336,0.49126369575324574,0.7691382715703042
underground_alarm,managers,matching,0.5783535495538035,0.059458433653379904,0.09751591834580726
underground_alarm,managers,passenger_decisions,0.8264081404451741,0.9998366194809601,0.18306584517613037
underground_alarm,managers,passenger_experience,0.3212422574698105,0.09597151115008037,0.14232258213123883
underground_alarm,managers,supply,0.5035783648511872,0.38674973601340906,0.498090696989838
underground_alarm,managers,trip,0.3725393731156477,0.09077054413447781,0.17145577351293304
underground_alarm,managers_drivers,demand,1.0767971730548833,0.09759781550967242,0.11459841851246756
underground_alarm,managers_drivers,driver_decisions,0.8427218826931792,0.2660535860587023,0.17654147720102656
underground_alarm,managers_drivers,market,0.4607914134346336,0.16058748192674008,0.13906723574503677
underground_alarm,managers_drivers,matching,0.5783535495538035,0.08607667186162614,0.07666848255914484
underground_alarm,managers_drivers,passenger_decisions,0.8264081404451741,1.0929059875766254,0.11134677202807651
underground_alarm,managers_drivers,passenger_experience,0.3212422574698105,0.14933044533276846,0.2989837619188486
underground_alarm,managers_drivers,supply,0.5035783648511872,0.2560543259957296,0.19524521521275187
underground_alarm,managers_drivers,trip,0.3725393731156477,0.16668183907311548,0.12775852844010194
underground_alarm,students,demand,1.0767971730548833,0.06452095261714254,0.12262492605593063
underground_alarm,students,driver_decisions,0.8427218826931792,0.14981161735534207,0.18215429422866009
underground_alarm,students,market,0.4607914134346336,0.07366938312699002,0.40189350674616336
underground_alarm,students,matching,0.5783535495538035,0.08167753060711827,0.10099758979293165
underground_alarm,students,passenger_decisions,0.8264081404451741,0.4788252363823022,0.13936992542568002
underground_alarm,students,passenger_experience,0.3212422574698105,0.0864408060251685,0.1534640697742631
underground_alarm,students,supply,0.5035783648511872,0.18771479863690468,0.1796219787375154
underground_alarm,students,trip,0.3725393731156477,0.10874932944892073,0.06658142685397392
underground_alarm,students_drivers,demand,1.0767971730548833,0.1494823974890832,0.11882282604884252
underground_alarm,students_drivers,driver_decisions,0.8427218826931792,0.3606869661142439,0.19453078153933046
underground_alarm,students_drivers,market,0.4607914134346336,0.19225201714389203,0.19764173318996345
underground_alarm,students_drivers,matching,0.5783535495538035,0.1489027809941011,0.09914261313183906
underground_alarm,students_drivers,passenger_decisions,0.8264081404451741,0.5757342360825027,0.16838363956162902
underground_alarm,students_drivers,passenger_experience,0.3212422574698105,0.12175031556992066,0.19770936581033263
underground_alarm,students_drivers,supply,0.5035783648511872,0.14760044806604783,0.32107249875762606
underground_alarm,students_drivers,trip,0.3725393731156477,0.1651758714890417,0.21161269498542262
underground_alarm-flash_mob,bank_tellers,demand,1.5421084529511813,0.04236307041809829,0.045274332911432534
underground_alarm-flash_mob,bank_tellers,driver_decisions,0.9990102176674835,0.17006844114347563,0.17580348241719898
underground_alarm-flash_mob,bank_tellers,market,7.371168761507579,0.44306478569899904,0.28546977562386616
underground_alarm-flash_mob,bank_tellers,matching,0.534019145079158,0.046602446303180944,0.06873514501538129
underground_alarm-flash_mob,bank_tellers,passenger_decisions,1.1492840023877755,1.3797093690089695,0.35925744560986006
underground_alarm-flash_mob,bank_tellers,passenger_experience,0.8128960405070111,0.11776507456066182,0.08978021402924674
underground_alarm-flash_mob,bank_tellers,supply,0.672402002466312,0.1634940567919523,0.3129613971893112
underground_alarm-flash_mob,bank_tellers,trip,0.6839350759819045,0.07691376062803443,0.1905650276467698
underground_alarm-flash_mob,bank_tellers_drivers,demand,1.5421084529511813,0.16270208421687038,0.09228065264509386
underground_alarm-flash_mob,bank_tellers_drivers,driver_decisions,0.9990102176674835,0.32020195533616,0.1544792770633903
underground_alarm-flash_mob,bank_tellers_drivers,market,7.371168761507579,0.18076111420668087,0.3479625017587433
underground_alarm-flash_mob,bank_tellers_drivers,matching,0.534019145079158,0.13322871742104314,0.11760859117026541
underground_alarm-flash_mob,bank_tellers_drivers,passenger_decisions,1.1492840023877755,1.41326346745441,0.3459809229719647
underground_alarm-flash_mob,bank_tellers_drivers,passenger_experience,0.8128960405070111,0.0993912620461801,0.1441443389769462
underground_alarm-flash_mob,bank_tellers_drivers,supply,0.672402002466312,0.2118613881389595,0.21548568502377416
underground_alarm-flash_mob,bank_tellers_drivers,trip,0.6839350759819045,0.1919716702102963,0.28273331568722887
underground_alarm-flash_mob,baseline,demand,1.5421084529511813,0.0,0.0
underground_alarm-flash_mob,baseline,driver_decisions,0.9990102176674835,0.0,0.0
underground_alarm-flash_mob,baseline,market,7.371168761507579,0.0,0.0
underground_alarm-flash_mob,baseline,matching,0.534019145079158,0.0,0.0
underground_alarm-flash_mob,baseline,passenger_decisions,1.1492840023877755,0.0,0.0
underground_alarm-flash_mob,baseline,passenger_experience,0.8128960405070111,0.0,0.0
underground_alarm-flash_mob,baseline,supply,0.672402002466312,0.0,0.0
underground_alarm-flash_mob,baseline,trip,0.6839350759819045,0.0,0.0
underground_alarm-flash_mob,drivers,demand,1.5421084529511813,0.0847248190584374,0.11244764952913745
underground_alarm-flash_mob,drivers,driver_decisions,0.9990102176674835,0.16278251252412393,0.11589712731751392
underground_alarm-flash_mob,drivers,market,7.371168761507579,0.1345963687921994,0.28510781840439314
underground_alarm-flash_mob,drivers,matching,0.534019145079158,0.05993891405310919,0.01910430028736009
underground_alarm-flash_mob,drivers,passenger_decisions,1.1492840023877755,0.18774953116660706,0.21470524790419945
underground_alarm-flash_mob,drivers,passenger_experience,0.8128960405070111,0.14915152037076146,0.2559475238034119
underground_alarm-flash_mob,drivers,supply,0.672402002466312,0.33255382976026765,0.3911643744710553
underground_alarm-flash_mob,drivers,trip,0.6839350759819045,0.16075842014977254,0.15567918146350662
underground_alarm-flash_mob,managers,demand,1.5421084529511813,0.043540291823986964,0.04458006839124072
underground_alarm-flash_mob,managers,driver_decisions,0.9990102176674835,0.12079491039828845,0.12331903209103243
underground_alarm-flash_mob,managers,market,7.371168761507579,0.49126369575324574,0.8592807878581885
underground_alarm-flash_mob,managers,matching,0.534019145079158,0.059458433653379904,0.05078571964494915
underground_alarm-flash_mob,managers,passenger_decisions,1.1492840023877755,0.9998366194809601,0.13428509113991033
underground_alarm-flash_mob,managers,passenger_experience,0.8128960405070111,0.09597151115008037,0.1952345467589979
underground_alarm-flash_mob,managers,supply,0.672402002466312,0.38674973601340906,0.5823560171589685
underground_alarm-flash_mob,managers,trip,0.6839350759819045,0.09077054413447781,0.1240303362205627
underground_alarm-flash_mob,managers_drivers,demand,1.5421084529511813,0.09759781550967242,0.10582939992492829
underground_alarm-flash_mob,managers_drivers,driver_decisions,0.9990102176674835,0.2660535860587023,0.12573987846659324
underground_alarm-flash_mob,managers_drivers,market,7.371168761507579,0.16058748192674008,0.27883262126792274
underground_alarm-flash_mob,managers_drivers,matching,0.534019145079158,0.08607667186162614,0.0735878552474819
underground_alarm-flash_mob,managers_drivers,passenger_decisions,1.1492840023877755,1.0929059875766254,0.23417090850380023
underground_alarm-flash_mob,managers_drivers,passenger_experience,0.8128960405070111,0.14933044533276846,0.20814360833264386
underground_alarm-flash_mob,managers_drivers,supply,0.672402002466312,0.2560543259957296,0.17139388385648688
underground_alarm-flash_mob,managers_drivers,trip,0.6839350759819045,0.16668183907311548,0.14395150629877634
underground_alarm-flash_mob,students,demand,1.5421084529511813,0.06452095261714254,0.09722079122054175
underground_alarm-flash_mob,students,driver_decisions,0.9990102176674835,0.14981161735534207,0.05480649707198954
underground_alarm-flash_mob,students,market,7.371168761507579,0.07366938312699002,0.3070187000275993
underground_alarm-flash_mob,students,matching,0.534019145079158,0.08167753060711827,0.044980088810920645
underground_alarm-flash_mob,students,passenger_decisions,1.1492840023877755,0.4788252363823022,0.1228257299422971
underground_alarm-flash_mob,students,passenger_experience,0.8128960405070111,0.0864408060251685,0.11027791369739962
underground_alarm-flash_mob,students,supply,0.672402002466312,0.18771479863690468,0.22427466853733727
underground_alarm-flash_mob,students,trip,0.6839350759819045,0.10874932944892073,0.127385374970922
underground_alarm-flash_mob,students_drivers,demand,1.5421084529511813,0.1494823974890832,0.12238860207723334
underground_alarm-flash_mob,students_drivers,driver_decisions,0.9990102176674835,0.3606869661142439,0.17550812392096085
underground_alarm-flash_mob,students_drivers,market,7.371168761507579,0.19225201714389203,0.6337404310544497
underground_alarm-flash_mob,students_drivers,matching,0.534019145079158,0.1489027809941011,0.10315588500511984
underground_alarm-flash_mob,students_drivers,passenger_decisions,1.1492840023877755,0.5757342360825027,0.1657964506881438
underground_alarm-flash_mob,students_drivers,passenger_experience,0.8128960405070111,0.12175031556992066,0.3271940331748524
underground_alarm-flash_mob,students_drivers,supply,0.672402002466312,0.14760044806604783,0.21845793755634113
underground_alarm-flash_mob,students_drivers,trip,0.6839350759819045,0.1651758714890417,0.17279254409212452
underground_alarm-long_rides,bank_tellers,demand,1.6788166256169954,0.052634796979156497,0.3520375499972231
underground_alarm-long_rides,bank_tellers,driver_decisions,1.0521654155772184,0.043861874962817925,0.10015409667479672
underground_alarm-long_rides,bank_tellers,market,13.185722017125457,0.048818080770100504,0.9399974800153462
underground_alarm-long_rides,bank_tellers,matching,0.7033547003494977,0.06815682137392881,0.10240509306471383
underground_alarm-long_rides,bank_tellers,passenger_decisions,1.384444686258025,1.5264565387137652,0.6108613838943002
underground_alarm-long_rides,bank_tellers,passenger_experience,0.7375925961635201,0.2541896102420712,0.1352515377097366
underground_alarm-long_rides,bank_tellers,supply,0.5211980672838299,0.22298135487821744,0.15083938729990312
underground_alarm-long_rides,bank_tellers,trip,1.287584662843151,0.08230207914524826,0.516342350251134
underground_alarm-long_rides,bank_tellers_drivers,demand,1.6788166256169954,0.16203547347582997,0.15711178330015438
underground_alarm-long_rides,bank_tellers_drivers,driver_decisions,1.0521654155772184,0.34038870570186164,0.1069885947152123
underground_alarm-long_rides,bank_tellers_drivers,market,13.185722017125457,0.14537013035264681,0.2446430332821361
underground_alarm-long_rides,bank_tellers_drivers,matching,0.7033547003494977,0.14081075239004684,0.15040925080731377
underground_alarm-long_rides,bank_tellers_drivers,passenger_decisions,1.384444686258025,1.7104087588103398,0.5280713200361294
underground_alarm-long_rides,bank_tellers_drivers,passenger_experience,0.7375925961635201,0.7282056979077287,0.2659993672556285
underground_alarm-long_rides,bank_tellers_drivers,supply,0.5211980672838299,0.26325288500335814,0.25991213259389456
underground_alarm-long_rides,bank_tellers_drivers,trip,1.287584662843151,0.1133223156103625,0.32114841566964747
underground_alarm-long_rides,baseline,demand,1.6788166256169954,0.0,0.0
underground_alarm-long_rides,baseline,driver_decisions,1.0521654155772184,0.0,0.0
underground_alarm-long_rides,baseline,market,13.185722017125457,0.0,0.0
underground_alarm-long_rides,baseline,matching,0.7033547003494977,0.0,0.0
underground_alarm-long_rides,baseline,passenger_decisions,1.384444686258025,0.0,0.0
underground_alarm-long_rides,baseline,passenger_experience,0.7375925961635201,0.0,0.0
underground_alarm-long_rides,baseline,supply,0.5211980672838299,0.0,0.0
underground_alarm-long_rides,baseline,trip,1.287584662843151,0.0,0.0
underground_alarm-long_rides,drivers,demand,1.6788166256169954,0.10107398991106933,0.0857488800481646
underground_alarm-long_rides,drivers,driver_decisions,1.0521654155772184,0.32782958172041937,0.0817394270568733
underground_alarm-long_rides,drivers,market,13.185722017125457,0.0963472183313294,0.2623678429525349
underground_alarm-long_rides,drivers,matching,0.7033547003494977,0.12351625103335409,0.059984539111955004
underground_alarm-long_rides,drivers,passenger_decisions,1.384444686258025,0.22241447401020903,0.19589619419301432
underground_alarm-long_rides,drivers,passenger_experience,0.7375925961635201,0.4910499302685497,0.22034698037817804
underground_alarm-long_rides,drivers,supply,0.5211980672838299,0.1674897198950723,0.1779336457962326
underground_alarm-long_rides,drivers,trip,1.287584662843151,0.1443039968788091,0.13598703844220844
underground_alarm-long_rides,managers,demand,1.6788166256169954,0.03762897310735638,0.20007673470731926
underground_alarm-long_rides,managers,driver_decisions,1.0521654155772184,0.051722640737804255,0.06121659657415589
underground_alarm-long_rides,managers,market,13.185722017125457,0.5709689815885861,1.4692640674548547
underground_alarm-long_rides,managers,matching,0.7033547003494977,0.05239589053583519,0.09440941288067008
underground_alarm-long_rides,managers,passenger_decisions,1.384444686258025,1.1097848269744541,0.39345264326717583
underground_alarm-long_rides,managers,passenger_experience,0.7375925961635201,0.23996408258609878,0.20832242253705477
underground_alarm-long_rides,managers,supply,0.5211980672838299,0.27397937443136516,0.11396030227209582
underground_alarm-long_rides,managers,trip,1.287584662843151,0.05155869909521793,0.4404978883592352
underground_alarm-long_rides,managers_drivers,demand,1.6788166256169954,0.15369647231251773,0.257913379823894
underground_alarm-long_rides,managers_drivers,driver_decisions,1.0521654155772184,0.37880266576890564,0.15475701353018562
underground_alarm-long_rides,managers_drivers,market,13.185722017125457,0.2410505202005034,0.8697992938237787
underground_alarm-long_rides,managers_drivers,matching,0.7033547003494977,0.1260097409006537,0.14865901002463214
underground_alarm-long_rides,managers_drivers,passenger_decisions,1.384444686258025,1.2772197136885386,0.3089554745825374
underground_alarm-long_rides,managers_drivers,passenger_experience,0.7375925961635201,0.4946452580248976,0.10530157523574155
underground_alarm-long_rides,managers_drivers,supply,0.5211980672838299,0.2930691497166055,0.26070414592557895
underground_alarm-long_rides,managers_drivers,trip,1.287584662843151,0.3495192051418076,0.7170806679001034
underground_alarm-long_rides,students,demand,1.6788166256169954,0.03031241502081656,0.05185526830459769
underground_alarm-long_rides,students,driver_decisions,1.0521654155772184,0.06671159829816417,0.10125551891701899
underground_alarm-long_rides,students,market,13.185722017125457,0.041025052957658105,0.7956101866463605
underground_alarm-long_rides,students,matching,0.7033547003494977,0.028931581693102552,0.04908135953804028
underground_alarm-long_rides,students,passenger_decisions,1.384444686258025,0.45558055292711186,0.11966780624665241
underground_alarm-long_rides,students,passenger_experience,0.7375925961635201,0.11281623036856356,0.10298703805834697
underground_alarm-long_rides,students,supply,0.5211980672838299,0.16174416969697092,0.208679143084367
underground_alarm-long_rides,students,trip,1.287584662843151,0.05523044839937724,0.29787694971574374
underground_alarm-long_rides,students_drivers,demand,1.6788166256169954,0.13275290284013858,0.08327688784480178
underground_alarm-long_rides,students_drivers,driver_decisions,1.0521654155772184,0.37359366634934377,0.1263474066182613
underground_alarm-long_rides,students_drivers,market,13.185722017125457,0.15415642968773882,0.7092143189612421
underground_alarm-long_rides,students_drivers,matching,0.7033547003494977,0.14442023092075654,0.11287106698049712
underground_alarm-long_rides,students_drivers,passenger_decisions,1.384444686258025,0.6101902178189615,0.180955534448645
underground_alarm-long_rides,students_drivers,passenger_experience,0.7375925961635201,0.5469207229555072,0.15615507899066694
underground_alarm-long_rides,students_drivers,supply,0.5211980672838299,0.2552426535849016,0.1939667942031166
underground_alarm-long_rides,students_drivers,trip,1.287584662843151,0.12065751127816346,0.44779690229332425
underground_alarm-wildcat_strike,bank_tellers,demand,1.7853540582715195,0.03781014874946144,0.17813620951382983
underground_alarm-wildcat_strike,bank_tellers,driver_decisions,0.6535103645527076,0.11036246058830727,0.15732579262059715
underground_alarm-wildcat_strike,bank_tellers,market,0.36136479206920896,0.21602438175727248,0.2752953483724235
underground_alarm-wildcat_strike,bank_tellers,matching,0.4900415739426506,0.05033481941924656,0.05964573294604204
underground_alarm-wildcat_strike,bank_tellers,passenger_decisions,0.7086005723234526,1.447048520681039,0.3628838172042005
underground_alarm-wildcat_strike,bank_tellers,passenger_experience,0.39870568691904523,0.17184432838108268,0.10543855598148766
underground_alarm-wildcat_strike,bank_tellers,supply,0.739601931485535,0.18564797361210186,0.27124850743581647
underground_alarm-wildcat_strike,bank_tellers,trip,0.4371288639330559,0.10147258718726564,0.19587729831163525
underground_alarm-wildcat_strike,bank_tellers_drivers,demand,1.7853540582715195,0.19399952318139818,0.34958154824935883
underground_alarm-wildcat_strike,bank_tellers_drivers,driver_decisions,0.6535103645527076,0.35131846723011106,0.2041606505434869
underground_alarm-wildcat_strike,bank_tellers_drivers,market,0.36136479206920896,0.15688420668463296,0.22012932974077667
underground_alarm-wildcat_strike,bank_tellers_drivers,matching,0.4900415739426506,0.14769815673126926,0.09761251091547993
underground_alarm-wildcat_strike,bank_tellers_drivers,passenger_decisions,0.7086005723234526,1.5666105551009097,0.35651043546713596
underground_alarm-wildcat_strike,bank_tellers_drivers,passenger_experience,0.39870568691904523,0.17797588004086332,0.17202250342858938
underground_alarm-wildcat_strike,bank_tellers_drivers,supply,0.739601931485535,0.23123078413434553,0.22674522288907462
underground_alarm-wildcat_strike,bank_tellers_drivers,trip,0.4371288639330559,0.18424903727695885,0.21475735580652217
underground_alarm-wildcat_strike,baseline,demand,1.7853540582715195,0.0,0.0
underground_alarm-wildcat_strike,baseline,driver_decisions,0.6535103645527076,0.0,0.0
underground_alarm-wildcat_strike,baseline,market,0.36136479206920896,0.0,0.0
underground_alarm-wildcat_strike,baseline,matching,0.4900415739426506,0.0,0.0
underground_alarm-wildcat_strike,baseline,passenger_decisions,0.7086005723234526,0.0,0.0
underground_alarm-wildcat_strike,baseline,passenger_experience,0.39870568691904523,0.0,0.0
underground_alarm-wildcat_strike,baseline,supply,0.739601931485535,0.0,0.0
underground_alarm-wildcat_strike,baseline,trip,0.4371288639330559,0.0,0.0
underground_alarm-wildcat_strike,drivers,demand,1.7853540582715195,0.08545274433522006,0.10951184156586417
underground_alarm-wildcat_strike,drivers,driver_decisions,0.6535103645527076,0.20328129536092157,0.10310825116486291
underground_alarm-wildcat_strike,drivers,market,0.36136479206920896,0.11439955636170085,0.08429537255796131
underground_alarm-wildcat_strike,drivers,matching,0.4900415739426506,0.09139376392575113,0.07356610311136016
underground_alarm-wildcat_strike,drivers,passenger_decisions,0.7086005723234526,0.18885828234704966,0.09714134615934385
underground_alarm-wildcat_strike,drivers,passenger_experience,0.39870568691904523,0.17858861046987928,0.12288940506719204
underground_alarm-wildcat_strike,drivers,supply,0.739601931485535,0.2604112803465934,0.3122879973557215
underground_alarm-wildcat_strike,drivers,trip,0.4371288639330559,0.12195168775452048,0.11085534318739602
underground_alarm-wildcat_strike,managers,demand,1.7853540582715195,0.04011590573522872,0.08296952861531298
underground_alarm-wildcat_strike,managers,driver_decisions,0.6535103645527076,0.08822350161860726,0.11082724694132727
underground_alarm-wildcat_strike,managers,market,0.36136479206920896,0.5537016444162256,0.3454577206036169
underground_alarm-wildcat_strike,managers,matching,0.4900415739426506,0.05260572756276599,0.05545327930166726
underground_alarm-wildcat_strike,managers,passenger_decisions,0.7086005723234526,1.0537001852743773,0.315046252851595
underground_alarm-wildcat_strike,managers,passenger_experience,0.39870568691904523,0.13646740593392515,0.17749754929809625
underground_alarm-wildcat_strike,managers,supply,0.739601931485535,0.362024998779332,0.2565902483197256
underground_alarm-wildcat_strike,managers,trip,0.4371288639330559,0.08545035292184763,0.22603451058333585
underground_alarm-wildcat_strike,managers_drivers,demand,1.7853540582715195,0.13774972149595463,0.09197930189101813
underground_alarm-wildcat_strike,managers_drivers,driver_decisions,0.6535103645527076,0.2983154075698406,0.09977324129484787
underground_alarm-wildcat_strike,managers_drivers,market,0.36136479206920896,0.15798780750239524,0.1274895530430141
underground_alarm-wildcat_strike,managers_drivers,matching,0.4900415739426506,0.10029530371098885,0.07054000230904332
underground_alarm-wildcat_strike,managers_drivers,passenger_decisions,0.7086005723234526,1.146397367184687,0.18608353673416614
underground_alarm-wildcat_strike,managers_drivers,passenger_experience,0.39870568691904523,0.1060646191380676,0.12094094287134544
underground_alarm-wildcat_strike,managers_drivers,supply,0.739601931485535,0.3286579011352712,0.33984875765391404
underground_alarm-wildcat_strike,managers_drivers,trip,0.4371288639330559,0.19475259666669045,0.16450938512685973
underground_alarm-wildcat_strike,students,demand,1.7853540582715195,0.04417313124744379,0.09550303351286654
underground_alarm-wildcat_strike,students,driver_decisions,0.6535103645527076,0.12161838008878245,0.06417838498974289
underground_alarm-wildcat_strike,students,market,0.36136479206920896,0.040017208197669726,0.11703438380992603
underground_alarm-wildcat_strike,students,matching,0.4900415739426506,0.06617894525381961,0.07032272625925393
underground_alarm-wildcat_strike,students,passenger_decisions,0.7086005723234526,0.4837452519649199,0.13113481473899405
underground_alarm-wildcat_strike,students,passenger_experience,0.39870568691904523,0.07257861298389837,0.08023236327930074
underground_alarm-wildcat_strike,students,supply,0.739601931485535,0.26431170719722924,0.48114602954683955
underground_alarm-wildcat_strike,students,trip,0.4371288639330559,0.11659903669843971,0.17393027537559097
underground_alarm-wildcat_strike,students_drivers,demand,1.7853540582715195,0.16217822243966046,0.058459919288399276
underground_alarm-wildcat_strike,students_drivers,driver_decisions,0.6535103645527076,0.3628129386136204,0.21084837817079244
underground_alarm-wildcat_strike,students_drivers,market,0.36136479206920896,0.2369384062669568,0.22068157566570726
underground_alarm-wildcat_strike,students_drivers,matching,0.4900415739426506,0.16099376453085382,0.10986972968311957
underground_alarm-wildcat_strike,students_drivers,passenger_decisions,0.7086005723234526,0.5790967091882412,0.13500490050844516
underground_alarm-wildcat_strike,students_drivers,passenger_experience,0.39870568691904523,0.0863973447519239,0.16905155044930342
underground_alarm-wildcat_strike,students_drivers,supply,0.739601931485535,0.17078216235420207,0.367470616921014
underground_alarm-wildcat_strike,students_drivers,trip,0.4371288639330559,0.15225910571596954,0.20931353856454749
wildcat_strike,bank_tellers,demand,0.28841262846530114,0.03781014874946144,0.07886062004419662
wildcat_strike,bank_tellers,driver_decisions,0.2571677204293314,0.11036246058830727,0.13589003184084525
wildcat_strike,bank_tellers,market,0.21611039657730857,0.21602438175727248,0.4703348220063921
wildcat_strike,bank_tellers,matching,0.2626830489993823,0.05033481941924656,0.03877940343381806
wildcat_strike,bank_tellers,passenger_decisions,0.259808407804566,1.447048520681039,0.2004905671320191
wildcat_strike,bank_tellers,passenger_experience,0.26801420912829393,0.17184432838108268,0.18197487785167107
wildcat_strike,bank_tellers,supply,0.3630797285168981,0.18564797361210186,0.2507459229708951
wildcat_strike,bank_tellers,trip,0.13361208078589,0.10147258718726564,0.13723390211173186
wildcat_strike,bank_tellers_drivers,demand,0.28841262846530114,0.19399952318139818,0.10361133798993599
wildcat_strike,bank_tellers_drivers,driver_decisions,0.2571677204293314,0.35131846723011106,0.3374159853098219
wildcat_strike,bank_tellers_drivers,market,0.21611039657730857,0.15688420668463296,0.11253171106517817
wildcat_strike,bank_tellers_drivers,matching,0.2626830489993823,0.14769815673126926,0.13134989001117023
wildcat_strike,bank_tellers_drivers,passenger_decisions,0.259808407804566,1.5666105551009097,0.18109640490640838
wildcat_strike,bank_tellers_drivers,passenger_experience,0.26801420912829393,0.17797588004086332,0.04804385903838556
wildcat_strike,bank_tellers_drivers,supply,0.3630797285168981,0.23123078413434553,0.174994545520346
wildcat_strike,bank_tellers_drivers,trip,0.13361208078589,0.18424903727695885,0.16842209668869695
wildcat_strike,baseline,demand,0.28841262846530114,0.0,0.0
wildcat_strike,baseline,driver_decisions,0.2571677204293314,0.0,0.0
wildcat_strike,baseline,market,0.21611039657730857,0.0,0.0
wildcat_strike,baseline,matching,0.2626830489993823,0.0,0.0
wildcat_strike,baseline,passenger_decisions,0.259808407804566,0.0,0.0
wildcat_strike,baseline,passenger_experience,0.26801420912829393,0.0,0.0
wildcat_strike,baseline,supply,0.3630797285168981,0.0,0.0
wildcat_strike,baseline,trip,0.13361208078589,0.0,0.0
wildcat_strike,drivers,demand,0.28841262846530114,0.08545274433522006,0.1072932660370689
wildcat_strike,drivers,driver_decisions,0.2571677204293314,0.20328129536092157,0.148373027207181
wildcat_strike,drivers,market,0.21611039657730857,0.11439955636170085,0.10187159240664412
wildcat_strike,drivers,matching,0.2626830489993823,0.09139376392575113,0.05513040621414078
wildcat_strike,drivers,passenger_decisions,0.259808407804566,0.18885828234704966,0.17374893372102956
wildcat_strike,drivers,passenger_experience,0.26801420912829393,0.17858861046987928,0.2501279885338895
wildcat_strike,drivers,supply,0.3630797285168981,0.2604112803465934,0.3448898670141509
wildcat_strike,drivers,trip,0.13361208078589,0.12195168775452048,0.18863120959399085
wildcat_strike,managers,demand,0.28841262846530114,0.04011590573522872,0.0284935723948454
wildcat_strike,managers,driver_decisions,0.2571677204293314,0.08822350161860726,0.09508548989047276
wildcat_strike,managers,market,0.21611039657730857,0.5537016444162256,0.526071299443665
wildcat_strike,managers,matching,0.2626830489993823,0.05260572756276599,0.057320340494770715
wildcat_strike,managers,passenger_decisions,0.259808407804566,1.0537001852743773,0.06880754631908378
wildcat_strike,managers,passenger_experience,0.26801420912829393,0.13646740593392515,0.13433839612558343
wildcat_strike,managers,supply,0.3630797285168981,0.362024998779332,0.6020909376201892
wildcat_strike,managers,trip,0.13361208078589,0.08545035292184763,0.13389341084856576
wildcat_strike,managers_drivers,demand,0.28841262846530114,0.13774972149595463,0.14800561916151653
wildcat_strike,managers_drivers,driver_decisions,0.2571677204293314,0.2983154075698406,0.3007636118121852
wildcat_strike,managers_drivers,market,0.21611039657730857,0.15798780750239524,0.49277684643652525
wildcat_strike,managers_drivers,matching,0.2626830489993823,0.10029530371098885,0.084676016582977
wildcat_strike,managers_drivers,passenger_decisions,0.259808407804566,1.146397367184687,0.15693303827706132
wildcat_strike,managers_drivers,passenger_experience,0.26801420912829393,0.1060646191380676,0.10344915603293692
wildcat_strike,managers_drivers,supply,0.3630797285168981,0.3286579011352712,0.30162325878577073
wildcat_strike,managers_drivers,trip,0.13361208078589,0.19475259666669045,0.3259219004685724
wildcat_strike,students,demand,0.28841262846530114,0.04417313124744379,0.08672494176398532
wildcat_strike,students,driver_decisions,0.2571677204293314,0.12161838008878245,0.15834891004353155
wildcat_strike,students,market,0.21611039657730857,0.040017208197669726,0.04958336483178969
wildcat_strike,students,matching,0.2626830489993823,0.06617894525381961,0.07766497844986256
wildcat_strike,students,passenger_decisions,0.259808407804566,0.4837452519649199,0.10120216996165006
wildcat_strike,students,passenger_experience,0.26801420912829393,0.07257861298389837,0.1398004217641107
wildcat_strike,students,supply,0.3630797285168981,0.26431170719722924,0.1868702219884352
wildcat_strike,students,trip,0.13361208078589,0.11659903669843971,0.10334713023661704
wildcat_strike,students_drivers,demand,0.28841262846530114,0.16217822243966046,0.19938944635400624
wildcat_strike,students_drivers,driver_decisions,0.2571677204293314,0.3628129386136204,0.369077065550523
wildcat_strike,students_drivers,market,0.21611039657730857,0.2369384062669568,0.38465802673567323
wildcat_strike,students_drivers,matching,0.2626830489993823,0.16099376453085382,0.18370068987412586
wildcat_strike,students_drivers,passenger_decisions,0.259808407804566,0.5790967091882412,0.21223259448374446
wildcat_strike,students_drivers,passenger_experience,0.26801420912829393,0.0863973447519239,0.0983626963850787
wildcat_strike,students_drivers,supply,0.3630797285168981,0.17078216235420207,0.17403195894270448
wildcat_strike,students_drivers,trip,0.13361208078589,0.15225910571596954,0.22681115604639251
wildcat_strike-boycott_tncs,bank_tellers,demand,1.1882856302642462,0.03781014874946144,0.060643417844341616
wildcat_strike-boycott_tncs,bank_tellers,driver_decisions,1.4008912753912601,0.11036246058830727,0.11375433376971714
wildcat_strike-boycott_tncs,bank_tellers,market,0.6254869480652495,0.21602438175727248,0.2397880554567443
wildcat_strike-boycott_tncs,bank_tellers,matching,1.4672917063234845,0.05033481941924656,0.10200997567532051
wildcat_strike-boycott_tncs,bank_tellers,passenger_decisions,1.3189756766698049,1.447048520681039,0.5011828063908611
wildcat_strike-boycott_tncs,bank_tellers,passenger_experience,0.3853516063393659,0.17184432838108268,0.11792097320763688
wildcat_strike-boycott_tncs,bank_tellers,supply,0.8143186814761857,0.18564797361210186,0.3179189970806276
wildcat_strike-boycott_tncs,bank_tellers,trip,0.12406485777516574,0.10147258718726564,0.3090024187761855
wildcat_strike-boycott_tncs,bank_tellers_drivers,demand,1.1882856302642462,0.19399952318139818,0.11269458391671325
wildcat_strike-boycott_tncs,bank_tellers_drivers,driver_decisions,1.4008912753912601,0.35131846723011106,0.24898771034481504
wildcat_strike-boycott_tncs,bank_tellers_drivers,market,0.6254869480652495,0.15688420668463296,0.49131162045191057
wildcat_strike-boycott_tncs,bank_tellers_drivers,matching,1.4672917063234845,0.14769815673126926,0.12719111423692955
wildcat_strike-boycott_tncs,bank_tellers_drivers,passenger_decisions,1.3189756766698049,1.5666105551009097,0.45487577325268863
wildcat_strike-boycott_tncs,bank_tellers_drivers,passenger_experience,0.3853516063393659,0.17797588004086332,0.1462643815028565
wildcat_strike-boycott_tncs,bank_tellers_drivers,supply,0.8143186814761857,0.23123078413434553,0.22138418114611838
wildcat_strike-boycott_tncs,bank_tellers_drivers,trip,0.12406485777516574,0.18424903727695885,0.2755960524922606
wildcat_strike-boycott_tncs,baseline,demand,1.1882856302642462,0.0,0.0
wildcat_strike-boycott_tncs,baseline,driver_decisions,1.4008912753912601,0.0,0.0
wildcat_strike-boycott_tncs,baseline,market,0.6254869480652495,0.0,0.0
wildcat_strike-boycott_tncs,baseline,matching,1.4672917063234845,0.0,0.0
wildcat_strike-boycott_tncs,baseline,passenger_decisions,1.3189756766698049,0.0,0.0
wildcat_strike-boycott_tncs,baseline,passenger_experience,0.3853516063393659,0.0,0.0
wildcat_strike-boycott_tncs,baseline,supply,0.8143186814761857,0.0,0.0
wildcat_strike-boycott_tncs,baseline,trip,0.12406485777516574,0.0,0.0
wildcat_strike-boycott_tncs,drivers,demand,1.1882856302642462,0.08545274433522006,0.08113742998259214
wildcat_strike-boycott_tncs,drivers,driver_decisions,1.4008912753912601,0.20328129536092157,0.1785664026245577
wildcat_strike-boycott_tncs,drivers,market,0.6254869480652495,0.11439955636170085,0.8985060341769237
wildcat_strike-boycott_tncs,drivers,matching,1.4672917063234845,0.09139376392575113,0.07321414296911496
wildcat_strike-boycott_tncs,drivers,passenger_decisions,1.3189756766698049,0.18885828234704966,0.11683394965783156
wildcat_strike-boycott_tncs,drivers,passenger_experience,0.3853516063393659,0.17858861046987928,0.1769306627416815
wildcat_strike-boycott_tncs,drivers,supply,0.8143186814761857,0.2604112803465934,0.4814250145632532
wildcat_strike-boycott_tncs,drivers,trip,0.12406485777516574,0.12195168775452048,0.2579281872833785
wildcat_strike-boycott_tncs,managers,demand,1.1882856302642462,0.04011590573522872,0.0476805170704956
wildcat_strike-boycott_tncs,managers,driver_decisions,1.4008912753912601,0.08822350161860726,0.15737961344792126
wildcat_strike-boycott_tncs,managers,market,0.6254869480652495,0.5537016444162256,0.15456535362978882
wildcat_strike-boycott_tncs,managers,matching,1.4672917063234845,0.05260572756276599,0.09080257578270248
wildcat_strike-boycott_tncs,managers,passenger_decisions,1.3189756766698049,1.0537001852743773,0.3833930588732551
wildcat_strike-boycott_tncs,managers,passenger_experience,0.3853516063393659,0.13646740593392515,0.21596116159997672
wildcat_strike-boycott_tncs,managers,supply,0.8143186814761857,0.362024998779332,0.4873412474245327
wildcat_strike-boycott_tncs,managers,trip,0.12406485777516574,0.08545035292184763,0.296799239583892
wildcat_strike-boycott_tncs,managers_drivers,demand,1.1882856302642462,0.13774972149595463,0.11960253075656212
wildcat_strike-boycott_tncs,managers_drivers,driver_decisions,1.4008912753912601,0.2983154075698406,0.16022953663973255
wildcat_strike-boycott_tncs,managers_drivers,market,0.6254869480652495,0.15798780750239524,0.20723797952175746
wildcat_strike-boycott_tncs,managers_drivers,matching,1.4672917063234845,0.10029530371098885,0.0665889308275416
wildcat_strike-boycott_tncs,managers_drivers,passenger_decisions,1.3189756766698049,1.146397367184687,0.4259673247635307
wildcat_strike-boycott_tncs,managers_drivers,passenger_experience,0.3853516063393659,0.1060646191380676,0.11328751778037627
wildcat_strike-boycott_tncs,managers_drivers,supply,0.8143186814761857,0.3286579011352712,0.3644321425068753
wildcat_strike-boycott_tncs,managers_drivers,trip,0.12406485777516574,0.19475259666669045,0.11210758281203774
wildcat_strike-boycott_tncs,students,demand,1.1882856302642462,0.04417313124744379,0.03286491919418179
wildcat_strike-boycott_tncs,students,driver_decisions,1.4008912753912601,0.12161838008878245,0.09504274830547196
wildcat_strike-boycott_tncs,students,market,0.6254869480652495,0.040017208197669726,0.6110929416898815
wildcat_strike-boycott_tncs,students,matching,1.4672917063234845,0.06617894525381961,0.04632817968501936
wildcat_strike-boycott_tncs,students,passenger_decisions,1.3189756766698049,0.4837452519649199,0.2502187263130268
wildcat_strike-boycott_tncs,students,passenger_experience,0.3853516063393659,0.07257861298389837,0.15946670654753653
wildcat_strike-boycott_tncs,students,supply,0.8143186814761857,0.26431170719722924,0.26450656565612646
wildcat_strike-boycott_tncs,students,trip,0.12406485777516574,0.11659903669843971,0.07964400796728313
wildcat_strike-boycott_tncs,students_drivers,demand,1.1882856302642462,0.16217822243966046,0.12281337699994088
wildcat_strike-boycott_tncs,students_drivers,driver_decisions,1.4008912753912601,0.3628129386136204,0.18361214054143885
wildcat_strike-boycott_tncs,students_drivers,market,0.6254869480652495,0.2369384062669568,0.1525172164997505
wildcat_strike-boycott_tncs,students_drivers,matching,1.4672917063234845,0.16099376453085382,0.1147064461802065
wildcat_strike-boycott_tncs,students_drivers,passenger_decisions,1.3189756766698049,0.5790967091882412,0.3116572556552358
wildcat_strike-boycott_tncs,students_drivers,passenger_experience,0.3853516063393659,0.0863973447519239,0.1441589000067275
wildcat_strike-boycott_tncs,students_drivers,supply,0.8143186814761857,0.17078216235420207,0.30184360822306605
wildcat_strike-boycott_tncs,students_drivers,trip,0.12406485777516574,0.15225910571596954,0.18828474237410014
wildcat_strike-long_rides,bank_tellers,demand,0.8947834509928113,0.052634796979156497,0.1661914749625536
wildcat_strike-long_rides,bank_tellers,driver_decisions,0.49652613063773227,0.043861874962817925,0.08509510727763556
wildcat_strike-long_rides,bank_tellers,market,10.368855305473781,0.048818080770100504,0.17873358910978376
wildcat_strike-long_rides,bank_tellers,matching,0.41894538554188143,0.06815682137392881,0.05772157015642991
wildcat_strike-long_rides,bank_tellers,passenger_decisions,0.7300902418723462,1.5264565387137652,0.27370175846544326
wildcat_strike-long_rides,bank_tellers,passenger_experience,0.7050587649541293,0.2541896102420712,0.2238263955858722
wildcat_strike-long_rides,bank_tellers,supply,0.34210815505370834,0.22298135487821744,0.26711460519403457
wildcat_strike-long_rides,bank_tellers,trip,0.43598232816399446,0.08230207914524826,0.23761336902018929
wildcat_strike-long_rides,bank_tellers_drivers,demand,0.8947834509928113,0.16203547347582997,0.1210897039394401
wildcat_strike-long_rides,bank_tellers_drivers,driver_decisions,0.49652613063773227,0.34038870570186164,0.18521110428253654
wildcat_strike-long_rides,bank_tellers_drivers,market,10.368855305473781,0.14537013035264681,0.1865321453643816
wildcat_strike-long_rides,bank_tellers_drivers,matching,0.41894538554188143,0.14081075239004684,0.08518027356311415
wildcat_strike-long_rides,bank_tellers_drivers,passenger_decisions,0.7300902418723462,1.7104087588103398,0.25806830464559377
wildcat_strike-long_rides,bank_tellers_drivers,passenger_experience,0.7050587649541293,0.7282056979077287,0.14529521643751536
wildcat_strike-long_rides,bank_tellers_drivers,supply,0.34210815505370834,0.26325288500335814,0.21214740336867488
wildcat_strike-long_rides,bank_tellers_drivers,trip,0.43598232816399446,0.1133223156103625,0.2569840340739762
wildcat_strike-long_rides,baseline,demand,0.8947834509928113,0.0,0.0
wildcat_strike-long_rides,baseline,driver_decisions,0.49652613063773227,0.0,0.0
wildcat_strike-long_rides,baseline,market,10.368855305473781,0.0,0.0
wildcat_strike-long_rides,baseline,matching,0.41894538554188143,0.0,0.0
wildcat_strike-long_rides,baseline,passenger_decisions,0.7300902418723462,0.0,0.0
wildcat_strike-long_rides,baseline,passenger_experience,0.7050587649541293,0.0,0.0
wildcat_strike-long_rides,baseline,supply,0.34210815505370834,0.0,0.0
wildcat_strike-long_rides,baseline,trip,0.43598232816399446,0.0,0.0
wildcat_strike-long_rides,drivers,demand,0.8947834509928113,0.10107398991106933,0.0964660654781487
wildcat_strike-long_rides,drivers,driver_decisions,0.49652613063773227,0.32782958172041937,0.17785884607438812
wildcat_strike-long_rides,drivers,market,10.368855305473781,0.0963472183313294,0.22641218852289535
wildcat_strike-long_rides,drivers,matching,0.41894538554188143,0.12351625103335409,0.07751914504161303
wildcat_strike-long_rides,drivers,passenger_decisions,0.7300902418723462,0.22241447401020903,0.20267181341246912
wildcat_strike-long_rides,drivers,passenger_experience,0.7050587649541293,0.4910499302685497,0.09140402587582135
wildcat_strike-long_rides,drivers,supply,0.34210815505370834,0.1674897198950723,0.11479281396264808
wildcat_strike-long_rides,drivers,trip,0.43598232816399446,0.1443039968788091,0.27508125419057194
wildcat_strike-long_rides,managers,demand,0.8947834509928113,0.03762897310735638,0.0746694848514774
wildcat_strike-long_rides,managers,driver_decisions,0.49652613063773227,0.051722640737804255,0.07397227093078337
wildcat_strike-long_rides,managers,market,10.368855305473781,0.5709689815885861,0.41864186927172464
wildcat_strike-long_rides,managers,matching,0.41894538554188143,0.05239589053583519,0.041819446708502586
wildcat_strike-long_rides,managers,passenger_decisions,0.7300902418723462,1.1097848269744541,0.22106113140303682
wildcat_strike-long_rides,managers,passenger_experience,0.7050587649541293,0.23996408258609878,0.22230131125054908
wildcat_strike-long_rides,managers,supply,0.34210815505370834,0.27397937443136516,0.15023267549373784
wildcat_strike-long_rides,managers,trip,0.43598232816399446,0.05155869909521793,0.07537415218459043
wildcat_strike-long_rides,managers_drivers,demand,0.8947834509928113,0.15369647231251773,0.20384544985576541
wildcat_strike-long_rides,managers_drivers,driver_decisions,0.49652613063773227,0.37880266576890564,0.1875207381904664
wildcat_strike-long_rides,managers_drivers,market,10.368855305473781,0.2410505202005034,0.42691692037874435
wildcat_strike-long_rides,managers_drivers,matching,0.41894538554188143,0.1260097409006537,0.09803499051439617
wildcat_strike-long_rides,managers_drivers,passenger_decisions,0.7300902418723462,1.2772197136885386,0.1803639988722929
wildcat_strike-long_rides,managers_drivers,passenger_experience,0.7050587649541293,0.4946452580248976,0.09003130830988003
wildcat_strike-long_rides,managers_drivers,supply,0.34210815505370834,0.2930691497166055,0.3236869767700923
wildcat_strike-long_rides,managers_drivers,trip,0.43598232816399446,0.3495192051418076,0.2115554373591854
wildcat_strike-long_rides,students,demand,0.8947834509928113,0.03031241502081656,0.1537795422925139
wildcat_strike-long_rides,students,driver_decisions,0.49652613063773227,0.06671159829816417,0.09572265450626304
wildcat_strike-long_rides,students,market,10.368855305473781,0.041025052957658105,0.031348154515387965
wildcat_strike-long_rides,students,matching,0.41894538554188143,0.028931581693102552,0.052440423622064324
wildcat_strike-long_rides,students,passenger_decisions,0.7300902418723462,0.45558055292711186,0.11890633407414432
wildcat_strike-long_rides,students,passenger_experience,0.7050587649541293,0.11281623036856356,0.1670686698230542
wildcat_strike-long_rides,students,supply,0.34210815505370834,0.16174416969697092,0.25466198990162353
wildcat_strike-long_rides,students,trip,0.43598232816399446,0.05523044839937724,0.09458918916119016
wildcat_strike-long_rides,students_drivers,demand,0.8947834509928113,0.13275290284013858,0.16578967287992097
wildcat_strike-long_rides,students_drivers,driver_decisions,0.49652613063773227,0.37359366634934377,0.28822521706965365
wildcat_strike-long_rides,students_drivers,market,10.368855305473781,0.15415642968773882,0.08572418202369357
wildcat_strike-long_rides,students_drivers,matching,0.41894538554188143,0.14442023092075654,0.1316154349173892
wildcat_strike-long_rides,students_drivers,passenger_decisions,0.7300902418723462,0.6101902178189615,0.2731165688703481
wildcat_strike-long_rides,students_drivers,passenger_experience,0.7050587649541293,0.5469207229555072,0.22763744661576493
wildcat_strike-long_rides,students_drivers,supply,0.34210815505370834,0.2552426535849016,0.1560671937884663
wildcat_strike-long_rides,students_drivers,trip,0.43598232816399446,0.12065751127816346,0.26165682820537706
