scenario,personality,metric,family,scenario_effect,scenario_effect_z,level,reference_level
boycott_tncs,bank_tellers,rides_offers_radius_avg,matching,-1052.462772444445,-2.2199259300869802,452.5775164444444,1520.1956285000003
boycott_tncs,bank_tellers,drivers_pickup_reject,driver_decisions,-0.14497144444444443,-1.777852721195497,0.0856388888888889,0.218435
boycott_tncs,bank_tellers,passengers_pickup_accept,passenger_decisions,-0.6768890555555555,-1.701406473738771,0.3788883333333333,1.0530739444444444
boycott_tncs,bank_tellers,drivers_pickup_accept,driver_decisions,-0.6068053333333332,-1.6705493474875444,0.3600278333333334,0.9626022222222221
boycott_tncs,bank_tellers,rides_offers_lyft,matching,-18.439129388888887,-1.6498367856560994,16.049583388888887,33.717629555555554
boycott_tncs,bank_tellers_drivers,rides_offers_radius_avg,matching,-1052.462772444445,-2.2199259300869802,423.39388183333335,1520.1956285000003
boycott_tncs,bank_tellers_drivers,drivers_pickup_reject,driver_decisions,-0.14497144444444443,-1.777852721195497,0.08661116666666668,0.218435
boycott_tncs,bank_tellers_drivers,passengers_pickup_accept,passenger_decisions,-0.6768890555555555,-1.701406473738771,0.38002788888888883,1.0530739444444444
boycott_tncs,bank_tellers_drivers,drivers_pickup_accept,driver_decisions,-0.6068053333333332,-1.6705493474875444,0.3591016111111111,0.9626022222222221
boycott_tncs,bank_tellers_drivers,rides_offers_lyft,matching,-18.439129388888887,-1.6498367856560994,16.172657277777777,33.717629555555554
boycott_tncs,baseline,rides_offers_radius_avg,matching,-1052.462772444445,-2.2199259300869802,467.7328560555555,1520.1956285000003
boycott_tncs,baseline,drivers_pickup_reject,driver_decisions,-0.14497144444444443,-1.777852721195497,0.07346355555555556,0.218435
boycott_tncs,baseline,passengers_pickup_accept,passenger_decisions,-0.6768890555555555,-1.701406473738771,0.3761848888888889,1.0530739444444444
boycott_tncs,baseline,drivers_pickup_accept,driver_decisions,-0.6068053333333332,-1.6705493474875444,0.3557968888888889,0.9626022222222221
boycott_tncs,baseline,rides_offers_lyft,matching,-18.439129388888887,-1.6498367856560994,15.278500166666666,33.717629555555554
boycott_tncs,drivers,rides_offers_radius_avg,matching,-1052.462772444445,-2.2199259300869802,474.0604749444444,1520.1956285000003
boycott_tncs,drivers,drivers_pickup_reject,driver_decisions,-0.14497144444444443,-1.777852721195497,0.09350950000000001,0.218435
boycott_tncs,drivers,passengers_pickup_accept,passenger_decisions,-0.6768890555555555,-1.701406473738771,0.4073237777777778,1.0530739444444444
boycott_tncs,drivers,drivers_pickup_accept,driver_decisions,-0.6068053333333332,-1.6705493474875444,0.37422211111111114,0.9626022222222221
boycott_tncs,drivers,rides_offers_lyft,matching,-18.439129388888887,-1.6498367856560994,16.31426811111111,33.717629555555554
boycott_tncs,managers,rides_offers_radius_avg,matching,-1052.462772444445,-2.2199259300869802,437.4415015555556,1520.1956285000003
boycott_tncs,managers,drivers_pickup_reject,driver_decisions,-0.14497144444444443,-1.777852721195497,0.08194466666666668,0.218435
boycott_tncs,managers,passengers_pickup_accept,passenger_decisions,-0.6768890555555555,-1.701406473738771,0.3903606666666667,1.0530739444444444
boycott_tncs,managers,drivers_pickup_accept,driver_decisions,-0.6068053333333332,-1.6705493474875444,0.36616666666666664,0.9626022222222221
boycott_tncs,managers,rides_offers_lyft,matching,-18.439129388888887,-1.6498367856560994,14.839601777777776,33.717629555555554
boycott_tncs,managers_drivers,rides_offers_radius_avg,matching,-1052.462772444445,-2.2199259300869802,457.92270088888887,1520.1956285000003
boycott_tncs,managers_drivers,drivers_pickup_reject,driver_decisions,-0.14497144444444443,-1.777852721195497,0.09591699999999999,0.218435
boycott_tncs,managers_drivers,passengers_pickup_accept,passenger_decisions,-0.6768890555555555,-1.701406473738771,0.40262061111111114,1.0530739444444444
boycott_tncs,managers_drivers,drivers_pickup_accept,driver_decisions,-0.6068053333333332,-1.6705493474875444,0.37966672222222225,0.9626022222222221
boycott_tncs,managers_drivers,rides_offers_lyft,matching,-18.439129388888887,-1.6498367856560994,15.944564888888888,33.717629555555554
boycott_tncs,students,rides_offers_radius_avg,matching,-1052.462772444445,-2.2199259300869802,460.66883588888885,1520.1956285000003
boycott_tncs,students,drivers_pickup_reject,driver_decisions,-0.14497144444444443,-1.777852721195497,0.08712933333333334,0.218435
boycott_tncs,students,passengers_pickup_accept,passenger_decisions,-0.6768890555555555,-1.701406473738771,0.39550922222222223,1.0530739444444444
boycott_tncs,students,drivers_pickup_accept,driver_decisions,-0.6068053333333332,-1.6705493474875444,0.3683241666666667,0.9626022222222221
boycott_tncs,students,rides_offers_lyft,matching,-18.439129388888887,-1.6498367856560994,15.890740944444444,33.717629555555554
boycott_tncs,students_drivers,rides_offers_radius_avg,matching,-1052.462772444445,-2.2199259300869802,448.00264505555555,1520.1956285000003
boycott_tncs,students_drivers,drivers_pickup_reject,driver_decisions,-0.14497144444444443,-1.777852721195497,0.0863801111111111,0.218435
boycott_tncs,students_drivers,passengers_pickup_accept,passenger_decisions,-0.6768890555555555,-1.701406473738771,0.3817777222222223,1.0530739444444444
boycott_tncs,students_drivers,drivers_pickup_accept,driver_decisions,-0.6068053333333332,-1.6705493474875444,0.3461023333333334,0.9626022222222221
boycott_tncs,students_drivers,rides_offers_lyft,matching,-18.439129388888887,-1.6498367856560994,16.561537055555554,33.717629555555554
boycott_tncs-long_rides,bank_tellers,rides_offers_price_lyft_avg,market,5.991267222222223,11.1920412638829,27.947209250000004,21.73318947222222
boycott_tncs-long_rides,bank_tellers,rides_offers_price_no_surge_avg,market,5.782665861111113,9.752349573586596,27.03375844444444,20.972370111111108
boycott_tncs-long_rides,bank_tellers,rides_offers_price_uber_avg,market,5.709335777777778,9.132266706650094,26.55595838888889,20.522367444444445
boycott_tncs-long_rides,bank_tellers,passengers_drivers_ratio,demand,-0.07879502777777778,-1.1265822602821993,0.08843363888888889,0.16321327777777778
boycott_tncs-long_rides,bank_tellers,rides_partial_acceptances,matching,-2.4154679444444445,-1.120371626659678,3.654291666666667,6.132676083333333
boycott_tncs-long_rides,bank_tellers_drivers,rides_offers_price_lyft_avg,market,5.991267222222223,11.1920412638829,27.61100083333333,21.73318947222222
boycott_tncs-long_rides,bank_tellers_drivers,rides_offers_price_no_surge_avg,market,5.782665861111113,9.752349573586596,26.60463616666667,20.972370111111108
boycott_tncs-long_rides,bank_tellers_drivers,rides_offers_price_uber_avg,market,5.709335777777778,9.132266706650094,26.0714025,20.522367444444445
boycott_tncs-long_rides,bank_tellers_drivers,passengers_drivers_ratio,demand,-0.07879502777777778,-1.1265822602821993,0.09481155555555555,0.16321327777777778
boycott_tncs-long_rides,bank_tellers_drivers,rides_partial_acceptances,matching,-2.4154679444444445,-1.120371626659678,4.121106166666666,6.132676083333333
boycott_tncs-long_rides,baseline,rides_offers_price_lyft_avg,market,5.991267222222223,11.1920412638829,27.724456694444445,21.73318947222222
boycott_tncs-long_rides,baseline,rides_offers_price_no_surge_avg,market,5.782665861111113,9.752349573586596,26.75503597222222,20.972370111111108
boycott_tncs-long_rides,baseline,rides_offers_price_uber_avg,market,5.709335777777778,9.132266706650094,26.231703222222222,20.522367444444445
boycott_tncs-long_rides,baseline,passengers_drivers_ratio,demand,-0.07879502777777778,-1.1265822602821993,0.08441825,0.16321327777777778
boycott_tncs-long_rides,baseline,rides_partial_acceptances,matching,-2.4154679444444445,-1.120371626659678,3.7172081388888887,6.132676083333333
boycott_tncs-long_rides,drivers,rides_offers_price_lyft_avg,market,5.991267222222223,11.1920412638829,27.742545472222222,21.73318947222222
boycott_tncs-long_rides,drivers,rides_offers_price_no_surge_avg,market,5.782665861111113,9.752349573586596,26.785265083333332,20.972370111111108
boycott_tncs-long_rides,drivers,rides_offers_price_uber_avg,market,5.709335777777778,9.132266706650094,26.275639055555555,20.522367444444445
boycott_tncs-long_rides,drivers,passengers_drivers_ratio,demand,-0.07879502777777778,-1.1265822602821993,0.09248522222222222,0.16321327777777778
boycott_tncs-long_rides,drivers,rides_partial_acceptances,matching,-2.4154679444444445,-1.120371626659678,4.107217527777778,6.132676083333333
boycott_tncs-long_rides,managers,rides_offers_price_lyft_avg,market,5.991267222222223,11.1920412638829,28.020135805555558,21.73318947222222
boycott_tncs-long_rides,managers,rides_offers_price_no_surge_avg,market,5.782665861111113,9.752349573586596,27.079534555555558,20.972370111111108
boycott_tncs-long_rides,managers,rides_offers_price_uber_avg,market,5.709335777777778,9.132266706650094,26.57920086111111,20.522367444444445
boycott_tncs-long_rides,managers,passengers_drivers_ratio,demand,-0.07879502777777778,-1.1265822602821993,0.08769183333333333,0.16321327777777778
boycott_tncs-long_rides,managers,rides_partial_acceptances,matching,-2.4154679444444445,-1.120371626659678,3.7593099166666666,6.132676083333333
boycott_tncs-long_rides,managers_drivers,rides_offers_price_lyft_avg,market,5.991267222222223,11.1920412638829,27.682857555555554,21.73318947222222
boycott_tncs-long_rides,managers_drivers,rides_offers_price_no_surge_avg,market,5.782665861111113,9.752349573586596,26.658422083333335,20.972370111111108
boycott_tncs-long_rides,managers_drivers,rides_offers_price_uber_avg,market,5.709335777777778,9.132266706650094,26.119549749999997,20.522367444444445
boycott_tncs-long_rides,managers_drivers,passengers_drivers_ratio,demand,-0.07879502777777778,-1.1265822602821993,0.09438105555555555,0.16321327777777778
boycott_tncs-long_rides,managers_drivers,rides_partial_acceptances,matching,-2.4154679444444445,-1.120371626659678,4.138111055555555,6.132676083333333
boycott_tncs-long_rides,students,rides_offers_price_lyft_avg,market,5.991267222222223,11.1920412638829,27.87050727777778,21.73318947222222
boycott_tncs-long_rides,students,rides_offers_price_no_surge_avg,market,5.782665861111113,9.752349573586596,26.873000027777778,20.972370111111108
boycott_tncs-long_rides,students,rides_offers_price_uber_avg,market,5.709335777777778,9.132266706650094,26.347984027777773,20.522367444444445
boycott_tncs-long_rides,students,passengers_drivers_ratio,demand,-0.07879502777777778,-1.1265822602821993,0.08914577777777778,0.16321327777777778
boycott_tncs-long_rides,students,rides_partial_acceptances,matching,-2.4154679444444445,-1.120371626659678,3.8917314722222223,6.132676083333333
boycott_tncs-long_rides,students_drivers,rides_offers_price_lyft_avg,market,5.991267222222223,11.1920412638829,27.663156277777777,21.73318947222222
boycott_tncs-long_rides,students_drivers,rides_offers_price_no_surge_avg,market,5.782665861111113,9.752349573586596,26.658879583333338,20.972370111111108
boycott_tncs-long_rides,students_drivers,rides_offers_price_uber_avg,market,5.709335777777778,9.132266706650094,26.139981027777775,20.522367444444445
boycott_tncs-long_rides,students_drivers,passengers_drivers_ratio,demand,-0.07879502777777778,-1.1265822602821993,0.09365602777777778,0.16321327777777778
boycott_tncs-long_rides,students_drivers,rides_partial_acceptances,matching,-2.4154679444444445,-1.120371626659678,4.103092444444444,6.132676083333333
flash_mob,bank_tellers,rides_offers_price_uber_avg,market,3.725555555555559,5.959146262898181,23.501755999999997,20.79602388888889
flash_mob,bank_tellers,rides_offers_price_no_surge_avg,market,3.4188154444444443,5.7657634285984205,23.74868022222222,21.27252911111111
flash_mob,bank_tellers,rides_offers_price_lyft_avg,market,2.8971866666666664,5.412115921358913,24.15101588888889,22.076257222222218
flash_mob,bank_tellers,passengers_pickup_reject,passenger_decisions,0.08420266666666668,1.7039880165002879,0.2860376666666667,0.13755566666666666
flash_mob,bank_tellers,passengers_acceptance_rate,passenger_decisions,-0.15665822222222214,-1.3474180474996202,1.5681384444444446,2.1753686666666665
flash_mob,bank_tellers_drivers,rides_offers_price_uber_avg,market,3.725555555555559,5.959146262898181,23.648014666666672,20.79602388888889
flash_mob,bank_tellers_drivers,rides_offers_price_no_surge_avg,market,3.4188154444444443,5.7657634285984205,23.956909,21.27252911111111
flash_mob,bank_tellers_drivers,rides_offers_price_lyft_avg,market,2.8971866666666664,5.412115921358913,24.45869466666667,22.076257222222218
flash_mob,bank_tellers_drivers,passengers_pickup_reject,passenger_decisions,0.08420266666666668,1.7039880165002879,0.3064078888888889,0.13755566666666666
flash_mob,bank_tellers_drivers,passengers_acceptance_rate,passenger_decisions,-0.15665822222222214,-1.3474180474996202,1.540118222222222,2.1753686666666665
flash_mob,baseline,rides_offers_price_uber_avg,market,3.725555555555559,5.959146262898181,24.52157944444445,20.79602388888889
flash_mob,baseline,rides_offers_price_no_surge_avg,market,3.4188154444444443,5.7657634285984205,24.691344555555553,21.27252911111111
flash_mob,baseline,rides_offers_price_lyft_avg,market,2.8971866666666664,5.412115921358913,24.973443888888884,22.076257222222218
flash_mob,baseline,passengers_pickup_reject,passenger_decisions,0.08420266666666668,1.7039880165002879,0.22175833333333334,0.13755566666666666
flash_mob,baseline,passengers_acceptance_rate,passenger_decisions,-0.15665822222222214,-1.3474180474996202,2.0187104444444444,2.1753686666666665
flash_mob,drivers,rides_offers_price_uber_avg,market,3.725555555555559,5.959146262898181,23.854641222222224,20.79602388888889
flash_mob,drivers,rides_offers_price_no_surge_avg,market,3.4188154444444443,5.7657634285984205,24.141285444444446,21.27252911111111
flash_mob,drivers,rides_offers_price_lyft_avg,market,2.8971866666666664,5.412115921358913,24.65131733333334,22.076257222222218
flash_mob,drivers,passengers_pickup_reject,passenger_decisions,0.08420266666666668,1.7039880165002879,0.2165,0.13755566666666666
flash_mob,drivers,passengers_acceptance_rate,passenger_decisions,-0.15665822222222214,-1.3474180474996202,2.0111172222222224,2.1753686666666665
flash_mob,managers,rides_offers_price_uber_avg,market,3.725555555555559,5.959146262898181,23.608580444444446,20.79602388888889
flash_mob,managers,rides_offers_price_no_surge_avg,market,3.4188154444444443,5.7657634285984205,23.83094188888889,21.27252911111111
flash_mob,managers,rides_offers_price_lyft_avg,market,2.8971866666666664,5.412115921358913,24.187901888888888,22.076257222222218
flash_mob,managers,passengers_pickup_reject,passenger_decisions,0.08420266666666668,1.7039880165002879,0.2664997777777778,0.13755566666666666
flash_mob,managers,passengers_acceptance_rate,passenger_decisions,-0.15665822222222214,-1.3474180474996202,1.700584,2.1753686666666665
flash_mob,managers_drivers,rides_offers_price_uber_avg,market,3.725555555555559,5.959146262898181,23.56595522222223,20.79602388888889
flash_mob,managers_drivers,rides_offers_price_no_surge_avg,market,3.4188154444444443,5.7657634285984205,23.829385999999996,21.27252911111111
flash_mob,managers_drivers,rides_offers_price_lyft_avg,market,2.8971866666666664,5.412115921358913,24.276448444444444,22.076257222222218
flash_mob,managers_drivers,passengers_pickup_reject,passenger_decisions,0.08420266666666668,1.7039880165002879,0.26355544444444445,0.13755566666666666
flash_mob,managers_drivers,passengers_acceptance_rate,passenger_decisions,-0.15665822222222214,-1.3474180474996202,1.6799607777777779,2.1753686666666665
flash_mob,students,rides_offers_price_uber_avg,market,3.725555555555559,5.959146262898181,23.70549766666667,20.79602388888889
flash_mob,students,rides_offers_price_no_surge_avg,market,3.4188154444444443,5.7657634285984205,23.93829444444444,21.27252911111111
flash_mob,students,rides_offers_price_lyft_avg,market,2.8971866666666664,5.412115921358913,24.314451777777776,22.076257222222218
flash_mob,students,passengers_pickup_reject,passenger_decisions,0.08420266666666668,1.7039880165002879,0.21761155555555559,0.13755566666666666
flash_mob,students,passengers_acceptance_rate,passenger_decisions,-0.15665822222222214,-1.3474180474996202,1.8953072222222227,2.1753686666666665
flash_mob,students_drivers,rides_offers_price_uber_avg,market,3.725555555555559,5.959146262898181,23.717766222222217,20.79602388888889
flash_mob,students_drivers,rides_offers_price_no_surge_avg,market,3.4188154444444443,5.7657634285984205,23.947295666666665,21.27252911111111
flash_mob,students_drivers,rides_offers_price_lyft_avg,market,2.8971866666666664,5.412115921358913,24.318438444444446,22.076257222222218
flash_mob,students_drivers,passengers_pickup_reject,passenger_decisions,0.08420266666666668,1.7039880165002879,0.22548188888888893,0.13755566666666666
flash_mob,students_drivers,passengers_acceptance_rate,passenger_decisions,-0.15665822222222214,-1.3474180474996202,1.932303,2.1753686666666665
flash_mob-boycott_tncs,bank_tellers,rides_offers_price_uber_avg,market,2.999609444444438,4.79797204590326,23.393725722222218,20.713286055555557
flash_mob-boycott_tncs,bank_tellers,rides_offers_price_no_surge_avg,market,2.7328177777777753,4.6088421724370585,23.59377277777778,21.16593622222222
flash_mob-boycott_tncs,bank_tellers,rides_offers_price_lyft_avg,market,2.3107167777777775,4.316555507674897,23.954217888888888,21.92458222222222
flash_mob-boycott_tncs,bank_tellers,rides_offers_radius_avg,matching,-1033.0086363333337,-2.178891945483238,494.3108221666667,1520.1956285000003
flash_mob-boycott_tncs,bank_tellers,rides_offers_lyft,matching,-17.88466644444444,-1.6002263434961312,16.7800465,33.717629555555554
flash_mob-boycott_tncs,bank_tellers_drivers,rides_offers_price_uber_avg,market,2.999609444444438,4.79797204590326,23.522313722222226,20.713286055555557
flash_mob-boycott_tncs,bank_tellers_drivers,rides_offers_price_no_surge_avg,market,2.7328177777777753,4.6088421724370585,23.726106277777774,21.16593622222222
flash_mob-boycott_tncs,bank_tellers_drivers,rides_offers_price_lyft_avg,market,2.3107167777777775,4.316555507674897,24.132817888888884,21.92458222222222
flash_mob-boycott_tncs,bank_tellers_drivers,rides_offers_radius_avg,matching,-1033.0086363333337,-2.178891945483238,490.3215795,1520.1956285000003
flash_mob-boycott_tncs,bank_tellers_drivers,rides_offers_lyft,matching,-17.88466644444444,-1.6002263434961312,16.41722227777778,33.717629555555554
flash_mob-boycott_tncs,baseline,rides_offers_price_uber_avg,market,2.999609444444438,4.79797204590326,23.712895499999995,20.713286055555557
flash_mob-boycott_tncs,baseline,rides_offers_price_no_surge_avg,market,2.7328177777777753,4.6088421724370585,23.898753999999997,21.16593622222222
flash_mob-boycott_tncs,baseline,rides_offers_price_lyft_avg,market,2.3107167777777775,4.316555507674897,24.235298999999998,21.92458222222222
flash_mob-boycott_tncs,baseline,rides_offers_radius_avg,matching,-1033.0086363333337,-2.178891945483238,487.1869921666667,1520.1956285000003
flash_mob-boycott_tncs,baseline,rides_offers_lyft,matching,-17.88466644444444,-1.6002263434961312,15.83296311111111,33.717629555555554
flash_mob-boycott_tncs,drivers,rides_offers_price_uber_avg,market,2.999609444444438,4.79797204590326,23.879005555555555,20.713286055555557
flash_mob-boycott_tncs,drivers,rides_offers_price_no_surge_avg,market,2.7328177777777753,4.6088421724370585,24.097221333333337,21.16593622222222
flash_mob-boycott_tncs,drivers,rides_offers_price_lyft_avg,market,2.3107167777777775,4.316555507674897,24.500444555555553,21.92458222222222
flash_mob-boycott_tncs,drivers,rides_offers_radius_avg,matching,-1033.0086363333337,-2.178891945483238,499.7175327222222,1520.1956285000003
flash_mob-boycott_tncs,drivers,rides_offers_lyft,matching,-17.88466644444444,-1.6002263434961312,17.59675,33.717629555555554
flash_mob-boycott_tncs,managers,rides_offers_price_uber_avg,market,2.999609444444438,4.79797204590326,23.700237000000005,20.713286055555557
flash_mob-boycott_tncs,managers,rides_offers_price_no_surge_avg,market,2.7328177777777753,4.6088421724370585,23.901407777777777,21.16593622222222
flash_mob-boycott_tncs,managers,rides_offers_price_lyft_avg,market,2.3107167777777775,4.316555507674897,24.274715388888882,21.92458222222222
flash_mob-boycott_tncs,managers,rides_offers_radius_avg,matching,-1033.0086363333337,-2.178891945483238,513.7813808333333,1520.1956285000003
flash_mob-boycott_tncs,managers,rides_offers_lyft,matching,-17.88466644444444,-1.6002263434961312,16.515249999999998,33.717629555555554
flash_mob-boycott_tncs,managers_drivers,rides_offers_price_uber_avg,market,2.999609444444438,4.79797204590326,23.88542505555556,20.713286055555557
flash_mob-boycott_tncs,managers_drivers,rides_offers_price_no_surge_avg,market,2.7328177777777753,4.6088421724370585,24.06802211111111,21.16593622222222
flash_mob-boycott_tncs,managers_drivers,rides_offers_price_lyft_avg,market,2.3107167777777775,4.316555507674897,24.390350500000004,21.92458222222222
flash_mob-boycott_tncs,managers_drivers,rides_offers_radius_avg,matching,-1033.0086363333337,-2.178891945483238,519.707706,1520.1956285000003
flash_mob-boycott_tncs,managers_drivers,rides_offers_lyft,matching,-17.88466644444444,-1.6002263434961312,17.6395925,33.717629555555554
flash_mob-boycott_tncs,students,rides_offers_price_uber_avg,market,2.999609444444438,4.79797204590326,23.46157838888889,20.713286055555557
flash_mob-boycott_tncs,students,rides_offers_price_no_surge_avg,market,2.7328177777777753,4.6088421724370585,23.591203722222225,21.16593622222222
flash_mob-boycott_tncs,students,rides_offers_price_lyft_avg,market,2.3107167777777775,4.316555507674897,23.834208166666667,21.92458222222222
flash_mob-boycott_tncs,students,rides_offers_radius_avg,matching,-1033.0086363333337,-2.178891945483238,530.6779325555556,1520.1956285000003
flash_mob-boycott_tncs,students,rides_offers_lyft,matching,-17.88466644444444,-1.6002263434961312,15.784564388888889,33.717629555555554
flash_mob-boycott_tncs,students_drivers,rides_offers_price_uber_avg,market,2.999609444444438,4.79797204590326,23.882073166666668,20.713286055555557
flash_mob-boycott_tncs,students_drivers,rides_offers_price_no_surge_avg,market,2.7328177777777753,4.6088421724370585,24.057070055555556,21.16593622222222
flash_mob-boycott_tncs,students_drivers,rides_offers_price_lyft_avg,market,2.3107167777777775,4.316555507674897,24.37780888888889,21.92458222222222
flash_mob-boycott_tncs,students_drivers,rides_offers_radius_avg,matching,-1033.0086363333337,-2.178891945483238,482.9694859999999,1520.1956285000003
flash_mob-boycott_tncs,students_drivers,rides_offers_lyft,matching,-17.88466644444444,-1.6002263434961312,17.025972111111113,33.717629555555554
flash_mob-long_rides,bank_tellers,rides_offers_price_lyft_avg,market,7.920445694444453,14.795860667300742,30.045424916666665,21.73318947222222
flash_mob-long_rides,bank_tellers,rides_offers_price_no_surge_avg,market,8.002762888888892,13.496498521872763,29.368244055555554,20.972370111111108
flash_mob-long_rides,bank_tellers,rides_offers_price_uber_avg,market,8.057299749999999,12.887910803709099,28.965444055555558,20.522367444444445
flash_mob-long_rides,bank_tellers,passengers_acceptance_rate,passenger_decisions,-0.23706058333333369,-2.038959103474439,1.1472749166666665,2.0987324444444444
flash_mob-long_rides,bank_tellers,passengers_pickup_reject,passenger_decisions,0.0915279722222222,1.852228367762357,0.31800475,0.11379150000000002
flash_mob-long_rides,bank_tellers_drivers,rides_offers_price_lyft_avg,market,7.920445694444453,14.795860667300742,29.967695722222224,21.73318947222222
flash_mob-long_rides,bank_tellers_drivers,rides_offers_price_no_surge_avg,market,8.002762888888892,13.496498521872763,29.26783913888889,20.972370111111108
flash_mob-long_rides,bank_tellers_drivers,rides_offers_price_uber_avg,market,8.057299749999999,12.887910803709099,28.83453891666667,20.522367444444445
flash_mob-long_rides,bank_tellers_drivers,passengers_acceptance_rate,passenger_decisions,-0.23706058333333369,-2.038959103474439,1.1366078888888889,2.0987324444444444
flash_mob-long_rides,bank_tellers_drivers,passengers_pickup_reject,passenger_decisions,0.0915279722222222,1.852228367762357,0.30761566666666673,0.11379150000000002
flash_mob-long_rides,baseline,rides_offers_price_lyft_avg,market,7.920445694444453,14.795860667300742,29.653635166666675,21.73318947222222
flash_mob-long_rides,baseline,rides_offers_price_no_surge_avg,market,8.002762888888892,13.496498521872763,28.975133,20.972370111111108
flash_mob-long_rides,baseline,rides_offers_price_uber_avg,market,8.057299749999999,12.887910803709099,28.579667194444443,20.522367444444445
flash_mob-long_rides,baseline,passengers_acceptance_rate,passenger_decisions,-0.23706058333333369,-2.038959103474439,1.8616718611111107,2.0987324444444444
flash_mob-long_rides,baseline,passengers_pickup_reject,passenger_decisions,0.0915279722222222,1.852228367762357,0.20531947222222222,0.11379150000000002
flash_mob-long_rides,drivers,rides_offers_price_lyft_avg,market,7.920445694444453,14.795860667300742,29.891724749999998,21.73318947222222
flash_mob-long_rides,drivers,rides_offers_price_no_surge_avg,market,8.002762888888892,13.496498521872763,29.15721163888889,20.972370111111108
flash_mob-long_rides,drivers,rides_offers_price_uber_avg,market,8.057299749999999,12.887910803709099,28.718696305555557,20.522367444444445
flash_mob-long_rides,drivers,passengers_acceptance_rate,passenger_decisions,-0.23706058333333369,-2.038959103474439,1.8404638055555558,2.0987324444444444
flash_mob-long_rides,drivers,passengers_pickup_reject,passenger_decisions,0.0915279722222222,1.852228367762357,0.20906974999999997,0.11379150000000002
flash_mob-long_rides,managers,rides_offers_price_lyft_avg,market,7.920445694444453,14.795860667300742,29.797442500000002,21.73318947222222
flash_mob-long_rides,managers,rides_offers_price_no_surge_avg,market,8.002762888888892,13.496498521872763,29.07236891666667,20.972370111111108
flash_mob-long_rides,managers,rides_offers_price_uber_avg,market,8.057299749999999,12.887910803709099,28.648971999999997,20.522367444444445
flash_mob-long_rides,managers,passengers_acceptance_rate,passenger_decisions,-0.23706058333333369,-2.038959103474439,1.3619677777777779,2.0987324444444444
flash_mob-long_rides,managers,passengers_pickup_reject,passenger_decisions,0.0915279722222222,1.852228367762357,0.2805836111111111,0.11379150000000002
flash_mob-long_rides,managers_drivers,rides_offers_price_lyft_avg,market,7.920445694444453,14.795860667300742,30.105036916666666,21.73318947222222
flash_mob-long_rides,managers_drivers,rides_offers_price_no_surge_avg,market,8.002762888888892,13.496498521872763,29.493953666666666,20.972370111111108
flash_mob-long_rides,managers_drivers,rides_offers_price_uber_avg,market,8.057299749999999,12.887910803709099,29.14934152777778,20.522367444444445
flash_mob-long_rides,managers_drivers,passengers_acceptance_rate,passenger_decisions,-0.23706058333333369,-2.038959103474439,1.3469527777777779,2.0987324444444444
flash_mob-long_rides,managers_drivers,passengers_pickup_reject,passenger_decisions,0.0915279722222222,1.852228367762357,0.2838470277777778,0.11379150000000002
flash_mob-long_rides,students,rides_offers_price_lyft_avg,market,7.920445694444453,14.795860667300742,29.94818133333333,21.73318947222222
flash_mob-long_rides,students,rides_offers_price_no_surge_avg,market,8.002762888888892,13.496498521872763,29.214308055555556,20.972370111111108
flash_mob-long_rides,students,rides_offers_price_uber_avg,market,8.057299749999999,12.887910803709099,28.762692194444444,20.522367444444445
flash_mob-long_rides,students,passengers_acceptance_rate,passenger_decisions,-0.23706058333333369,-2.038959103474439,1.6568267499999996,2.0987324444444444
flash_mob-long_rides,students,passengers_pickup_reject,passenger_decisions,0.0915279722222222,1.852228367762357,0.2227912222222222,0.11379150000000002
flash_mob-long_rides,students_drivers,rides_offers_price_lyft_avg,market,7.920445694444453,14.795860667300742,29.892761194444443,21.73318947222222
flash_mob-long_rides,students_drivers,rides_offers_price_no_surge_avg,market,8.002762888888892,13.496498521872763,29.16735436111111,20.972370111111108
flash_mob-long_rides,students_drivers,rides_offers_price_uber_avg,market,8.057299749999999,12.887910803709099,28.724234694444444,20.522367444444445
flash_mob-long_rides,students_drivers,passengers_acceptance_rate,passenger_decisions,-0.23706058333333369,-2.038959103474439,1.6234415277777776,2.0987324444444444
flash_mob-long_rides,students_drivers,passengers_pickup_reject,passenger_decisions,0.0915279722222222,1.852228367762357,0.23438905555555556,0.11379150000000002
flash_mob-wildcat_strike,bank_tellers,rides_offers_price_uber_avg,market,3.2048839999999963,5.126315317763174,24.16587755555556,20.713286055555557
flash_mob-wildcat_strike,bank_tellers,rides_offers_price_no_surge_avg,market,2.942321777777771,4.962166451262338,24.282489555555557,21.16593622222222
flash_mob-wildcat_strike,bank_tellers,rides_offers_price_lyft_avg,market,2.488545388888891,4.6487498631649125,24.47258211111111,21.92458222222222
flash_mob-wildcat_strike,bank_tellers,passengers_pickup_reject,passenger_decisions,0.08888927777777778,1.7988297773075117,0.3423602777777778,0.12836083333333334
flash_mob-wildcat_strike,bank_tellers,rides_offers_radius_avg,matching,776.9612974444442,1.638819515549173,2276.0024255555554,1520.1956285000003
flash_mob-wildcat_strike,bank_tellers_drivers,rides_offers_price_uber_avg,market,3.2048839999999963,5.126315317763174,23.63959272222222,20.713286055555557
flash_mob-wildcat_strike,bank_tellers_drivers,rides_offers_price_no_surge_avg,market,2.942321777777771,4.962166451262338,23.838673000000004,21.16593622222222
flash_mob-wildcat_strike,bank_tellers_drivers,rides_offers_price_lyft_avg,market,2.488545388888891,4.6487498631649125,24.173381166666665,21.92458222222222
flash_mob-wildcat_strike,bank_tellers_drivers,passengers_pickup_reject,passenger_decisions,0.08888927777777778,1.7988297773075117,0.32149094444444454,0.12836083333333334
flash_mob-wildcat_strike,bank_tellers_drivers,rides_offers_radius_avg,matching,776.9612974444442,1.638819515549173,2245.092353111111,1520.1956285000003
flash_mob-wildcat_strike,baseline,rides_offers_price_uber_avg,market,3.2048839999999963,5.126315317763174,23.918170055555553,20.713286055555557
flash_mob-wildcat_strike,baseline,rides_offers_price_no_surge_avg,market,2.942321777777771,4.962166451262338,24.108257999999992,21.16593622222222
flash_mob-wildcat_strike,baseline,rides_offers_price_lyft_avg,market,2.488545388888891,4.6487498631649125,24.41312761111111,21.92458222222222
flash_mob-wildcat_strike,baseline,passengers_pickup_reject,passenger_decisions,0.08888927777777778,1.7988297773075117,0.21725011111111112,0.12836083333333334
flash_mob-wildcat_strike,baseline,rides_offers_radius_avg,matching,776.9612974444442,1.638819515549173,2297.1569259444445,1520.1956285000003
flash_mob-wildcat_strike,drivers,rides_offers_price_uber_avg,market,3.2048839999999963,5.126315317763174,24.050941111111115,20.713286055555557
flash_mob-wildcat_strike,drivers,rides_offers_price_no_surge_avg,market,2.942321777777771,4.962166451262338,24.202870166666667,21.16593622222222
flash_mob-wildcat_strike,drivers,rides_offers_price_lyft_avg,market,2.488545388888891,4.6487498631649125,24.437354166666662,21.92458222222222
flash_mob-wildcat_strike,drivers,passengers_pickup_reject,passenger_decisions,0.08888927777777778,1.7988297773075117,0.21599933333333332,0.12836083333333334
flash_mob-wildcat_strike,drivers,rides_offers_radius_avg,matching,776.9612974444442,1.638819515549173,2307.7246375,1520.1956285000003
flash_mob-wildcat_strike,managers,rides_offers_price_uber_avg,market,3.2048839999999963,5.126315317763174,23.70224605555556,20.713286055555557
flash_mob-wildcat_strike,managers,rides_offers_price_no_surge_avg,market,2.942321777777771,4.962166451262338,23.88159583333333,21.16593622222222
flash_mob-wildcat_strike,managers,rides_offers_price_lyft_avg,market,2.488545388888891,4.6487498631649125,24.160817055555558,21.92458222222222
flash_mob-wildcat_strike,managers,passengers_pickup_reject,passenger_decisions,0.08888927777777778,1.7988297773075117,0.28009272222222215,0.12836083333333334
flash_mob-wildcat_strike,managers,rides_offers_radius_avg,matching,776.9612974444442,1.638819515549173,2287.795970222222,1520.1956285000003
flash_mob-wildcat_strike,managers_drivers,rides_offers_price_uber_avg,market,3.2048839999999963,5.126315317763174,23.672887999999997,20.713286055555557
flash_mob-wildcat_strike,managers_drivers,rides_offers_price_no_surge_avg,market,2.942321777777771,4.962166451262338,23.84972416666666,21.16593622222222
flash_mob-wildcat_strike,managers_drivers,rides_offers_price_lyft_avg,market,2.488545388888891,4.6487498631649125,24.133968777777774,21.92458222222222
flash_mob-wildcat_strike,managers_drivers,passengers_pickup_reject,passenger_decisions,0.08888927777777778,1.7988297773075117,0.29788872222222224,0.12836083333333334
flash_mob-wildcat_strike,managers_drivers,rides_offers_radius_avg,matching,776.9612974444442,1.638819515549173,2235.965256611111,1520.1956285000003
flash_mob-wildcat_strike,students,rides_offers_price_uber_avg,market,3.2048839999999963,5.126315317763174,23.719421833333335,20.713286055555557
flash_mob-wildcat_strike,students,rides_offers_price_no_surge_avg,market,2.942321777777771,4.962166451262338,23.90426705555556,21.16593622222222
flash_mob-wildcat_strike,students,rides_offers_price_lyft_avg,market,2.488545388888891,4.6487498631649125,24.193676222222226,21.92458222222222
flash_mob-wildcat_strike,students,passengers_pickup_reject,passenger_decisions,0.08888927777777778,1.7988297773075117,0.2354256111111111,0.12836083333333334
flash_mob-wildcat_strike,students,rides_offers_radius_avg,matching,776.9612974444442,1.638819515549173,2282.7902551666666,1520.1956285000003
flash_mob-wildcat_strike,students_drivers,rides_offers_price_uber_avg,market,3.2048839999999963,5.126315317763174,24.02762861111111,20.713286055555557
flash_mob-wildcat_strike,students_drivers,rides_offers_price_no_surge_avg,market,2.942321777777771,4.962166451262338,24.24056711111111,21.16593622222222
flash_mob-wildcat_strike,students_drivers,rides_offers_price_lyft_avg,market,2.488545388888891,4.6487498631649125,24.581363388888896,21.92458222222222
flash_mob-wildcat_strike,students_drivers,passengers_pickup_reject,passenger_decisions,0.08888927777777778,1.7988297773075117,0.24285149999999997,0.12836083333333334
flash_mob-wildcat_strike,students_drivers,rides_offers_radius_avg,matching,776.9612974444442,1.638819515549173,2263.2011595555555,1520.1956285000003
long_rides,bank_tellers,rides_offers_price_lyft_avg,market,6.499906444444445,12.142209392325837,28.039395250000002,21.73318947222222
long_rides,bank_tellers,rides_offers_price_no_surge_avg,market,6.401837444444446,10.79656998537043,27.094581388888887,20.972370111111108
long_rides,bank_tellers,rides_offers_price_uber_avg,market,6.355252527777779,10.165431379544595,26.52609611111111,20.522367444444445
long_rides,bank_tellers,passengers_acceptance_rate,passenger_decisions,-0.18403994444444427,-1.5829283588671774,1.1850909444444444,2.0987324444444444
long_rides,bank_tellers,rides_length_avg,trip,1621.3156408333325,1.4014316841170502,8134.9661902222215,6450.442192333334
long_rides,bank_tellers_drivers,rides_offers_price_lyft_avg,market,6.499906444444445,12.142209392325837,28.00472511111111,21.73318947222222
long_rides,bank_tellers_drivers,rides_offers_price_no_surge_avg,market,6.401837444444446,10.79656998537043,27.07648861111111,20.972370111111108
long_rides,bank_tellers_drivers,rides_offers_price_uber_avg,market,6.355252527777779,10.165431379544595,26.53032983333333,20.522367444444445
long_rides,bank_tellers_drivers,passengers_acceptance_rate,passenger_decisions,-0.18403994444444427,-1.5829283588671774,1.1798266388888887,2.0987324444444444
long_rides,bank_tellers_drivers,rides_length_avg,trip,1621.3156408333325,1.4014316841170502,7911.286157666666,6450.442192333334
long_rides,baseline,rides_offers_price_lyft_avg,market,6.499906444444445,12.142209392325837,28.233095916666667,21.73318947222222
long_rides,baseline,rides_offers_price_no_surge_avg,market,6.401837444444446,10.79656998537043,27.374207555555554,20.972370111111108
long_rides,baseline,rides_offers_price_uber_avg,market,6.355252527777779,10.165431379544595,26.877619972222224,20.522367444444445
long_rides,baseline,passengers_acceptance_rate,passenger_decisions,-0.18403994444444427,-1.5829283588671774,1.9146925000000001,2.0987324444444444
long_rides,baseline,rides_length_avg,trip,1621.3156408333325,1.4014316841170502,8071.757833166666,6450.442192333334
long_rides,drivers,rides_offers_price_lyft_avg,market,6.499906444444445,12.142209392325837,28.265284555555557,21.73318947222222
long_rides,drivers,rides_offers_price_no_surge_avg,market,6.401837444444446,10.79656998537043,27.319007833333334,20.972370111111108
long_rides,drivers,rides_offers_price_uber_avg,market,6.355252527777779,10.165431379544595,26.76337994444445,20.522367444444445
long_rides,drivers,passengers_acceptance_rate,passenger_decisions,-0.18403994444444427,-1.5829283588671774,1.9071654444444448,2.0987324444444444
long_rides,drivers,rides_length_avg,trip,1621.3156408333325,1.4014316841170502,7981.740281027778,6450.442192333334
long_rides,managers,rides_offers_price_lyft_avg,market,6.499906444444445,12.142209392325837,28.047674055555554,21.73318947222222
long_rides,managers,rides_offers_price_no_surge_avg,market,6.401837444444446,10.79656998537043,27.159079027777775,20.972370111111108
long_rides,managers,rides_offers_price_uber_avg,market,6.355252527777779,10.165431379544595,26.647958027777772,20.522367444444445
long_rides,managers,passengers_acceptance_rate,passenger_decisions,-0.18403994444444427,-1.5829283588671774,1.4211060555555557,2.0987324444444444
long_rides,managers,rides_length_avg,trip,1621.3156408333325,1.4014316841170502,7950.461955333334,6450.442192333334
long_rides,managers_drivers,rides_offers_price_lyft_avg,market,6.499906444444445,12.142209392325837,28.25101458333333,21.73318947222222
long_rides,managers_drivers,rides_offers_price_no_surge_avg,market,6.401837444444446,10.79656998537043,27.392037027777775,20.972370111111108
long_rides,managers_drivers,rides_offers_price_uber_avg,market,6.355252527777779,10.165431379544595,26.861683472222225,20.522367444444445
long_rides,managers_drivers,passengers_acceptance_rate,passenger_decisions,-0.18403994444444427,-1.5829283588671774,1.3950784722222223,2.0987324444444444
long_rides,managers_drivers,rides_length_avg,trip,1621.3156408333325,1.4014316841170502,7937.458694361111,6450.442192333334
long_rides,students,rides_offers_price_lyft_avg,market,6.499906444444445,12.142209392325837,28.133627944444438,21.73318947222222
long_rides,students,rides_offers_price_no_surge_avg,market,6.401837444444446,10.79656998537043,27.26288983333333,20.972370111111108
long_rides,students,rides_offers_price_uber_avg,market,6.355252527777779,10.165431379544595,26.756949194444445,20.522367444444445
long_rides,students,passengers_acceptance_rate,passenger_decisions,-0.18403994444444427,-1.5829283588671774,1.7285210555555555,2.0987324444444444
long_rides,students,rides_length_avg,trip,1621.3156408333325,1.4014316841170502,8087.208359666665,6450.442192333334
long_rides,students_drivers,rides_offers_price_lyft_avg,market,6.499906444444445,12.142209392325837,28.061605916666668,21.73318947222222
long_rides,students_drivers,rides_offers_price_no_surge_avg,market,6.401837444444446,10.79656998537043,27.15742286111111,20.972370111111108
long_rides,students_drivers,rides_offers_price_uber_avg,market,6.355252527777779,10.165431379544595,26.62199147222222,20.522367444444445
long_rides,students_drivers,passengers_acceptance_rate,passenger_decisions,-0.18403994444444427,-1.5829283588671774,1.7216084444444444,2.0987324444444444
long_rides,students_drivers,rides_length_avg,trip,1621.3156408333325,1.4014316841170502,8044.690390194445,6450.442192333334
underground_alarm,bank_tellers,passengers_pickup_reject,passenger_decisions,0.09237014814814806,1.8692712684491448,0.35211111111111115,0.1297406666666667
underground_alarm,bank_tellers,passengers_unassigned,demand,14.30855525925925,1.7795318197178858,37.2884817037037,23.89806170370371
underground_alarm,bank_tellers,rides_offers_radius_avg,matching,828.4255942222217,1.747371504162823,2375.759121925926,1534.4128114814816
underground_alarm,bank_tellers,passengers_drivers_ratio,demand,0.11545214814814814,1.650692254110203,0.2954436296296296,0.18774992592592593
underground_alarm,bank_tellers,drivers_pickup_reject,driver_decisions,0.12676599999999996,1.5545908293783643,0.36993807407407414,0.22506111111111113
underground_alarm,bank_tellers_drivers,passengers_pickup_reject,passenger_decisions,0.09237014814814806,1.8692712684491448,0.3553088148148148,0.1297406666666667
underground_alarm,bank_tellers_drivers,passengers_unassigned,demand,14.30855525925925,1.7795318197178858,37.50132111111111,23.89806170370371
underground_alarm,bank_tellers_drivers,rides_offers_radius_avg,matching,828.4255942222217,1.747371504162823,2284.823854222222,1534.4128114814816
underground_alarm,bank_tellers_drivers,passengers_drivers_ratio,demand,0.11545214814814814,1.650692254110203,0.2943688888888889,0.18774992592592593
underground_alarm,bank_tellers_drivers,drivers_pickup_reject,driver_decisions,0.12676599999999996,1.5545908293783643,0.3636541481481482,0.22506111111111113
underground_alarm,baseline,passengers_pickup_reject,passenger_decisions,0.09237014814814806,1.8692712684491448,0.22211081481481476,0.1297406666666667
underground_alarm,baseline,passengers_unassigned,demand,14.30855525925925,1.7795318197178858,38.20661696296296,23.89806170370371
underground_alarm,baseline,rides_offers_radius_avg,matching,828.4255942222217,1.747371504162823,2362.8384057037033,1534.4128114814816
underground_alarm,baseline,passengers_drivers_ratio,demand,0.11545214814814814,1.650692254110203,0.30320207407407407,0.18774992592592593
underground_alarm,baseline,drivers_pickup_reject,driver_decisions,0.12676599999999996,1.5545908293783643,0.3518271111111111,0.22506111111111113
underground_alarm,drivers,passengers_pickup_reject,passenger_decisions,0.09237014814814806,1.8692712684491448,0.19964185185185185,0.1297406666666667
underground_alarm,drivers,passengers_unassigned,demand,14.30855525925925,1.7795318197178858,38.82930859259259,23.89806170370371
underground_alarm,drivers,rides_offers_radius_avg,matching,828.4255942222217,1.747371504162823,2356.472925333333,1534.4128114814816
underground_alarm,drivers,passengers_drivers_ratio,demand,0.11545214814814814,1.650692254110203,0.32428348148148145,0.18774992592592593
underground_alarm,drivers,drivers_pickup_reject,driver_decisions,0.12676599999999996,1.5545908293783643,0.36690125925925926,0.22506111111111113
underground_alarm,managers,passengers_pickup_reject,passenger_decisions,0.09237014814814806,1.8692712684491448,0.31941970370370376,0.1297406666666667
underground_alarm,managers,passengers_unassigned,demand,14.30855525925925,1.7795318197178858,36.23541977777778,23.89806170370371
underground_alarm,managers,rides_offers_radius_avg,matching,828.4255942222217,1.747371504162823,2335.6796456296292,1534.4128114814816
underground_alarm,managers,passengers_drivers_ratio,demand,0.11545214814814814,1.650692254110203,0.2824785925925926,0.18774992592592593
underground_alarm,managers,drivers_pickup_reject,driver_decisions,0.12676599999999996,1.5545908293783643,0.3515551111111112,0.22506111111111113
underground_alarm,managers_drivers,passengers_pickup_reject,passenger_decisions,0.09237014814814806,1.8692712684491448,0.31125896296296296,0.1297406666666667
underground_alarm,managers_drivers,passengers_unassigned,demand,14.30855525925925,1.7795318197178858,38.616889111111114,23.89806170370371
underground_alarm,managers_drivers,rides_offers_radius_avg,matching,828.4255942222217,1.747371504162823,2301.753770222222,1534.4128114814816
underground_alarm,managers_drivers,passengers_drivers_ratio,demand,0.11545214814814814,1.650692254110203,0.30799496296296297,0.18774992592592593
underground_alarm,managers_drivers,drivers_pickup_reject,driver_decisions,0.12676599999999996,1.5545908293783643,0.3740619259259259,0.22506111111111113
underground_alarm,students,passengers_pickup_reject,passenger_decisions,0.09237014814814806,1.8692712684491448,0.2532594814814814,0.1297406666666667
underground_alarm,students,passengers_unassigned,demand,14.30855525925925,1.7795318197178858,37.31444481481483,23.89806170370371
underground_alarm,students,rides_offers_radius_avg,matching,828.4255942222217,1.747371504162823,2335.1099560000002,1534.4128114814816
underground_alarm,students,passengers_drivers_ratio,demand,0.11545214814814814,1.650692254110203,0.30157422222222213,0.18774992592592593
underground_alarm,students,drivers_pickup_reject,driver_decisions,0.12676599999999996,1.5545908293783643,0.3508025925925925,0.22506111111111113
underground_alarm,students_drivers,passengers_pickup_reject,passenger_decisions,0.09237014814814806,1.8692712684491448,0.25380192592592593,0.1297406666666667
underground_alarm,students_drivers,passengers_unassigned,demand,14.30855525925925,1.7795318197178858,38.60722207407407,23.89806170370371
underground_alarm,students_drivers,rides_offers_radius_avg,matching,828.4255942222217,1.747371504162823,2343.4625917037038,1534.4128114814816
underground_alarm,students_drivers,passengers_drivers_ratio,demand,0.11545214814814814,1.650692254110203,0.3058354814814815,0.18774992592592593
underground_alarm,students_drivers,drivers_pickup_reject,driver_decisions,0.12676599999999996,1.5545908293783643,0.36404925925925924,0.22506111111111113
underground_alarm-flash_mob,bank_tellers,rides_offers_price_uber_avg,market,4.8342477777777795,7.732535228446597,25.470615111111112,20.71385214814815
underground_alarm-flash_mob,bank_tellers,rides_offers_price_no_surge_avg,market,4.414968370370371,7.445755286283604,25.51134659259259,21.185985777777777
underground_alarm-flash_mob,bank_tellers,rides_offers_price_lyft_avg,market,3.71252481481482,6.935215769792536,25.589604148148148,21.98292407407407
underground_alarm-flash_mob,bank_tellers,passengers_pickup_reject,passenger_decisions,0.15496266666666655,3.135940195935145,0.424704,0.1297406666666667
underground_alarm-flash_mob,bank_tellers,drivers_pickup_reject,driver_decisions,0.18296348148148148,2.2437668651077525,0.3939877777777778,0.22506111111111113
underground_alarm-flash_mob,bank_tellers_drivers,rides_offers_price_uber_avg,market,4.8342477777777795,7.732535228446597,25.925834148148148,20.71385214814815
underground_alarm-flash_mob,bank_tellers_drivers,rides_offers_price_no_surge_avg,market,4.414968370370371,7.445755286283604,25.893245703703705,21.185985777777777
underground_alarm-flash_mob,bank_tellers_drivers,rides_offers_price_lyft_avg,market,3.71252481481482,6.935215769792536,25.825898592592598,21.98292407407407
underground_alarm-flash_mob,bank_tellers_drivers,passengers_pickup_reject,passenger_decisions,0.15496266666666655,3.135940195935145,0.41536999999999996,0.1297406666666667
underground_alarm-flash_mob,bank_tellers_drivers,drivers_pickup_reject,driver_decisions,0.18296348148148148,2.2437668651077525,0.41932044444444444,0.22506111111111113
underground_alarm-flash_mob,baseline,rides_offers_price_uber_avg,market,4.8342477777777795,7.732535228446597,25.54809992592593,20.71385214814815
underground_alarm-flash_mob,baseline,rides_offers_price_no_surge_avg,market,4.414968370370371,7.445755286283604,25.600954148148148,21.185985777777777
underground_alarm-flash_mob,baseline,rides_offers_price_lyft_avg,market,3.71252481481482,6.935215769792536,25.69544888888889,21.98292407407407
underground_alarm-flash_mob,baseline,passengers_pickup_reject,passenger_decisions,0.15496266666666655,3.135940195935145,0.28470333333333325,0.1297406666666667
underground_alarm-flash_mob,baseline,drivers_pickup_reject,driver_decisions,0.18296348148148148,2.2437668651077525,0.4080245925925926,0.22506111111111113
underground_alarm-flash_mob,drivers,rides_offers_price_uber_avg,market,4.8342477777777795,7.732535228446597,25.338430814814814,20.71385214814815
underground_alarm-flash_mob,drivers,rides_offers_price_no_surge_avg,market,4.414968370370371,7.445755286283604,25.403290888888886,21.185985777777777
underground_alarm-flash_mob,drivers,rides_offers_price_lyft_avg,market,3.71252481481482,6.935215769792536,25.51300651851852,21.98292407407407
underground_alarm-flash_mob,drivers,passengers_pickup_reject,passenger_decisions,0.15496266666666655,3.135940195935145,0.26469133333333333,0.1297406666666667
underground_alarm-flash_mob,drivers,drivers_pickup_reject,driver_decisions,0.18296348148148148,2.2437668651077525,0.40950555555555557,0.22506111111111113
underground_alarm-flash_mob,managers,rides_offers_price_uber_avg,market,4.8342477777777795,7.732535228446597,25.330375925925924,20.71385214814815
underground_alarm-flash_mob,managers,rides_offers_price_no_surge_avg,market,4.414968370370371,7.445755286283604,25.388318888888893,21.185985777777777
underground_alarm-flash_mob,managers,rides_offers_price_lyft_avg,market,3.71252481481482,6.935215769792536,25.482827333333336,21.98292407407407
underground_alarm-flash_mob,managers,passengers_pickup_reject,passenger_decisions,0.15496266666666655,3.135940195935145,0.34834607407407403,0.1297406666666667
underground_alarm-flash_mob,managers,drivers_pickup_reject,driver_decisions,0.18296348148148148,2.2437668651077525,0.4121233333333333,0.22506111111111113
underground_alarm-flash_mob,managers_drivers,rides_offers_price_uber_avg,market,4.8342477777777795,7.732535228446597,25.429330074074077,20.71385214814815
underground_alarm-flash_mob,managers_drivers,rides_offers_price_no_surge_avg,market,4.414968370370371,7.445755286283604,25.495469407407406,21.185985777777777
underground_alarm-flash_mob,managers_drivers,rides_offers_price_lyft_avg,market,3.71252481481482,6.935215769792536,25.616942370370367,21.98292407407407
underground_alarm-flash_mob,managers_drivers,passengers_pickup_reject,passenger_decisions,0.15496266666666655,3.135940195935145,0.35097466666666666,0.1297406666666667
underground_alarm-flash_mob,managers_drivers,drivers_pickup_reject,driver_decisions,0.18296348148148148,2.2437668651077525,0.4184562222222221,0.22506111111111113
underground_alarm-flash_mob,students,rides_offers_price_uber_avg,market,4.8342477777777795,7.732535228446597,25.796424296296298,20.71385214814815
underground_alarm-flash_mob,students,rides_offers_price_no_surge_avg,market,4.414968370370371,7.445755286283604,25.784168074074074,21.185985777777777
underground_alarm-flash_mob,students,rides_offers_price_lyft_avg,market,3.71252481481482,6.935215769792536,25.75077733333334,21.98292407407407
underground_alarm-flash_mob,students,passengers_pickup_reject,passenger_decisions,0.15496266666666655,3.135940195935145,0.3008267407407408,0.1297406666666667
underground_alarm-flash_mob,students,drivers_pickup_reject,driver_decisions,0.18296348148148148,2.2437668651077525,0.42219703703703704,0.22506111111111113
underground_alarm-flash_mob,students_drivers,rides_offers_price_uber_avg,market,4.8342477777777795,7.732535228446597,25.225453851851853,20.71385214814815
underground_alarm-flash_mob,students_drivers,rides_offers_price_no_surge_avg,market,4.414968370370371,7.445755286283604,25.325236444444442,21.185985777777777
underground_alarm-flash_mob,students_drivers,rides_offers_price_lyft_avg,market,3.71252481481482,6.935215769792536,25.511627037037034,21.98292407407407
underground_alarm-flash_mob,students_drivers,passengers_pickup_reject,passenger_decisions,0.15496266666666655,3.135940195935145,0.3093463703703703,0.1297406666666667
underground_alarm-flash_mob,students_drivers,drivers_pickup_reject,driver_decisions,0.18296348148148148,2.2437668651077525,0.3954562222222222,0.22506111111111113
underground_alarm-long_rides,bank_tellers,rides_offers_price_lyft_avg,market,7.594743194444444,14.18742914780029,28.851902694444444,21.73318947222222
underground_alarm-long_rides,bank_tellers,rides_offers_price_no_surge_avg,market,7.703691083333339,12.992119941917766,28.133048305555555,20.972370111111108
underground_alarm-long_rides,bank_tellers,rides_offers_price_uber_avg,market,7.738272833333333,12.377616961658315,27.699020388888886,20.522367444444445
underground_alarm-long_rides,bank_tellers,passengers_drivers_ratio,demand,0.21195047222222219,3.0303897187194413,0.3187561944444444,0.16321327777777778
underground_alarm-long_rides,bank_tellers,passengers_pickup_reject,passenger_decisions,0.14638883333333333,2.96243370458724,0.4187310833333333,0.11379150000000002
underground_alarm-long_rides,bank_tellers_drivers,rides_offers_price_lyft_avg,market,7.594743194444444,14.18742914780029,29.30745755555556,21.73318947222222
underground_alarm-long_rides,bank_tellers_drivers,rides_offers_price_no_surge_avg,market,7.703691083333339,12.992119941917766,28.60626144444445,20.972370111111108
underground_alarm-long_rides,bank_tellers_drivers,rides_offers_price_uber_avg,market,7.738272833333333,12.377616961658315,28.171955527777776,20.522367444444445
underground_alarm-long_rides,bank_tellers_drivers,passengers_drivers_ratio,demand,0.21195047222222219,3.0303897187194413,0.3604913611111111,0.16321327777777778
underground_alarm-long_rides,bank_tellers_drivers,passengers_pickup_reject,passenger_decisions,0.14638883333333333,2.96243370458724,0.39888841666666663,0.11379150000000002
underground_alarm-long_rides,baseline,rides_offers_price_lyft_avg,market,7.594743194444444,14.18742914780029,29.327932666666666,21.73318947222222
underground_alarm-long_rides,baseline,rides_offers_price_no_surge_avg,market,7.703691083333339,12.992119941917766,28.676061194444447,20.972370111111108
underground_alarm-long_rides,baseline,rides_offers_price_uber_avg,market,7.738272833333333,12.377616961658315,28.260640277777778,20.522367444444445
underground_alarm-long_rides,baseline,passengers_drivers_ratio,demand,0.21195047222222219,3.0303897187194413,0.37516374999999996,0.16321327777777778
underground_alarm-long_rides,baseline,passengers_pickup_reject,passenger_decisions,0.14638883333333333,2.96243370458724,0.26018033333333335,0.11379150000000002
underground_alarm-long_rides,drivers,rides_offers_price_lyft_avg,market,7.594743194444444,14.18742914780029,29.211266777777777,21.73318947222222
underground_alarm-long_rides,drivers,rides_offers_price_no_surge_avg,market,7.703691083333339,12.992119941917766,28.5192645,20.972370111111108
underground_alarm-long_rides,drivers,rides_offers_price_uber_avg,market,7.738272833333333,12.377616961658315,28.081242194444446,20.522367444444445
underground_alarm-long_rides,drivers,passengers_drivers_ratio,demand,0.21195047222222219,3.0303897187194413,0.3988139166666667,0.16321327777777778
underground_alarm-long_rides,drivers,passengers_pickup_reject,passenger_decisions,0.14638883333333333,2.96243370458724,0.2424029444444444,0.11379150000000002
underground_alarm-long_rides,managers,rides_offers_price_lyft_avg,market,7.594743194444444,14.18742914780029,28.948589222222225,21.73318947222222
underground_alarm-long_rides,managers,rides_offers_price_no_surge_avg,market,7.703691083333339,12.992119941917766,28.12214925,20.972370111111108
underground_alarm-long_rides,managers,rides_offers_price_uber_avg,market,7.738272833333333,12.377616961658315,27.602893027777778,20.522367444444445
underground_alarm-long_rides,managers,passengers_drivers_ratio,demand,0.21195047222222219,3.0303897187194413,0.3449959444444445,0.16321327777777778
underground_alarm-long_rides,managers,passengers_pickup_reject,passenger_decisions,0.14638883333333333,2.96243370458724,0.3628056388888889,0.11379150000000002
underground_alarm-long_rides,managers_drivers,rides_offers_price_lyft_avg,market,7.594743194444444,14.18742914780029,29.032521055555552,21.73318947222222
underground_alarm-long_rides,managers_drivers,rides_offers_price_no_surge_avg,market,7.703691083333339,12.992119941917766,28.283304388888894,20.972370111111108
underground_alarm-long_rides,managers_drivers,rides_offers_price_uber_avg,market,7.738272833333333,12.377616961658315,27.840502749999995,20.522367444444445
underground_alarm-long_rides,managers_drivers,passengers_drivers_ratio,demand,0.21195047222222219,3.0303897187194413,0.35409341666666666,0.16321327777777778
underground_alarm-long_rides,managers_drivers,passengers_pickup_reject,passenger_decisions,0.14638883333333333,2.96243370458724,0.3517730555555555,0.11379150000000002
underground_alarm-long_rides,students,rides_offers_price_lyft_avg,market,7.594743194444444,14.18742914780029,28.86039938888889,21.73318947222222
underground_alarm-long_rides,students,rides_offers_price_no_surge_avg,market,7.703691083333339,12.992119941917766,28.239321888888888,20.972370111111108
underground_alarm-long_rides,students,rides_offers_price_uber_avg,market,7.738272833333333,12.377616961658315,27.851881055555552,20.522367444444445
underground_alarm-long_rides,students,passengers_drivers_ratio,demand,0.21195047222222219,3.0303897187194413,0.37110927777777775,0.16321327777777778
underground_alarm-long_rides,students,passengers_pickup_reject,passenger_decisions,0.14638883333333333,2.96243370458724,0.28030588888888885,0.11379150000000002
underground_alarm-long_rides,students_drivers,rides_offers_price_lyft_avg,market,7.594743194444444,14.18742914780029,28.99703825,21.73318947222222
underground_alarm-long_rides,students_drivers,rides_offers_price_no_surge_avg,market,7.703691083333339,12.992119941917766,28.350776583333335,20.972370111111108
underground_alarm-long_rides,students_drivers,rides_offers_price_uber_avg,market,7.738272833333333,12.377616961658315,27.949013305555557,20.522367444444445
underground_alarm-long_rides,students_drivers,passengers_drivers_ratio,demand,0.21195047222222219,3.0303897187194413,0.3795281111111111,0.16321327777777778
underground_alarm-long_rides,students_drivers,passengers_pickup_reject,passenger_decisions,0.14638883333333333,2.96243370458724,0.2789396388888889,0.11379150000000002
underground_alarm-wildcat_strike,bank_tellers,passengers_drivers_ratio,demand,0.23793466666666677,3.4019021521104524,0.3824160555555556,0.18343266666666666
underground_alarm-wildcat_strike,bank_tellers,passengers_unassigned,demand,21.57338888888889,2.6830474000569033,43.761249722222225,23.599176000000003
underground_alarm-wildcat_strike,bank_tellers,rides_offers_radius_avg,matching,1119.7769112777776,2.361909481591153,2626.101440055556,1520.1956285000003
underground_alarm-wildcat_strike,bank_tellers,passengers_pickup_reject,passenger_decisions,0.08302761111111115,1.6802087151473373,0.3693241111111111,0.12836083333333334
underground_alarm-wildcat_strike,bank_tellers,drivers_pickup,supply,476.7336667222222,1.6676482210459211,1306.4852085555558,832.4016820555556
underground_alarm-wildcat_strike,bank_tellers_drivers,passengers_drivers_ratio,demand,0.23793466666666677,3.4019021521104524,0.3785197222222223,0.18343266666666666
underground_alarm-wildcat_strike,bank_tellers_drivers,passengers_unassigned,demand,21.57338888888889,2.6830474000569033,43.03697211111112,23.599176000000003
underground_alarm-wildcat_strike,bank_tellers_drivers,rides_offers_radius_avg,matching,1119.7769112777776,2.361909481591153,2620.6915411666664,1520.1956285000003
underground_alarm-wildcat_strike,bank_tellers_drivers,passengers_pickup_reject,passenger_decisions,0.08302761111111115,1.6802087151473373,0.3869907222222222,0.12836083333333334
underground_alarm-wildcat_strike,bank_tellers_drivers,drivers_pickup,supply,476.7336667222222,1.6676482210459211,1287.5180543333333,832.4016820555556
underground_alarm-wildcat_strike,baseline,passengers_drivers_ratio,demand,0.23793466666666677,3.4019021521104524,0.4213673333333334,0.18343266666666666
underground_alarm-wildcat_strike,baseline,passengers_unassigned,demand,21.57338888888889,2.6830474000569033,45.17256488888889,23.599176000000003
underground_alarm-wildcat_strike,baseline,rides_offers_radius_avg,matching,1119.7769112777776,2.361909481591153,2639.972539777778,1520.1956285000003
underground_alarm-wildcat_strike,baseline,passengers_pickup_reject,passenger_decisions,0.08302761111111115,1.6802087151473373,0.2113884444444445,0.12836083333333334
underground_alarm-wildcat_strike,baseline,drivers_pickup,supply,476.7336667222222,1.6676482210459211,1309.1353487777778,832.4016820555556
underground_alarm-wildcat_strike,drivers,passengers_drivers_ratio,demand,0.23793466666666677,3.4019021521104524,0.4065632222222222,0.18343266666666666
underground_alarm-wildcat_strike,drivers,passengers_unassigned,demand,21.57338888888889,2.6830474000569033,44.418897888888885,23.599176000000003
underground_alarm-wildcat_strike,drivers,rides_offers_radius_avg,matching,1119.7769112777776,2.361909481591153,2611.3018896666667,1520.1956285000003
underground_alarm-wildcat_strike,drivers,passengers_pickup_reject,passenger_decisions,0.08302761111111115,1.6802087151473373,0.2427223333333333,0.12836083333333334
underground_alarm-wildcat_strike,drivers,drivers_pickup,supply,476.7336667222222,1.6676482210459211,1344.5553578333333,832.4016820555556
underground_alarm-wildcat_strike,managers,passengers_drivers_ratio,demand,0.23793466666666677,3.4019021521104524,0.4219979444444445,0.18343266666666666
underground_alarm-wildcat_strike,managers,passengers_unassigned,demand,21.57338888888889,2.6830474000569033,44.92614844444444,23.599176000000003
underground_alarm-wildcat_strike,managers,rides_offers_radius_avg,matching,1119.7769112777776,2.361909481591153,2661.5940322777774,1520.1956285000003
underground_alarm-wildcat_strike,managers,passengers_pickup_reject,passenger_decisions,0.08302761111111115,1.6802087151473373,0.34152744444444444,0.12836083333333334
underground_alarm-wildcat_strike,managers,drivers_pickup,supply,476.7336667222222,1.6676482210459211,1354.5162424444445,832.4016820555556
underground_alarm-wildcat_strike,managers_drivers,passengers_drivers_ratio,demand,0.23793466666666677,3.4019021521104524,0.4124308333333333,0.18343266666666666
underground_alarm-wildcat_strike,managers_drivers,passengers_unassigned,demand,21.57338888888889,2.6830474000569033,45.492852,23.599176000000003
underground_alarm-wildcat_strike,managers_drivers,rides_offers_radius_avg,matching,1119.7769112777776,2.361909481591153,2560.734372055556,1520.1956285000003
underground_alarm-wildcat_strike,managers_drivers,passengers_pickup_reject,passenger_decisions,0.08302761111111115,1.6802087151473373,0.3097499999999999,0.12836083333333334
underground_alarm-wildcat_strike,managers_drivers,drivers_pickup,supply,476.7336667222222,1.6676482210459211,1321.7321202222224,832.4016820555556
underground_alarm-wildcat_strike,students,passengers_drivers_ratio,demand,0.23793466666666677,3.4019021521104524,0.41443599999999997,0.18343266666666666
underground_alarm-wildcat_strike,students,passengers_unassigned,demand,21.57338888888889,2.6830474000569033,44.654204111111106,23.599176000000003
underground_alarm-wildcat_strike,students,rides_offers_radius_avg,matching,1119.7769112777776,2.361909481591153,2695.1520277222226,1520.1956285000003
underground_alarm-wildcat_strike,students,passengers_pickup_reject,passenger_decisions,0.08302761111111115,1.6802087151473373,0.2556856111111111,0.12836083333333334
underground_alarm-wildcat_strike,students,drivers_pickup,supply,476.7336667222222,1.6676482210459211,1360.1254462777777,832.4016820555556
underground_alarm-wildcat_strike,students_drivers,passengers_drivers_ratio,demand,0.23793466666666677,3.4019021521104524,0.43058583333333333,0.18343266666666666
underground_alarm-wildcat_strike,students_drivers,passengers_unassigned,demand,21.57338888888889,2.6830474000569033,45.58397216666667,23.599176000000003
underground_alarm-wildcat_strike,students_drivers,rides_offers_radius_avg,matching,1119.7769112777776,2.361909481591153,2667.8167217777777,1520.1956285000003
underground_alarm-wildcat_strike,students_drivers,passengers_pickup_reject,passenger_decisions,0.08302761111111115,1.6802087151473373,0.2569165,0.12836083333333334
underground_alarm-wildcat_strike,students_drivers,drivers_pickup,supply,476.7336667222222,1.6676482210459211,1296.3391681111111,832.4016820555556
wildcat_strike,bank_tellers,drivers_starting,supply,-0.24541761111111113,-1.5764943895930001,0.21981455555555557,0.47299100000000005
wildcat_strike,bank_tellers,rides_offers_radius_avg,matching,606.115736,1.2784604588483717,2094.98435,1520.1956285000003
wildcat_strike,bank_tellers,passengers_pickup_reject,passenger_decisions,0.046000166666666675,0.9308937099024892,0.2796943888888889,0.12836083333333334
wildcat_strike,bank_tellers,passengers_rating_avg,passenger_experience,0.016991166666667112,0.806217721378428,4.905933111111111,4.890071722222222
wildcat_strike,bank_tellers,drivers_pickup_accept,driver_decisions,0.24341616666666677,0.6701304290770674,1.2613331666666667,0.9626022222222221
wildcat_strike,bank_tellers_drivers,drivers_starting,supply,-0.24541761111111113,-1.5764943895930001,0.19287061111111106,0.47299100000000005
wildcat_strike,bank_tellers_drivers,rides_offers_radius_avg,matching,606.115736,1.2784604588483717,2081.227975388889,1520.1956285000003
wildcat_strike,bank_tellers_drivers,passengers_pickup_reject,passenger_decisions,0.046000166666666675,0.9308937099024892,0.26133316666666667,0.12836083333333334
wildcat_strike,bank_tellers_drivers,passengers_rating_avg,passenger_experience,0.016991166666667112,0.806217721378428,4.899281277777778,4.890071722222222
wildcat_strike,bank_tellers_drivers,drivers_pickup_accept,driver_decisions,0.24341616666666677,0.6701304290770674,1.2057319444444443,0.9626022222222221
wildcat_strike,baseline,drivers_starting,supply,-0.24541761111111113,-1.5764943895930001,0.22757338888888892,0.47299100000000005
wildcat_strike,baseline,rides_offers_radius_avg,matching,606.115736,1.2784604588483717,2126.3113645000003,1520.1956285000003
wildcat_strike,baseline,passengers_pickup_reject,passenger_decisions,0.046000166666666675,0.9308937099024892,0.17436100000000002,0.12836083333333334
wildcat_strike,baseline,passengers_rating_avg,passenger_experience,0.016991166666667112,0.806217721378428,4.907062888888889,4.890071722222222
wildcat_strike,baseline,drivers_pickup_accept,driver_decisions,0.24341616666666677,0.6701304290770674,1.206018388888889,0.9626022222222221
wildcat_strike,drivers,drivers_starting,supply,-0.24541761111111113,-1.5764943895930001,0.2004538333333334,0.47299100000000005
wildcat_strike,drivers,rides_offers_radius_avg,matching,606.115736,1.2784604588483717,2126.193195888889,1520.1956285000003
wildcat_strike,drivers,passengers_pickup_reject,passenger_decisions,0.046000166666666675,0.9308937099024892,0.16461050000000002,0.12836083333333334
wildcat_strike,drivers,passengers_rating_avg,passenger_experience,0.016991166666667112,0.806217721378428,4.8919855000000005,4.890071722222222
wildcat_strike,drivers,drivers_pickup_accept,driver_decisions,0.24341616666666677,0.6701304290770674,1.1775097222222222,0.9626022222222221
wildcat_strike,managers,drivers_starting,supply,-0.24541761111111113,-1.5764943895930001,0.2288794444444444,0.47299100000000005
wildcat_strike,managers,rides_offers_radius_avg,matching,606.115736,1.2784604588483717,2119.778383777778,1520.1956285000003
wildcat_strike,managers,passengers_pickup_reject,passenger_decisions,0.046000166666666675,0.9308937099024892,0.23563005555555555,0.12836083333333334
wildcat_strike,managers,passengers_rating_avg,passenger_experience,0.016991166666667112,0.806217721378428,4.899413166666666,4.890071722222222
wildcat_strike,managers,drivers_pickup_accept,driver_decisions,0.24341616666666677,0.6701304290770674,1.2232032777777777,0.9626022222222221
wildcat_strike,managers_drivers,drivers_starting,supply,-0.24541761111111113,-1.5764943895930001,0.19935188888888888,0.47299100000000005
wildcat_strike,managers_drivers,rides_offers_radius_avg,matching,606.115736,1.2784604588483717,2091.6859135,1520.1956285000003
wildcat_strike,managers_drivers,passengers_pickup_reject,passenger_decisions,0.046000166666666675,0.9308937099024892,0.22550005555555558,0.12836083333333334
wildcat_strike,managers_drivers,passengers_rating_avg,passenger_experience,0.016991166666667112,0.806217721378428,4.901525,4.890071722222222
wildcat_strike,managers_drivers,drivers_pickup_accept,driver_decisions,0.24341616666666677,0.6701304290770674,1.1661570555555556,0.9626022222222221
wildcat_strike,students,drivers_starting,supply,-0.24541761111111113,-1.5764943895930001,0.21771266666666667,0.47299100000000005
wildcat_strike,students,rides_offers_radius_avg,matching,606.115736,1.2784604588483717,2091.8435222777775,1520.1956285000003
wildcat_strike,students,passengers_pickup_reject,passenger_decisions,0.046000166666666675,0.9308937099024892,0.18488872222222222,0.12836083333333334
wildcat_strike,students,passengers_rating_avg,passenger_experience,0.016991166666667112,0.806217721378428,4.901099500000001,4.890071722222222
wildcat_strike,students,drivers_pickup_accept,driver_decisions,0.24341616666666677,0.6701304290770674,1.2102406666666667,0.9626022222222221
wildcat_strike,students_drivers,drivers_starting,supply,-0.24541761111111113,-1.5764943895930001,0.19750944444444443,0.47299100000000005
wildcat_strike,students_drivers,rides_offers_radius_avg,matching,606.115736,1.2784604588483717,2029.6394021111114,1520.1956285000003
wildcat_strike,students_drivers,passengers_pickup_reject,passenger_decisions,0.046000166666666675,0.9308937099024892,0.17561183333333333,0.12836083333333334
wildcat_strike,students_drivers,passengers_rating_avg,passenger_experience,0.016991166666667112,0.806217721378428,4.902435555555556,4.890071722222222
wildcat_strike,students_drivers,drivers_pickup_accept,driver_decisions,0.24341616666666677,0.6701304290770674,1.1700552222222222,0.9626022222222221
wildcat_strike-boycott_tncs,bank_tellers,rides_offers_radius_avg,matching,-870.7412747777781,-1.8366266103518791,575.4792118888888,1520.1956285000003
wildcat_strike-boycott_tncs,bank_tellers,drivers_starting,supply,-0.24651866666666672,-1.5835672638586442,0.22283288888888886,0.47299100000000005
wildcat_strike-boycott_tncs,bank_tellers,rides_offers_generated,matching,-46.152240722222224,-1.5629096062121395,42.82544433333333,90.03802766666666
wildcat_strike-boycott_tncs,bank_tellers,rides_partial_acceptances,matching,-3.3620835000000002,-1.5594423302218654,2.805814611111111,6.404176111111111
wildcat_strike-boycott_tncs,bank_tellers,passengers_unassigned,demand,-12.508537222222227,-1.5556664947473102,10.663129333333334,23.599176000000003
wildcat_strike-boycott_tncs,bank_tellers_drivers,rides_offers_radius_avg,matching,-870.7412747777781,-1.8366266103518791,611.9747083333334,1520.1956285000003
wildcat_strike-boycott_tncs,bank_tellers_drivers,drivers_starting,supply,-0.24651866666666672,-1.5835672638586442,0.18908277777777774,0.47299100000000005
wildcat_strike-boycott_tncs,bank_tellers_drivers,rides_offers_generated,matching,-46.152240722222224,-1.5629096062121395,45.848175833333336,90.03802766666666
wildcat_strike-boycott_tncs,bank_tellers_drivers,rides_partial_acceptances,matching,-3.3620835000000002,-1.5594423302218654,3.1199535555555546,6.404176111111111
wildcat_strike-boycott_tncs,bank_tellers_drivers,passengers_unassigned,demand,-12.508537222222227,-1.5556664947473102,11.417000055555556,23.599176000000003
wildcat_strike-boycott_tncs,baseline,rides_offers_radius_avg,matching,-870.7412747777781,-1.8366266103518791,649.4543537222222,1520.1956285000003
wildcat_strike-boycott_tncs,baseline,drivers_starting,supply,-0.24651866666666672,-1.5835672638586442,0.22647233333333333,0.47299100000000005
wildcat_strike-boycott_tncs,baseline,rides_offers_generated,matching,-46.152240722222224,-1.5629096062121395,43.88578694444444,90.03802766666666
wildcat_strike-boycott_tncs,baseline,rides_partial_acceptances,matching,-3.3620835000000002,-1.5594423302218654,3.042092611111111,6.404176111111111
wildcat_strike-boycott_tncs,baseline,passengers_unassigned,demand,-12.508537222222227,-1.5556664947473102,11.090638777777777,23.599176000000003
wildcat_strike-boycott_tncs,drivers,rides_offers_radius_avg,matching,-870.7412747777781,-1.8366266103518791,641.4965663888889,1520.1956285000003
wildcat_strike-boycott_tncs,drivers,drivers_starting,supply,-0.24651866666666672,-1.5835672638586442,0.19678694444444444,0.47299100000000005
wildcat_strike-boycott_tncs,drivers,rides_offers_generated,matching,-46.152240722222224,-1.5629096062121395,45.95955533333333,90.03802766666666
wildcat_strike-boycott_tncs,drivers,rides_partial_acceptances,matching,-3.3620835000000002,-1.5594423302218654,3.2422129444444447,6.404176111111111
wildcat_strike-boycott_tncs,drivers,passengers_unassigned,demand,-12.508537222222227,-1.5556664947473102,11.57801861111111,23.599176000000003
wildcat_strike-boycott_tncs,managers,rides_offers_radius_avg,matching,-870.7412747777781,-1.8366266103518791,580.8225451111111,1520.1956285000003
wildcat_strike-boycott_tncs,managers,drivers_starting,supply,-0.24651866666666672,-1.5835672638586442,0.2219261111111111,0.47299100000000005
wildcat_strike-boycott_tncs,managers,rides_offers_generated,matching,-46.152240722222224,-1.5629096062121395,42.814407555555555,90.03802766666666
wildcat_strike-boycott_tncs,managers,rides_partial_acceptances,matching,-3.3620835000000002,-1.5594423302218654,2.862953444444444,6.404176111111111
wildcat_strike-boycott_tncs,managers,passengers_unassigned,demand,-12.508537222222227,-1.5556664947473102,10.737305777777777,23.599176000000003
wildcat_strike-boycott_tncs,managers_drivers,rides_offers_radius_avg,matching,-870.7412747777781,-1.8366266103518791,641.7458198333333,1520.1956285000003
wildcat_strike-boycott_tncs,managers_drivers,drivers_starting,supply,-0.24651866666666672,-1.5835672638586442,0.19824083333333337,0.47299100000000005
wildcat_strike-boycott_tncs,managers_drivers,rides_offers_generated,matching,-46.152240722222224,-1.5629096062121395,45.79999972222222,90.03802766666666
wildcat_strike-boycott_tncs,managers_drivers,rides_partial_acceptances,matching,-3.3620835000000002,-1.5594423302218654,3.1399722222222217,6.404176111111111
wildcat_strike-boycott_tncs,managers_drivers,passengers_unassigned,demand,-12.508537222222227,-1.5556664947473102,11.517759222222224,23.599176000000003
wildcat_strike-boycott_tncs,students,rides_offers_radius_avg,matching,-870.7412747777781,-1.8366266103518791,676.5092908888889,1520.1956285000003
wildcat_strike-boycott_tncs,students,drivers_starting,supply,-0.24651866666666672,-1.5835672638586442,0.22221316666666668,0.47299100000000005
wildcat_strike-boycott_tncs,students,rides_offers_generated,matching,-46.152240722222224,-1.5629096062121395,44.84391655555555,90.03802766666666
wildcat_strike-boycott_tncs,students,rides_partial_acceptances,matching,-3.3620835000000002,-1.5594423302218654,3.1242499444444447,6.404176111111111
wildcat_strike-boycott_tncs,students,passengers_unassigned,demand,-12.508537222222227,-1.5556664947473102,11.308722499999998,23.599176000000003
wildcat_strike-boycott_tncs,students_drivers,rides_offers_radius_avg,matching,-870.7412747777781,-1.8366266103518791,696.9491354444444,1520.1956285000003
wildcat_strike-boycott_tncs,students_drivers,drivers_starting,supply,-0.24651866666666672,-1.5835672638586442,0.19192538888888885,0.47299100000000005
wildcat_strike-boycott_tncs,students_drivers,rides_offers_generated,matching,-46.152240722222224,-1.5629096062121395,46.68295383333334,90.03802766666666
wildcat_strike-boycott_tncs,students_drivers,rides_partial_acceptances,matching,-3.3620835000000002,-1.5594423302218654,3.2833522222222227,6.404176111111111
wildcat_strike-boycott_tncs,students_drivers,passengers_unassigned,demand,-12.508537222222227,-1.5556664947473102,11.739305388888889,23.599176000000003
wildcat_strike-long_rides,bank_tellers,rides_offers_price_lyft_avg,market,6.188921944444445,11.561271966681014,28.071671444444444,21.73318947222222
wildcat_strike-long_rides,bank_tellers,rides_offers_price_no_surge_avg,market,6.020387833333341,10.153262894555855,27.122482166666664,20.972370111111108
wildcat_strike-long_rides,bank_tellers,rides_offers_price_uber_avg,market,5.871735972222222,9.392031055184479,26.490798805555556,20.522367444444445
wildcat_strike-long_rides,bank_tellers,rides_offers_radius_avg,matching,1085.2821525833335,2.289150794744648,2433.896792,1415.0504778888887
wildcat_strike-long_rides,bank_tellers,passengers_acceptance_rate,passenger_decisions,-0.23798080555555545,-2.0468739387913684,1.1676128055555555,2.0987324444444444
wildcat_strike-long_rides,bank_tellers_drivers,rides_offers_price_lyft_avg,market,6.188921944444445,11.561271966681014,28.070765416666664,21.73318947222222
wildcat_strike-long_rides,bank_tellers_drivers,rides_offers_price_no_surge_avg,market,6.020387833333341,10.153262894555855,27.187159722222223,20.972370111111108
wildcat_strike-long_rides,bank_tellers_drivers,rides_offers_price_uber_avg,market,5.871735972222222,9.392031055184479,26.638023277777776,20.522367444444445
wildcat_strike-long_rides,bank_tellers_drivers,rides_offers_radius_avg,matching,1085.2821525833335,2.289150794744648,2448.9654545277776,1415.0504778888887
wildcat_strike-long_rides,bank_tellers_drivers,passengers_acceptance_rate,passenger_decisions,-0.23798080555555545,-2.0468739387913684,1.1583984166666665,2.0987324444444444
wildcat_strike-long_rides,baseline,rides_offers_price_lyft_avg,market,6.188921944444445,11.561271966681014,27.922111416666667,21.73318947222222
wildcat_strike-long_rides,baseline,rides_offers_price_no_surge_avg,market,6.020387833333341,10.153262894555855,26.99275794444445,20.972370111111108
wildcat_strike-long_rides,baseline,rides_offers_price_uber_avg,market,5.871735972222222,9.392031055184479,26.394103416666667,20.522367444444445
wildcat_strike-long_rides,baseline,rides_offers_radius_avg,matching,1085.2821525833335,2.289150794744648,2500.3326304722223,1415.0504778888887
wildcat_strike-long_rides,baseline,passengers_acceptance_rate,passenger_decisions,-0.23798080555555545,-2.0468739387913684,1.860751638888889,2.0987324444444444
wildcat_strike-long_rides,drivers,rides_offers_price_lyft_avg,market,6.188921944444445,11.561271966681014,27.81316625,21.73318947222222
wildcat_strike-long_rides,drivers,rides_offers_price_no_surge_avg,market,6.020387833333341,10.153262894555855,26.856132138888896,20.972370111111108
wildcat_strike-long_rides,drivers,rides_offers_price_uber_avg,market,5.871735972222222,9.392031055184479,26.251857694444446,20.522367444444445
wildcat_strike-long_rides,drivers,rides_offers_radius_avg,matching,1085.2821525833335,2.289150794744648,2503.5025625833337,1415.0504778888887
wildcat_strike-long_rides,drivers,passengers_acceptance_rate,passenger_decisions,-0.23798080555555545,-2.0468739387913684,1.8563168888888886,2.0987324444444444
wildcat_strike-long_rides,managers,rides_offers_price_lyft_avg,market,6.188921944444445,11.561271966681014,28.060900305555556,21.73318947222222
wildcat_strike-long_rides,managers,rides_offers_price_no_surge_avg,market,6.020387833333341,10.153262894555855,27.065106500000002,20.972370111111108
wildcat_strike-long_rides,managers,rides_offers_price_uber_avg,market,5.871735972222222,9.392031055184479,26.44143044444444,20.522367444444445
wildcat_strike-long_rides,managers,rides_offers_radius_avg,matching,1085.2821525833335,2.289150794744648,2501.973706,1415.0504778888887
wildcat_strike-long_rides,managers,passengers_acceptance_rate,passenger_decisions,-0.23798080555555545,-2.0468739387913684,1.3891153055555554,2.0987324444444444
wildcat_strike-long_rides,managers_drivers,rides_offers_price_lyft_avg,market,6.188921944444445,11.561271966681014,28.24119088888889,21.73318947222222
wildcat_strike-long_rides,managers_drivers,rides_offers_price_no_surge_avg,market,6.020387833333341,10.153262894555855,27.394336166666662,20.972370111111108
wildcat_strike-long_rides,managers_drivers,rides_offers_price_uber_avg,market,5.871735972222222,9.392031055184479,26.85085533333333,20.522367444444445
wildcat_strike-long_rides,managers_drivers,rides_offers_radius_avg,matching,1085.2821525833335,2.289150794744648,2434.698362583333,1415.0504778888887
wildcat_strike-long_rides,managers_drivers,passengers_acceptance_rate,passenger_decisions,-0.23798080555555545,-2.0468739387913684,1.3711008333333332,2.0987324444444444
wildcat_strike-long_rides,students,rides_offers_price_lyft_avg,market,6.188921944444445,11.561271966681014,27.961752166666667,21.73318947222222
wildcat_strike-long_rides,students,rides_offers_price_no_surge_avg,market,6.020387833333341,10.153262894555855,27.031656027777778,20.972370111111108
wildcat_strike-long_rides,students,rides_offers_price_uber_avg,market,5.871735972222222,9.392031055184479,26.442534777777777,20.522367444444445
wildcat_strike-long_rides,students,rides_offers_radius_avg,matching,1085.2821525833335,2.289150794744648,2537.774009,1415.0504778888887
wildcat_strike-long_rides,students,passengers_acceptance_rate,passenger_decisions,-0.23798080555555545,-2.0468739387913684,1.7089685,2.0987324444444444
wildcat_strike-long_rides,students_drivers,rides_offers_price_lyft_avg,market,6.188921944444445,11.561271966681014,28.002245305555558,21.73318947222222
wildcat_strike-long_rides,students_drivers,rides_offers_price_no_surge_avg,market,6.020387833333341,10.153262894555855,27.064331305555562,20.972370111111108
wildcat_strike-long_rides,students_drivers,rides_offers_price_uber_avg,market,5.871735972222222,9.392031055184479,26.48661063888889,20.522367444444445
wildcat_strike-long_rides,students_drivers,rides_offers_radius_avg,matching,1085.2821525833335,2.289150794744648,2521.2074225555557,1415.0504778888887
wildcat_strike-long_rides,students_drivers,passengers_acceptance_rate,passenger_decisions,-0.23798080555555545,-2.0468739387913684,1.7097610277777777,2.0987324444444444
