scenario,personality,metric,family,personality_effect,personality_effect_z,level,reference_level
boycott_tncs,bank_tellers,passengers_acceptance_rate,passenger_decisions,-0.7076235555555557,-6.086273264603381,1.4736555555555555,2.148158888888889
boycott_tncs,bank_tellers,passengers_pickup_reject,passenger_decisions,0.0776849444444444,1.5720905243993522,0.06672183333333334,0.12836083333333334
boycott_tncs,bank_tellers,passengers_reject,passenger_decisions,2.6564443888888887,1.47670660603706,3.3593336666666667,4.9192779444444446
boycott_tncs,bank_tellers,drivers_idle_duration_avg,supply,-128.34300061111105,-1.0815118743028602,738.3932538333332,781.1735767222222
boycott_tncs,bank_tellers,passengers_change_provider,passenger_decisions,0.7493705555555552,0.657132754540397,1.769028277777778,3.141777555555556
boycott_tncs,bank_tellers_drivers,passengers_acceptance_rate,passenger_decisions,-0.7130659444444449,-6.1330832749965705,1.4690268333333332,2.148158888888889
boycott_tncs,bank_tellers_drivers,passengers_pickup_reject,passenger_decisions,0.09875955555555554,1.9985720861757472,0.0654445,0.12836083333333334
boycott_tncs,bank_tellers_drivers,passengers_reject,passenger_decisions,2.984888777777779,1.6592875028240228,3.4595555555555557,4.9192779444444446
boycott_tncs,bank_tellers_drivers,drivers_acceptance_rate,driver_decisions,-0.23600422222222162,-1.1669855730094152,2.081894888888889,2.173982944444444
boycott_tncs,bank_tellers_drivers,passengers_change_provider,passenger_decisions,0.9435558333333334,0.8274163419208773,1.816703611111111,3.141777555555556
boycott_tncs,drivers,drivers_acceptance_rate,driver_decisions,-0.10954972222222192,-0.541697704205245,2.0111595,2.173982944444444
boycott_tncs,drivers,drivers_occupied_duration_avg,supply,-64.84396305555549,-0.5404271936586743,639.9625931666666,591.2400875555555
boycott_tncs,drivers,drivers_occupied_distance_avg,supply,-525.4249873333329,-0.47253799560869947,5698.8007238888895,5108.079767277777
boycott_tncs,drivers,passengers_acceptance_rate,passenger_decisions,-0.053737611111111416,-0.462197425794333,2.179232166666667,2.148158888888889
boycott_tncs,drivers,drivers_idle_duration_avg,supply,-53.40989644444437,-0.45007080195187477,888.2943465555555,781.1735767222222
boycott_tncs,managers,passengers_acceptance_rate,passenger_decisions,-0.5011626111111114,-4.310501787676719,1.704605611111111,2.148158888888889
boycott_tncs,managers,drivers_idle_duration_avg,supply,-190.57678199999987,-1.6059391764102466,731.0150115555554,781.1735767222222
boycott_tncs,managers,passengers_pickup_reject,passenger_decisions,0.07180549999999997,1.4531096978576847,0.05758316666666667,0.12836083333333334
boycott_tncs,managers,passengers_reject,passenger_decisions,1.5759258888888894,0.8760507769260845,2.8418613888888893,4.9192779444444446
boycott_tncs,managers,rides_offers_price_uber_avg,market,0.4210811666666636,0.6735329062471241,20.651388999999998,20.713286055555557
boycott_tncs,managers_drivers,passengers_acceptance_rate,passenger_decisions,-0.516991666666667,-4.446647563033311,1.6689112777777773,2.148158888888889
boycott_tncs,managers_drivers,passengers_pickup_reject,passenger_decisions,0.08194411111111113,1.6582822003590714,0.07299983333333335,0.12836083333333334
boycott_tncs,managers_drivers,drivers_acceptance_rate,driver_decisions,-0.21423194444444404,-1.0593267615738478,2.007553222222222,2.173982944444444
boycott_tncs,managers_drivers,passengers_reject,passenger_decisions,1.8113886666666676,1.0069435751621951,3.170120444444444,4.9192779444444446
boycott_tncs,managers_drivers,passengers_change_provider,passenger_decisions,0.784120666666666,0.6876055774525539,1.8472032777777776,3.141777555555556
boycott_tncs,students,passengers_acceptance_rate,passenger_decisions,-0.21558083333333355,-1.8542116807395814,2.055474277777778,2.148158888888889
boycott_tncs,students,drivers_idle_duration_avg,supply,-133.46085116666666,-1.1246386215378918,768.5129106111111,781.1735767222222
boycott_tncs,students,passengers_pickup_reject,passenger_decisions,0.026639166666666658,0.5390900617108789,0.059695000000000005,0.12836083333333334
boycott_tncs,students,drivers_occupied_duration_avg,supply,-55.900419166666666,-0.4658892706588974,580.081946,591.2400875555555
boycott_tncs,students,passengers_change_provider,passenger_decisions,0.5035371666666668,0.4415582689925997,1.6855555,3.141777555555556
boycott_tncs,students_drivers,passengers_acceptance_rate,passenger_decisions,-0.2278020000000005,-1.959325988144456,1.9720173333333333,2.148158888888889
boycott_tncs,students_drivers,drivers_acceptance_rate,driver_decisions,-0.23009238888888883,-1.137752942571391,2.094398222222222,2.173982944444444
boycott_tncs,students_drivers,drivers_idle_duration_avg,supply,-81.05339272222216,-0.683015094428354,751.5687155,781.1735767222222
boycott_tncs,students_drivers,passengers_change_provider,passenger_decisions,0.6755838333333326,0.5924282212985627,1.7278333888888886,3.141777555555556
boycott_tncs,students_drivers,passengers_pickup_reject,passenger_decisions,0.02563950000000001,0.5188600608340885,0.050555,0.12836083333333334
boycott_tncs-long_rides,bank_tellers,passengers_acceptance_rate,passenger_decisions,-0.777291861111111,-6.685490662277625,1.2671748333333333,2.0987324444444444
boycott_tncs-long_rides,bank_tellers,passengers_reject,passenger_decisions,2.8326667499999996,1.57466789815847,5.123217527777777,4.786481527777778
boycott_tncs-long_rides,bank_tellers,passengers_pickup_reject,passenger_decisions,0.06862486111111107,1.3887439150857837,0.11501408333333334,0.11379150000000002
boycott_tncs-long_rides,bank_tellers,drivers_idle_duration_avg,supply,-163.21498108333344,-1.3753686548174724,1031.88855175,998.3249126111112
boycott_tncs-long_rides,bank_tellers,passengers_change_provider,passenger_decisions,0.7819491666666663,0.6857013609525789,2.4868101944444443,3.0331248611111112
boycott_tncs-long_rides,bank_tellers_drivers,passengers_acceptance_rate,passenger_decisions,-0.8005881944444444,-6.885862526126388,1.263973972222222,2.0987324444444444
boycott_tncs-long_rides,bank_tellers_drivers,passengers_rating_avg,passenger_experience,-0.044988472222221354,-2.1346682234864223,4.821128222222223,4.879489861111111
boycott_tncs-long_rides,bank_tellers_drivers,passengers_reject,passenger_decisions,3.419787055555555,1.9010456824549553,5.656106277777777,4.786481527777778
boycott_tncs-long_rides,bank_tellers_drivers,passengers_pickup_reject,passenger_decisions,0.09129188888888884,1.8474508092025075,0.10711099999999998,0.11379150000000002
boycott_tncs-long_rides,bank_tellers_drivers,drivers_acceptance_rate,driver_decisions,-0.23866022222222227,-1.180118870595063,1.7893611666666667,2.1232066666666665
boycott_tncs-long_rides,drivers,passengers_rating_avg,passenger_experience,-0.03880583333333387,-1.841306788401267,4.818347861111111,4.879489861111111
boycott_tncs-long_rides,drivers,drivers_acceptance_rate,driver_decisions,-0.22152569444444437,-1.0953926460863848,1.7982416111111112,2.1232066666666665
boycott_tncs-long_rides,drivers,drivers_removed,supply,0.08054688888888895,0.5300305586355476,0.35754144444444447,0.43158277777777776
boycott_tncs-long_rides,drivers,passengers_acceptance_rate,passenger_decisions,-0.05602027777777785,-0.48183065167589073,1.9967556944444445,2.0987324444444444
boycott_tncs-long_rides,drivers,drivers_pickup_reject,driver_decisions,0.030338138888888866,0.3720508061867832,0.11647233333333334,0.18948133333333333
boycott_tncs-long_rides,managers,passengers_acceptance_rate,passenger_decisions,-0.5559878055555556,-4.782053522429146,1.4972498055555554,2.0987324444444444
boycott_tncs-long_rides,managers,drivers_idle_duration_avg,supply,-194.07722130555555,-1.635436434976813,1083.0314629444442,998.3249126111112
boycott_tncs-long_rides,managers,passengers_pickup_reject,passenger_decisions,0.0601115833333333,1.2164628711623349,0.10329197222222222,0.11379150000000002
boycott_tncs-long_rides,managers,passengers_reject,passenger_decisions,1.6623564999999996,0.9240972012839388,4.369935194444445,4.786481527777778
boycott_tncs-long_rides,managers,rides_offers_price_uber_avg,market,0.43471774999999724,0.6953450610781952,26.57920086111111,20.522367444444445
boycott_tncs-long_rides,managers_drivers,passengers_acceptance_rate,passenger_decisions,-0.5787444444444443,-4.977783472024927,1.4910989722222223,2.0987324444444444
boycott_tncs-long_rides,managers_drivers,passengers_pickup_reject,passenger_decisions,0.0783052777777778,1.5846440527860515,0.09894449999999999,0.11379150000000002
boycott_tncs-long_rides,managers_drivers,passengers_rating_avg,passenger_experience,-0.028985111111111017,-1.37532111198367,4.815464138888889,4.879489861111111
boycott_tncs-long_rides,managers_drivers,drivers_acceptance_rate,driver_decisions,-0.2570144999999999,-1.270876473014165,1.785242111111111,2.1232066666666665
boycott_tncs-long_rides,managers_drivers,passengers_reject,passenger_decisions,2.129643305555555,1.1838600314655519,4.781953666666666,4.786481527777778
boycott_tncs-long_rides,students,passengers_acceptance_rate,passenger_decisions,-0.22420844444444432,-1.9284178012547795,1.8360087222222221,2.0987324444444444
boycott_tncs-long_rides,students,drivers_idle_duration_avg,supply,-89.48062883333353,-0.7540291417727617,976.8048958333334,998.3249126111112
boycott_tncs-long_rides,students,passengers_pickup_reject,passenger_decisions,0.02283325,0.4620706910836774,0.07801425,0.11379150000000002
boycott_tncs-long_rides,students,passengers_change_provider,passenger_decisions,0.47144450000000004,0.41341579356323244,2.327541777777778,3.0331248611111112
boycott_tncs-long_rides,students,passengers_reject,passenger_decisions,0.5884351666666667,0.32710871022774896,3.6154630000000005,4.786481527777778
boycott_tncs-long_rides,students_drivers,passengers_acceptance_rate,passenger_decisions,-0.2518674166666668,-2.166312741072542,1.805313333333333,2.0987324444444444
boycott_tncs-long_rides,students_drivers,passengers_rating_avg,passenger_experience,-0.039926777777777644,-1.8944947356164616,4.813820166666667,4.879489861111111
boycott_tncs-long_rides,students_drivers,drivers_acceptance_rate,driver_decisions,-0.25260355555555525,-1.2490653864092565,1.7961276666666666,2.1232066666666665
boycott_tncs-long_rides,students_drivers,drivers_idle_duration_avg,supply,-143.33811036111115,-1.2078716225858197,980.6205008055556,998.3249126111112
boycott_tncs-long_rides,students_drivers,passengers_change_provider,passenger_decisions,0.7243521944444451,0.6351938293595939,2.458486333333333,3.0331248611111112
flash_mob,bank_tellers,passengers_acceptance_rate,passenger_decisions,-0.563307222222222,-4.845007856864563,1.5681384444444446,2.1753686666666665
flash_mob,bank_tellers,passengers_pickup_reject,passenger_decisions,0.05974022222222217,1.2089477305120673,0.2860376666666667,0.13755566666666666
flash_mob,bank_tellers,passengers_reject,passenger_decisions,1.9492036666666657,1.0835543718203993,7.223018444444444,4.991092777777778
flash_mob,bank_tellers,rides_offers_price_lyft_avg,market,-0.5095844444444388,-0.9519338594180736,24.15101588888889,22.076257222222218
flash_mob,bank_tellers,drivers_idle_duration_avg,supply,-100.51773588888898,-0.8470358681364719,603.6450241111112,686.4553451111112
flash_mob,bank_tellers_drivers,passengers_acceptance_rate,passenger_decisions,-0.5712884444444442,-4.913654383748243,1.540118222222222,2.1753686666666665
flash_mob,bank_tellers_drivers,passengers_pickup_reject,passenger_decisions,0.07177799999999998,1.452553187330064,0.3064078888888889,0.13755566666666666
flash_mob,bank_tellers_drivers,passengers_reject,passenger_decisions,2.0971846666666654,1.1658164064340326,7.417221777777777,4.991092777777778
flash_mob,bank_tellers_drivers,drivers_acceptance_rate,driver_decisions,-0.16777933333333284,-0.8296294854622367,1.844462111111111,2.1823948888888887
flash_mob,bank_tellers_drivers,drivers_idle_duration_avg,supply,-75.12672244444457,-0.6330726413925521,555.1628957777777,686.4553451111112
flash_mob,drivers,drivers_occupied_duration_avg,supply,-91.86231488888882,-0.7656054734942411,513.6284283333333,549.7100088888889
flash_mob,drivers,drivers_occupied_distance_avg,supply,-820.1789037777776,-0.7376232660701714,4622.501541444444,4814.078261555555
flash_mob,drivers,passengers_acceptance_rate,passenger_decisions,-0.07871244444444381,-0.6770060754092375,2.0111172222222224,2.1753686666666665
flash_mob,drivers,drivers_total_length_avg,supply,-3001.941850777781,-0.502109978890929,20587.660722555556,21442.960106111113
flash_mob,drivers,traffic_length_avg,trip,-38.3793337777779,-0.4813920484272351,3894.9134466666665,3907.7084513333334
flash_mob,managers,passengers_acceptance_rate,passenger_decisions,-0.4105988888888885,-3.5315628207971637,1.700584,2.1753686666666665
flash_mob,managers,drivers_idle_duration_avg,supply,-151.1905260000002,-1.2740418127401925,610.4281614444443,686.4553451111112
flash_mob,managers,passengers_pickup_reject,passenger_decisions,0.059722666666666674,1.2085924631853449,0.2664997777777778,0.13755566666666666
flash_mob,managers,passengers_reject,passenger_decisions,1.2923333333333336,0.7184028314379481,6.585759333333334,4.991092777777778
flash_mob,managers,passengers_change_provider,passenger_decisions,0.5896298888888878,0.5170540931617615,3.8992405555555556,3.1900368888888897
flash_mob,managers_drivers,passengers_acceptance_rate,passenger_decisions,-0.4258803333333332,-3.6629985906165072,1.6799607777777779,2.1753686666666665
flash_mob,managers_drivers,passengers_pickup_reject,passenger_decisions,0.07218488888888897,1.460787294611472,0.26355544444444445,0.13755566666666666
flash_mob,managers_drivers,drivers_acceptance_rate,driver_decisions,-0.16271633333333346,-0.804594136939605,1.8725334444444444,2.1823948888888887
flash_mob,managers_drivers,passengers_reject,passenger_decisions,1.330573666666667,0.7396604768404225,6.780482000000001,4.991092777777778
flash_mob,managers_drivers,passengers_rating_avg,passenger_experience,0.0133625555555561,0.634042929666953,4.904488111111111,4.88952911111111
flash_mob,students,passengers_acceptance_rate,passenger_decisions,-0.18804488888888882,-1.6173749033710665,1.8953072222222227,2.1753686666666665
flash_mob,students,drivers_idle_duration_avg,supply,-84.72034988888902,-0.7139155541295186,640.2692255555555,686.4553451111112
flash_mob,students,drivers_pickup_reject,driver_decisions,0.036963111111111085,0.4532959433809289,0.2904441111111111,0.23148088888888887
flash_mob,students,passengers_pickup_reject,passenger_decisions,0.020555333333333342,0.41597306904574194,0.21761155555555559,0.13755566666666666
flash_mob,students,drivers_occupied_duration_avg,supply,-49.67607644444445,-0.414013908462753,533.1605971111111,549.7100088888889
flash_mob,students_drivers,passengers_acceptance_rate,passenger_decisions,-0.2523707777777777,-2.1706421521682344,1.932303,2.1753686666666665
flash_mob,students_drivers,drivers_acceptance_rate,driver_decisions,-0.23222677777777756,-1.1483069954483747,1.8674948888888887,2.1823948888888887
flash_mob,students_drivers,passengers_rating_avg,passenger_experience,0.01539588888888943,0.7305230242339001,4.893461444444445,4.88952911111111
flash_mob,students_drivers,traffic_length_avg,trip,-38.77518422222283,-0.48635720122080733,3904.3852610000004,3907.7084513333334
flash_mob,students_drivers,passengers_change_provider,passenger_decisions,0.5354265555555542,0.46952248750346554,3.728648333333333,3.1900368888888897
flash_mob-boycott_tncs,bank_tellers,passengers_acceptance_rate,passenger_decisions,-0.7076235555555557,-6.086273264603381,1.4395299999999998,2.148158888888889
flash_mob-boycott_tncs,bank_tellers,passengers_pickup_reject,passenger_decisions,0.0776849444444444,1.5720905243993522,0.11916650000000001,0.12836083333333334
flash_mob-boycott_tncs,bank_tellers,passengers_reject,passenger_decisions,2.6564443888888887,1.47670660603706,3.6484349444444444,4.9192779444444446
flash_mob-boycott_tncs,bank_tellers,drivers_idle_duration_avg,supply,-128.34300061111105,-1.0815118743028602,815.5506563888889,781.1735767222222
flash_mob-boycott_tncs,bank_tellers,passengers_change_provider,passenger_decisions,0.7493705555555552,0.657132754540397,1.924185333333333,3.141777555555556
flash_mob-boycott_tncs,bank_tellers_drivers,passengers_acceptance_rate,passenger_decisions,-0.7130659444444449,-6.1330832749965705,1.393772,2.148158888888889
flash_mob-boycott_tncs,bank_tellers_drivers,passengers_pickup_reject,passenger_decisions,0.09875955555555554,1.9985720861757472,0.11244433333333333,0.12836083333333334
flash_mob-boycott_tncs,bank_tellers_drivers,passengers_reject,passenger_decisions,2.984888777777779,1.6592875028240228,3.9623421666666667,4.9192779444444446
flash_mob-boycott_tncs,bank_tellers_drivers,drivers_acceptance_rate,driver_decisions,-0.23600422222222162,-1.1669855730094152,1.865429722222222,2.173982944444444
flash_mob-boycott_tncs,bank_tellers_drivers,passengers_change_provider,passenger_decisions,0.9435558333333334,0.8274163419208773,2.091768888888889,3.141777555555556
flash_mob-boycott_tncs,drivers,drivers_acceptance_rate,driver_decisions,-0.10954972222222192,-0.541697704205245,1.8736939444444443,2.173982944444444
flash_mob-boycott_tncs,drivers,drivers_occupied_duration_avg,supply,-64.84396305555549,-0.5404271936586743,615.464785,591.2400875555555
flash_mob-boycott_tncs,drivers,drivers_occupied_distance_avg,supply,-525.4249873333329,-0.47253799560869947,5347.4637187222215,5108.079767277777
flash_mob-boycott_tncs,drivers,passengers_acceptance_rate,passenger_decisions,-0.053737611111111416,-0.462197425794333,2.0980374999999998,2.148158888888889
flash_mob-boycott_tncs,drivers,drivers_idle_duration_avg,supply,-53.40989644444437,-0.45007080195187477,710.2135817222222,781.1735767222222
flash_mob-boycott_tncs,managers,passengers_acceptance_rate,passenger_decisions,-0.5011626111111114,-4.310501787676719,1.6271429444444445,2.148158888888889
flash_mob-boycott_tncs,managers,drivers_idle_duration_avg,supply,-190.57678199999987,-1.6059391764102466,737.0689802777779,781.1735767222222
flash_mob-boycott_tncs,managers,passengers_pickup_reject,passenger_decisions,0.07180549999999997,1.4531096978576847,0.10752766666666667,0.12836083333333334
flash_mob-boycott_tncs,managers,passengers_reject,passenger_decisions,1.5759258888888894,0.8760507769260845,3.3761019444444447,4.9192779444444446
flash_mob-boycott_tncs,managers,rides_offers_price_uber_avg,market,0.4210811666666636,0.6735329062471241,23.700237000000005,20.713286055555557
flash_mob-boycott_tncs,managers_drivers,passengers_acceptance_rate,passenger_decisions,-0.516991666666667,-4.446647563033311,1.6067394444444447,2.148158888888889
flash_mob-boycott_tncs,managers_drivers,passengers_pickup_reject,passenger_decisions,0.08194411111111113,1.6582822003590714,0.11544438888888887,0.12836083333333334
flash_mob-boycott_tncs,managers_drivers,drivers_acceptance_rate,driver_decisions,-0.21423194444444404,-1.0593267615738478,1.8775010555555556,2.173982944444444
flash_mob-boycott_tncs,managers_drivers,passengers_reject,passenger_decisions,1.8113886666666676,1.0069435751621951,3.5117683333333334,4.9192779444444446
flash_mob-boycott_tncs,managers_drivers,passengers_change_provider,passenger_decisions,0.784120666666666,0.6876055774525539,2.101833388888889,3.141777555555556
flash_mob-boycott_tncs,students,passengers_acceptance_rate,passenger_decisions,-0.21558083333333355,-1.8542116807395814,1.9308816111111111,2.148158888888889
flash_mob-boycott_tncs,students,drivers_idle_duration_avg,supply,-133.46085116666666,-1.1246386215378918,636.9672905,781.1735767222222
flash_mob-boycott_tncs,students,passengers_pickup_reject,passenger_decisions,0.026639166666666658,0.5390900617108789,0.09755666666666668,0.12836083333333334
flash_mob-boycott_tncs,students,drivers_occupied_duration_avg,supply,-55.900419166666666,-0.4658892706588974,564.8998748333335,591.2400875555555
flash_mob-boycott_tncs,students,passengers_change_provider,passenger_decisions,0.5035371666666668,0.4415582689925997,1.8521568888888889,3.141777555555556
flash_mob-boycott_tncs,students_drivers,passengers_acceptance_rate,passenger_decisions,-0.2278020000000005,-1.959325988144456,1.8738588888888885,2.148158888888889
flash_mob-boycott_tncs,students_drivers,drivers_acceptance_rate,driver_decisions,-0.23009238888888883,-1.137752942571391,1.8569843888888888,2.173982944444444
flash_mob-boycott_tncs,students_drivers,drivers_idle_duration_avg,supply,-81.05339272222216,-0.683015094428354,697.0573923888888,781.1735767222222
flash_mob-boycott_tncs,students_drivers,passengers_change_provider,passenger_decisions,0.6755838333333326,0.5924282212985627,1.9637591666666667,3.141777555555556
flash_mob-boycott_tncs,students_drivers,passengers_pickup_reject,passenger_decisions,0.02563950000000001,0.5188600608340885,0.08408366666666667,0.12836083333333334
flash_mob-long_rides,bank_tellers,passengers_acceptance_rate,passenger_decisions,-0.777291861111111,-6.685490662277625,1.1472749166666665,2.0987324444444444
flash_mob-long_rides,bank_tellers,passengers_reject,passenger_decisions,2.8326667499999996,1.57466789815847,9.31071761111111,4.786481527777778
flash_mob-long_rides,bank_tellers,passengers_pickup_reject,passenger_decisions,0.06862486111111107,1.3887439150857837,0.31800475,0.11379150000000002
flash_mob-long_rides,bank_tellers,drivers_idle_duration_avg,supply,-163.21498108333344,-1.3753686548174724,925.203826638889,998.3249126111112
flash_mob-long_rides,bank_tellers,passengers_change_provider,passenger_decisions,0.7819491666666663,0.6857013609525789,4.513824083333334,3.0331248611111112
flash_mob-long_rides,bank_tellers_drivers,passengers_acceptance_rate,passenger_decisions,-0.8005881944444444,-6.885862526126388,1.1366078888888889,2.0987324444444444
flash_mob-long_rides,bank_tellers_drivers,passengers_rating_avg,passenger_experience,-0.044988472222221354,-2.1346682234864223,4.85873375,4.879489861111111
flash_mob-long_rides,bank_tellers_drivers,passengers_reject,passenger_decisions,3.419787055555555,1.9010456824549553,9.79155086111111,4.786481527777778
flash_mob-long_rides,bank_tellers_drivers,passengers_pickup_reject,passenger_decisions,0.09129188888888884,1.8474508092025075,0.30761566666666673,0.11379150000000002
flash_mob-long_rides,bank_tellers_drivers,drivers_acceptance_rate,driver_decisions,-0.23866022222222227,-1.180118870595063,1.6797268055555554,2.1232066666666665
flash_mob-long_rides,drivers,passengers_rating_avg,passenger_experience,-0.03880583333333387,-1.841306788401267,4.860771638888889,4.879489861111111
flash_mob-long_rides,drivers,drivers_acceptance_rate,driver_decisions,-0.22152569444444437,-1.0953926460863848,1.6642736944444445,2.1232066666666665
flash_mob-long_rides,drivers,drivers_removed,supply,0.08054688888888895,0.5300305586355476,0.5399954444444444,0.43158277777777776
flash_mob-long_rides,drivers,passengers_acceptance_rate,passenger_decisions,-0.05602027777777785,-0.48183065167589073,1.8404638055555558,2.0987324444444444
flash_mob-long_rides,drivers,drivers_pickup_reject,driver_decisions,0.030338138888888866,0.3720508061867832,0.32868505555555555,0.18948133333333333
flash_mob-long_rides,managers,passengers_acceptance_rate,passenger_decisions,-0.5559878055555556,-4.782053522429146,1.3619677777777779,2.0987324444444444
flash_mob-long_rides,managers,drivers_idle_duration_avg,supply,-194.07722130555555,-1.635436434976813,878.8892031388889,998.3249126111112
flash_mob-long_rides,managers,passengers_pickup_reject,passenger_decisions,0.0601115833333333,1.2164628711623349,0.2805836111111111,0.11379150000000002
flash_mob-long_rides,managers,passengers_reject,passenger_decisions,1.6623564999999996,0.9240972012839388,7.559653000000001,4.786481527777778
flash_mob-long_rides,managers,rides_offers_price_uber_avg,market,0.43471774999999724,0.6953450610781952,28.648971999999997,20.522367444444445
flash_mob-long_rides,managers_drivers,passengers_acceptance_rate,passenger_decisions,-0.5787444444444443,-4.977783472024927,1.3469527777777779,2.0987324444444444
flash_mob-long_rides,managers_drivers,passengers_pickup_reject,passenger_decisions,0.0783052777777778,1.5846440527860515,0.2838470277777778,0.11379150000000002
flash_mob-long_rides,managers_drivers,passengers_rating_avg,passenger_experience,-0.028985111111111017,-1.37532111198367,4.859612583333334,4.879489861111111
flash_mob-long_rides,managers_drivers,drivers_acceptance_rate,driver_decisions,-0.2570144999999999,-1.270876473014165,1.6421170277777777,2.1232066666666665
flash_mob-long_rides,managers_drivers,passengers_reject,passenger_decisions,2.129643305555555,1.1838600314655519,8.196921111111111,4.786481527777778
flash_mob-long_rides,students,passengers_acceptance_rate,passenger_decisions,-0.22420844444444432,-1.9284178012547795,1.6568267499999996,2.0987324444444444
flash_mob-long_rides,students,drivers_idle_duration_avg,supply,-89.48062883333353,-0.7540291417727617,901.7833211388888,998.3249126111112
flash_mob-long_rides,students,passengers_pickup_reject,passenger_decisions,0.02283325,0.4620706910836774,0.2227912222222222,0.11379150000000002
flash_mob-long_rides,students,passengers_change_provider,passenger_decisions,0.47144450000000004,0.41341579356323244,3.947046305555556,3.0331248611111112
flash_mob-long_rides,students,passengers_reject,passenger_decisions,0.5884351666666667,0.32710871022774896,6.224139000000001,4.786481527777778
flash_mob-long_rides,students_drivers,passengers_acceptance_rate,passenger_decisions,-0.2518674166666668,-2.166312741072542,1.6234415277777776,2.0987324444444444
flash_mob-long_rides,students_drivers,passengers_rating_avg,passenger_experience,-0.039926777777777644,-1.8944947356164616,4.858304305555555,4.879489861111111
flash_mob-long_rides,students_drivers,drivers_acceptance_rate,driver_decisions,-0.25260355555555525,-1.2490653864092565,1.6831026944444445,2.1232066666666665
flash_mob-long_rides,students_drivers,drivers_idle_duration_avg,supply,-143.33811036111115,-1.2078716225858197,776.2877636666667,998.3249126111112
flash_mob-long_rides,students_drivers,passengers_change_provider,passenger_decisions,0.7243521944444451,0.6351938293595939,4.234643638888889,3.0331248611111112
flash_mob-wildcat_strike,bank_tellers,passengers_acceptance_rate,passenger_decisions,-0.7076235555555557,-6.086273264603381,1.3356896111111112,2.148158888888889
flash_mob-wildcat_strike,bank_tellers,passengers_pickup_reject,passenger_decisions,0.0776849444444444,1.5720905243993522,0.3423602777777778,0.12836083333333334
flash_mob-wildcat_strike,bank_tellers,passengers_reject,passenger_decisions,2.6564443888888887,1.47670660603706,7.993888611111111,4.9192779444444446
flash_mob-wildcat_strike,bank_tellers,drivers_idle_duration_avg,supply,-128.34300061111105,-1.0815118743028602,664.2577343888888,781.1735767222222
flash_mob-wildcat_strike,bank_tellers,passengers_change_provider,passenger_decisions,0.7493705555555552,0.657132754540397,3.9582219444444444,3.141777555555556
flash_mob-wildcat_strike,bank_tellers_drivers,passengers_acceptance_rate,passenger_decisions,-0.7130659444444449,-6.1330832749965705,1.3337785000000002,2.148158888888889
flash_mob-wildcat_strike,bank_tellers_drivers,passengers_pickup_reject,passenger_decisions,0.09875955555555554,1.9985720861757472,0.32149094444444454,0.12836083333333334
flash_mob-wildcat_strike,bank_tellers_drivers,passengers_reject,passenger_decisions,2.984888777777779,1.6592875028240228,8.278657555555554,4.9192779444444446
flash_mob-wildcat_strike,bank_tellers_drivers,drivers_acceptance_rate,driver_decisions,-0.23600422222222162,-1.1669855730094152,1.9243280000000003,2.173982944444444
flash_mob-wildcat_strike,bank_tellers_drivers,passengers_change_provider,passenger_decisions,0.9435558333333334,0.8274163419208773,4.147397833333334,3.141777555555556
flash_mob-wildcat_strike,drivers,drivers_acceptance_rate,driver_decisions,-0.10954972222222192,-0.541697704205245,1.8801922222222225,2.173982944444444
flash_mob-wildcat_strike,drivers,drivers_occupied_duration_avg,supply,-64.84396305555549,-0.5404271936586743,498.97871194444434,591.2400875555555
flash_mob-wildcat_strike,drivers,drivers_occupied_distance_avg,supply,-525.4249873333329,-0.47253799560869947,4394.9790385,5108.079767277777
flash_mob-wildcat_strike,drivers,passengers_acceptance_rate,passenger_decisions,-0.053737611111111416,-0.462197425794333,2.0035705555555556,2.148158888888889
flash_mob-wildcat_strike,drivers,drivers_idle_duration_avg,supply,-53.40989644444437,-0.45007080195187477,605.2330757222221,781.1735767222222
flash_mob-wildcat_strike,managers,passengers_acceptance_rate,passenger_decisions,-0.5011626111111114,-4.310501787676719,1.5058256666666665,2.148158888888889
flash_mob-wildcat_strike,managers,drivers_idle_duration_avg,supply,-190.57678199999987,-1.6059391764102466,673.9456807777777,781.1735767222222
flash_mob-wildcat_strike,managers,passengers_pickup_reject,passenger_decisions,0.07180549999999997,1.4531096978576847,0.28009272222222215,0.12836083333333334
flash_mob-wildcat_strike,managers,passengers_reject,passenger_decisions,1.5759258888888894,0.8760507769260845,7.03244438888889,4.9192779444444446
flash_mob-wildcat_strike,managers,rides_offers_price_uber_avg,market,0.4210811666666636,0.6735329062471241,23.70224605555556,20.713286055555557
flash_mob-wildcat_strike,managers_drivers,passengers_acceptance_rate,passenger_decisions,-0.516991666666667,-4.446647563033311,1.522518722222222,2.148158888888889
flash_mob-wildcat_strike,managers_drivers,passengers_pickup_reject,passenger_decisions,0.08194411111111113,1.6582822003590714,0.29788872222222224,0.12836083333333334
flash_mob-wildcat_strike,managers_drivers,drivers_acceptance_rate,driver_decisions,-0.21423194444444404,-1.0593267615738478,1.9910798333333333,2.173982944444444
flash_mob-wildcat_strike,managers_drivers,passengers_reject,passenger_decisions,1.8113886666666676,1.0069435751621951,6.820685222222222,4.9192779444444446
flash_mob-wildcat_strike,managers_drivers,passengers_change_provider,passenger_decisions,0.784120666666666,0.6876055774525539,3.860323888888889,3.141777555555556
flash_mob-wildcat_strike,students,passengers_acceptance_rate,passenger_decisions,-0.21558083333333355,-1.8542116807395814,1.8086326666666666,2.148158888888889
flash_mob-wildcat_strike,students,drivers_idle_duration_avg,supply,-133.46085116666666,-1.1246386215378918,538.6387096111112,781.1735767222222
flash_mob-wildcat_strike,students,passengers_pickup_reject,passenger_decisions,0.026639166666666658,0.5390900617108789,0.2354256111111111,0.12836083333333334
flash_mob-wildcat_strike,students,drivers_occupied_duration_avg,supply,-55.900419166666666,-0.4658892706588974,531.3753046666667,591.2400875555555
flash_mob-wildcat_strike,students,passengers_change_provider,passenger_decisions,0.5035371666666668,0.4415582689925997,3.729749888888889,3.141777555555556
flash_mob-wildcat_strike,students_drivers,passengers_acceptance_rate,passenger_decisions,-0.2278020000000005,-1.959325988144456,1.840629611111111,2.148158888888889
flash_mob-wildcat_strike,students_drivers,drivers_acceptance_rate,driver_decisions,-0.23009238888888883,-1.137752942571391,1.8763389444444445,2.173982944444444
flash_mob-wildcat_strike,students_drivers,drivers_idle_duration_avg,supply,-81.05339272222216,-0.683015094428354,603.7543847777778,781.1735767222222
flash_mob-wildcat_strike,students_drivers,passengers_change_provider,passenger_decisions,0.6755838333333326,0.5924282212985627,3.6630925,3.141777555555556
flash_mob-wildcat_strike,students_drivers,passengers_pickup_reject,passenger_decisions,0.02563950000000001,0.5188600608340885,0.24285149999999997,0.12836083333333334
long_rides,bank_tellers,passengers_acceptance_rate,passenger_decisions,-0.777291861111111,-6.685490662277625,1.1850909444444444,2.0987324444444444
long_rides,bank_tellers,passengers_reject,passenger_decisions,2.8326667499999996,1.57466789815847,8.595837777777778,4.786481527777778
long_rides,bank_tellers,passengers_pickup_reject,passenger_decisions,0.06862486111111107,1.3887439150857837,0.2506850555555556,0.11379150000000002
long_rides,bank_tellers,drivers_idle_duration_avg,supply,-163.21498108333344,-1.3753686548174724,844.5853218888889,998.3249126111112
long_rides,bank_tellers,passengers_change_provider,passenger_decisions,0.7819491666666663,0.6857013609525789,4.140504555555555,3.0331248611111112
long_rides,bank_tellers_drivers,passengers_acceptance_rate,passenger_decisions,-0.8005881944444444,-6.885862526126388,1.1798266388888887,2.0987324444444444
long_rides,bank_tellers_drivers,passengers_rating_avg,passenger_experience,-0.044988472222221354,-2.1346682234864223,4.843746055555555,4.879489861111111
long_rides,bank_tellers_drivers,passengers_reject,passenger_decisions,3.419787055555555,1.9010456824549553,9.175106416666667,4.786481527777778
long_rides,bank_tellers_drivers,passengers_pickup_reject,passenger_decisions,0.09129188888888884,1.8474508092025075,0.25447655555555554,0.11379150000000002
long_rides,bank_tellers_drivers,drivers_acceptance_rate,driver_decisions,-0.23866022222222227,-1.180118870595063,1.7755174166666667,2.1232066666666665
long_rides,drivers,passengers_rating_avg,passenger_experience,-0.03880583333333387,-1.841306788401267,4.835989083333333,4.879489861111111
long_rides,drivers,drivers_acceptance_rate,driver_decisions,-0.22152569444444437,-1.0953926460863848,1.748896416666667,2.1232066666666665
long_rides,drivers,drivers_removed,supply,0.08054688888888895,0.5300305586355476,0.525291638888889,0.43158277777777776
long_rides,drivers,passengers_acceptance_rate,passenger_decisions,-0.05602027777777785,-0.48183065167589073,1.9071654444444448,2.0987324444444444
long_rides,drivers,drivers_pickup_reject,driver_decisions,0.030338138888888866,0.3720508061867832,0.28085683333333333,0.18948133333333333
long_rides,managers,passengers_acceptance_rate,passenger_decisions,-0.5559878055555556,-4.782053522429146,1.4211060555555557,2.0987324444444444
long_rides,managers,drivers_idle_duration_avg,supply,-194.07722130555555,-1.635436434976813,994.3532915277776,998.3249126111112
long_rides,managers,passengers_pickup_reject,passenger_decisions,0.0601115833333333,1.2164628711623349,0.23314763888888884,0.11379150000000002
long_rides,managers,passengers_reject,passenger_decisions,1.6623564999999996,0.9240972012839388,7.097930694444444,4.786481527777778
long_rides,managers,rides_offers_price_uber_avg,market,0.43471774999999724,0.6953450610781952,26.647958027777772,20.522367444444445
long_rides,managers_drivers,passengers_acceptance_rate,passenger_decisions,-0.5787444444444443,-4.977783472024927,1.3950784722222223,2.0987324444444444
long_rides,managers_drivers,passengers_pickup_reject,passenger_decisions,0.0783052777777778,1.5846440527860515,0.2332356388888889,0.11379150000000002
long_rides,managers_drivers,passengers_rating_avg,passenger_experience,-0.028985111111111017,-1.37532111198367,4.854551611111111,4.879489861111111
long_rides,managers_drivers,drivers_acceptance_rate,driver_decisions,-0.2570144999999999,-1.270876473014165,1.7723785555555556,2.1232066666666665
long_rides,managers_drivers,passengers_reject,passenger_decisions,2.129643305555555,1.1838600314655519,7.619601777777778,4.786481527777778
long_rides,students,passengers_acceptance_rate,passenger_decisions,-0.22420844444444432,-1.9284178012547795,1.7285210555555555,2.0987324444444444
long_rides,students,drivers_idle_duration_avg,supply,-89.48062883333353,-0.7540291417727617,954.8925791111112,998.3249126111112
long_rides,students,passengers_pickup_reject,passenger_decisions,0.02283325,0.4620706910836774,0.18645799999999998,0.11379150000000002
long_rides,students,passengers_change_provider,passenger_decisions,0.47144450000000004,0.41341579356323244,3.711967333333333,3.0331248611111112
long_rides,students,passengers_reject,passenger_decisions,0.5884351666666667,0.32710871022774896,5.775985944444445,4.786481527777778
long_rides,students_drivers,passengers_acceptance_rate,passenger_decisions,-0.2518674166666668,-2.166312741072542,1.7216084444444444,2.0987324444444444
long_rides,students_drivers,passengers_rating_avg,passenger_experience,-0.039926777777777644,-1.8944947356164616,4.8473223333333335,4.879489861111111
long_rides,students_drivers,drivers_acceptance_rate,driver_decisions,-0.25260355555555525,-1.2490653864092565,1.754777138888889,2.1232066666666665
long_rides,students_drivers,drivers_idle_duration_avg,supply,-143.33811036111115,-1.2078716225858197,809.3713437777777,998.3249126111112
long_rides,students_drivers,passengers_change_provider,passenger_decisions,0.7243521944444451,0.6351938293595939,3.9543789722222225,3.0331248611111112
normal,bank_tellers,passengers_acceptance_rate,passenger_decisions,-0.563307222222222,-4.845007856864563,1.6120614444444445,2.1753686666666665
normal,bank_tellers,passengers_pickup_reject,passenger_decisions,0.05974022222222217,1.2089477305120673,0.19729588888888883,0.13755566666666666
normal,bank_tellers,passengers_reject,passenger_decisions,1.9492036666666657,1.0835543718203993,6.940296444444444,4.991092777777778
normal,bank_tellers,rides_offers_price_lyft_avg,market,-0.5095844444444388,-0.9519338594180736,21.56667277777778,22.076257222222218
normal,bank_tellers,drivers_idle_duration_avg,supply,-100.51773588888898,-0.8470358681364719,585.9376092222222,686.4553451111112
normal,bank_tellers_drivers,passengers_acceptance_rate,passenger_decisions,-0.5712884444444442,-4.913654383748243,1.6040802222222224,2.1753686666666665
normal,bank_tellers_drivers,passengers_pickup_reject,passenger_decisions,0.07177799999999998,1.452553187330064,0.20933366666666664,0.13755566666666666
normal,bank_tellers_drivers,passengers_reject,passenger_decisions,2.0971846666666654,1.1658164064340326,7.088277444444444,4.991092777777778
normal,bank_tellers_drivers,drivers_acceptance_rate,driver_decisions,-0.16777933333333284,-0.8296294854622367,2.014615555555556,2.1823948888888887
normal,bank_tellers_drivers,drivers_idle_duration_avg,supply,-75.12672244444457,-0.6330726413925521,611.3286226666667,686.4553451111112
normal,drivers,drivers_occupied_duration_avg,supply,-91.86231488888882,-0.7656054734942411,457.84769400000005,549.7100088888889
normal,drivers,drivers_occupied_distance_avg,supply,-820.1789037777776,-0.7376232660701714,3993.899357777778,4814.078261555555
normal,drivers,passengers_acceptance_rate,passenger_decisions,-0.07871244444444381,-0.6770060754092375,2.0966562222222227,2.1753686666666665
normal,drivers,drivers_total_length_avg,supply,-3001.941850777781,-0.502109978890929,18441.018255333332,21442.960106111113
normal,drivers,traffic_length_avg,trip,-38.3793337777779,-0.4813920484272351,3869.3291175555555,3907.7084513333334
normal,managers,passengers_acceptance_rate,passenger_decisions,-0.4105988888888885,-3.5315628207971637,1.764769777777778,2.1753686666666665
normal,managers,drivers_idle_duration_avg,supply,-151.1905260000002,-1.2740418127401925,535.264819111111,686.4553451111112
normal,managers,passengers_pickup_reject,passenger_decisions,0.059722666666666674,1.2085924631853449,0.19727833333333333,0.13755566666666666
normal,managers,passengers_reject,passenger_decisions,1.2923333333333336,0.7184028314379481,6.283426111111112,4.991092777777778
normal,managers,passengers_change_provider,passenger_decisions,0.5896298888888878,0.5170540931617615,3.7796667777777775,3.1900368888888897
normal,managers_drivers,passengers_acceptance_rate,passenger_decisions,-0.4258803333333332,-3.6629985906165072,1.7494883333333333,2.1753686666666665
normal,managers_drivers,passengers_pickup_reject,passenger_decisions,0.07218488888888897,1.460787294611472,0.20974055555555562,0.13755566666666666
normal,managers_drivers,drivers_acceptance_rate,driver_decisions,-0.16271633333333346,-0.804594136939605,2.019678555555555,2.1823948888888887
normal,managers_drivers,passengers_reject,passenger_decisions,1.330573666666667,0.7396604768404225,6.321666444444445,4.991092777777778
normal,managers_drivers,passengers_rating_avg,passenger_experience,0.0133625555555561,0.634042929666953,4.902891666666666,4.88952911111111
normal,students,passengers_acceptance_rate,passenger_decisions,-0.18804488888888882,-1.6173749033710665,1.9873237777777777,2.1753686666666665
normal,students,drivers_idle_duration_avg,supply,-84.72034988888902,-0.7139155541295186,601.7349952222222,686.4553451111112
normal,students,drivers_pickup_reject,driver_decisions,0.036963111111111085,0.4532959433809289,0.26844399999999996,0.23148088888888887
normal,students,passengers_pickup_reject,passenger_decisions,0.020555333333333342,0.41597306904574194,0.158111,0.13755566666666666
normal,students,drivers_occupied_duration_avg,supply,-49.67607644444445,-0.414013908462753,500.0339324444444,549.7100088888889
normal,students_drivers,passengers_acceptance_rate,passenger_decisions,-0.2523707777777777,-2.1706421521682344,1.9229978888888888,2.1753686666666665
normal,students_drivers,drivers_acceptance_rate,driver_decisions,-0.23222677777777756,-1.1483069954483747,1.950168111111111,2.1823948888888887
normal,students_drivers,passengers_rating_avg,passenger_experience,0.01539588888888943,0.7305230242339001,4.9049249999999995,4.88952911111111
normal,students_drivers,traffic_length_avg,trip,-38.77518422222283,-0.48635720122080733,3868.9332671111106,3907.7084513333334
normal,students_drivers,passengers_change_provider,passenger_decisions,0.5354265555555542,0.46952248750346554,3.725463444444444,3.1900368888888897
underground_alarm,bank_tellers,passengers_acceptance_rate,passenger_decisions,-0.6688438518518516,-5.752728865172257,1.4446459999999999,2.1616777777777774
underground_alarm,bank_tellers,passengers_pickup_reject,passenger_decisions,0.07570362962962959,1.5319951588365959,0.35211111111111115,0.1297406666666667
underground_alarm,bank_tellers,passengers_reject,passenger_decisions,2.49995074074074,1.3897124250220865,8.889048888888887,4.92674074074074
underground_alarm,bank_tellers,drivers_idle_duration_avg,supply,-104.51319251851851,-0.880704504272694,654.7322631851852,743.0898619999999
underground_alarm,bank_tellers,drivers_acceptance_rate,driver_decisions,-0.14257548148148036,-0.7050023443948891,1.9804785925925927,2.2053745925925923
underground_alarm,bank_tellers_drivers,passengers_acceptance_rate,passenger_decisions,-0.6677243703703699,-5.743100200103848,1.4247585925925925,2.1616777777777774
underground_alarm,bank_tellers_drivers,passengers_pickup_reject,passenger_decisions,0.08245696296296293,1.668660653255996,0.3553088148148148,0.1297406666666667
underground_alarm,bank_tellers_drivers,passengers_reject,passenger_decisions,2.650147999999999,1.4732064691227347,9.032135703703702,4.92674074074074
underground_alarm,bank_tellers_drivers,drivers_acceptance_rate,driver_decisions,-0.2525962222222218,-1.2490291247944358,1.9331207407407407,2.2053745925925923
underground_alarm,bank_tellers_drivers,drivers_idle_duration_avg,supply,-92.45886688888879,-0.7791259511526791,646.8532057037036,743.0898619999999
underground_alarm,drivers,drivers_occupied_duration_avg,supply,-87.6755319259259,-0.7307116875423637,456.8095274074074,577.3077211111112
underground_alarm,drivers,drivers_occupied_distance_avg,supply,-706.9466689629626,-0.6357884950417783,4032.7787088888886,4987.797185851851
underground_alarm,drivers,drivers_idle_duration_avg,supply,-73.81534133333332,-0.6220219862212525,502.63989362962957,743.0898619999999
underground_alarm,drivers,passengers_acceptance_rate,passenger_decisions,-0.07022911111111085,-0.6040408886852783,2.1046764444444443,2.1616777777777774
underground_alarm,drivers,drivers_shift_duration_avg,supply,-436.244761111112,-0.4668841759415293,2818.203210666667,3692.5826028148153
underground_alarm,managers,passengers_acceptance_rate,passenger_decisions,-0.471591407407407,-4.056159736608768,1.6062095555555556,2.1616777777777774
underground_alarm,managers,drivers_idle_duration_avg,supply,-203.15612192592596,-1.7119418834998557,624.7595191851851,743.0898619999999
underground_alarm,managers,passengers_pickup_reject,passenger_decisions,0.06716059259259255,1.359111884328711,0.31941970370370376,0.1297406666666667
underground_alarm,managers,passengers_reject,passenger_decisions,1.5011728888888891,0.8344958889778143,7.596197555555555,4.92674074074074
underground_alarm,managers,rides_offers_price_uber_avg,market,0.42477511111111,0.6794414895183226,20.90315103703704,20.71385214814815
underground_alarm,managers_drivers,passengers_acceptance_rate,passenger_decisions,-0.49237481481481415,-4.234917913690298,1.6147660740740741,2.1616777777777774
underground_alarm,managers_drivers,passengers_pickup_reject,passenger_decisions,0.08403681481481481,1.7006317146246155,0.31125896296296296,0.1297406666666667
underground_alarm,managers_drivers,drivers_acceptance_rate,driver_decisions,-0.20274051851851826,-1.0025043533025475,1.9679994074074072,2.2053745925925923
underground_alarm,managers_drivers,passengers_reject,passenger_decisions,1.654469037037038,0.9197125927783003,7.878777703703704,4.92674074074074
underground_alarm,managers_drivers,passengers_change_provider,passenger_decisions,0.690950814814816,0.6059037265676642,4.630456962962962,3.15930837037037
underground_alarm,students,passengers_acceptance_rate,passenger_decisions,-0.2144199999999996,-1.8442273482143816,1.9232097037037033,2.1616777777777774
underground_alarm,students,drivers_idle_duration_avg,supply,-94.26833585185182,-0.7943738584036304,614.1847808148149,743.0898619999999
underground_alarm,students,passengers_pickup_reject,passenger_decisions,0.028592222222222213,0.5786135518088882,0.2532594814814814,0.1297406666666667
underground_alarm,students,passengers_change_provider,passenger_decisions,0.49039548148148215,0.4300341548930794,4.112876000000001,3.15930837037037
underground_alarm,students,drivers_acceptance_rate,driver_decisions,-0.08029814814814795,-0.3970555253033864,1.9999731111111112,2.2053745925925923
underground_alarm,students_drivers,passengers_acceptance_rate,passenger_decisions,-0.24933607407407354,-2.1445406524755812,1.8992946666666664,2.1616777777777774
underground_alarm,students_drivers,drivers_acceptance_rate,driver_decisions,-0.2515670370370371,-1.2439400452357887,1.8707866666666666,2.2053745925925923
underground_alarm,students_drivers,passengers_change_provider,passenger_decisions,0.634272296296297,0.5562015989337181,4.2040003703703706,3.15930837037037
underground_alarm,students_drivers,drivers_idle_duration_avg,supply,-65.05988029629623,-0.5482420758914025,691.6113935555555,743.0898619999999
underground_alarm,students_drivers,passengers_reject,passenger_decisions,0.8819380740740748,0.49026577990797987,6.566863925925926,4.92674074074074
underground_alarm-flash_mob,bank_tellers,passengers_acceptance_rate,passenger_decisions,-0.6688438518518516,-5.752728865172257,1.3995323703703704,2.1616777777777774
underground_alarm-flash_mob,bank_tellers,passengers_pickup_reject,passenger_decisions,0.07570362962962959,1.5319951588365959,0.424704,0.1297406666666667
underground_alarm-flash_mob,bank_tellers,passengers_reject,passenger_decisions,2.49995074074074,1.3897124250220865,9.128037037037036,4.92674074074074
underground_alarm-flash_mob,bank_tellers,drivers_idle_duration_avg,supply,-104.51319251851851,-0.880704504272694,566.4072614814814,743.0898619999999
underground_alarm-flash_mob,bank_tellers,drivers_acceptance_rate,driver_decisions,-0.14257548148148036,-0.7050023443948891,1.8846377037037036,2.2053745925925923
underground_alarm-flash_mob,bank_tellers_drivers,passengers_acceptance_rate,passenger_decisions,-0.6677243703703699,-5.743100200103848,1.3435434074074073,2.1616777777777774
underground_alarm-flash_mob,bank_tellers_drivers,passengers_pickup_reject,passenger_decisions,0.08245696296296293,1.668660653255996,0.41536999999999996,0.1297406666666667
underground_alarm-flash_mob,bank_tellers_drivers,passengers_reject,passenger_decisions,2.650147999999999,1.4732064691227347,9.602209851851853,4.92674074074074
underground_alarm-flash_mob,bank_tellers_drivers,drivers_acceptance_rate,driver_decisions,-0.2525962222222218,-1.2490291247944358,1.7686262962962964,2.2053745925925923
underground_alarm-flash_mob,bank_tellers_drivers,drivers_idle_duration_avg,supply,-92.45886688888879,-0.7791259511526791,609.6346761481481,743.0898619999999
underground_alarm-flash_mob,drivers,drivers_occupied_duration_avg,supply,-87.6755319259259,-0.7307116875423637,509.4869157777778,577.3077211111112
underground_alarm-flash_mob,drivers,drivers_occupied_distance_avg,supply,-706.9466689629626,-0.6357884950417783,4553.742895925926,4987.797185851851
underground_alarm-flash_mob,drivers,drivers_idle_duration_avg,supply,-73.81534133333332,-0.6220219862212525,588.2447757037037,743.0898619999999
underground_alarm-flash_mob,drivers,passengers_acceptance_rate,passenger_decisions,-0.07022911111111085,-0.6040408886852783,1.9786178518518522,2.1616777777777774
underground_alarm-flash_mob,drivers,drivers_shift_duration_avg,supply,-436.244761111112,-0.4668841759415293,3235.2629525925922,3692.5826028148153
underground_alarm-flash_mob,managers,passengers_acceptance_rate,passenger_decisions,-0.471591407407407,-4.056159736608768,1.5508155555555556,2.1616777777777774
underground_alarm-flash_mob,managers,drivers_idle_duration_avg,supply,-203.15612192592596,-1.7119418834998557,615.2222098518517,743.0898619999999
underground_alarm-flash_mob,managers,passengers_pickup_reject,passenger_decisions,0.06716059259259255,1.359111884328711,0.34834607407407403,0.1297406666666667
underground_alarm-flash_mob,managers,passengers_reject,passenger_decisions,1.5011728888888891,0.8344958889778143,7.843691333333333,4.92674074074074
underground_alarm-flash_mob,managers,rides_offers_price_uber_avg,market,0.42477511111111,0.6794414895183226,25.330375925925924,20.71385214814815
underground_alarm-flash_mob,managers_drivers,passengers_acceptance_rate,passenger_decisions,-0.49237481481481415,-4.234917913690298,1.5612995555555556,2.1616777777777774
underground_alarm-flash_mob,managers_drivers,passengers_pickup_reject,passenger_decisions,0.08403681481481481,1.7006317146246155,0.35097466666666666,0.1297406666666667
underground_alarm-flash_mob,managers_drivers,drivers_acceptance_rate,driver_decisions,-0.20274051851851826,-1.0025043533025475,1.7580012592592593,2.2053745925925923
underground_alarm-flash_mob,managers_drivers,passengers_reject,passenger_decisions,1.654469037037038,0.9197125927783003,8.088148444444444,4.92674074074074
underground_alarm-flash_mob,managers_drivers,passengers_change_provider,passenger_decisions,0.690950814814816,0.6059037265676642,4.722592666666667,3.15930837037037
underground_alarm-flash_mob,students,passengers_acceptance_rate,passenger_decisions,-0.2144199999999996,-1.8442273482143816,1.8421857037037037,2.1616777777777774
underground_alarm-flash_mob,students,drivers_idle_duration_avg,supply,-94.26833585185182,-0.7943738584036304,565.8635836296297,743.0898619999999
underground_alarm-flash_mob,students,passengers_pickup_reject,passenger_decisions,0.028592222222222213,0.5786135518088882,0.3008267407407408,0.1297406666666667
underground_alarm-flash_mob,students,passengers_change_provider,passenger_decisions,0.49039548148148215,0.4300341548930794,4.295814888888889,3.15930837037037
underground_alarm-flash_mob,students,drivers_acceptance_rate,driver_decisions,-0.08029814814814795,-0.3970555253033864,1.852863925925926,2.2053745925925923
underground_alarm-flash_mob,students_drivers,passengers_acceptance_rate,passenger_decisions,-0.24933607407407354,-2.1445406524755812,1.8116935555555553,2.1616777777777774
underground_alarm-flash_mob,students_drivers,drivers_acceptance_rate,driver_decisions,-0.2515670370370371,-1.2439400452357887,1.693571259259259,2.2053745925925923
underground_alarm-flash_mob,students_drivers,passengers_change_provider,passenger_decisions,0.634272296296297,0.5562015989337181,4.342012814814815,3.15930837037037
underground_alarm-flash_mob,students_drivers,drivers_idle_duration_avg,supply,-65.05988029629623,-0.5482420758914025,588.5061052592592,743.0898619999999
underground_alarm-flash_mob,students_drivers,passengers_reject,passenger_decisions,0.8819380740740748,0.49026577990797987,6.760197111111111,4.92674074074074
underground_alarm-long_rides,bank_tellers,passengers_acceptance_rate,passenger_decisions,-0.777291861111111,-6.685490662277625,1.1298563888888888,2.0987324444444444
underground_alarm-long_rides,bank_tellers,passengers_reject,passenger_decisions,2.8326667499999996,1.57466789815847,10.458291694444442,4.786481527777778
underground_alarm-long_rides,bank_tellers,passengers_pickup_reject,passenger_decisions,0.06862486111111107,1.3887439150857837,0.4187310833333333,0.11379150000000002
underground_alarm-long_rides,bank_tellers,drivers_idle_duration_avg,supply,-163.21498108333344,-1.3753686548174724,837.6537570555555,998.3249126111112
underground_alarm-long_rides,bank_tellers,passengers_change_provider,passenger_decisions,0.7819491666666663,0.6857013609525789,5.051523333333334,3.0331248611111112
underground_alarm-long_rides,bank_tellers_drivers,passengers_acceptance_rate,passenger_decisions,-0.8005881944444444,-6.885862526126388,1.0977352222222223,2.0987324444444444
underground_alarm-long_rides,bank_tellers_drivers,passengers_rating_avg,passenger_experience,-0.044988472222221354,-2.1346682234864223,4.872197583333333,4.879489861111111
underground_alarm-long_rides,bank_tellers_drivers,passengers_reject,passenger_decisions,3.419787055555555,1.9010456824549553,11.250213027777777,4.786481527777778
underground_alarm-long_rides,bank_tellers_drivers,passengers_pickup_reject,passenger_decisions,0.09129188888888884,1.8474508092025075,0.39888841666666663,0.11379150000000002
underground_alarm-long_rides,bank_tellers_drivers,drivers_acceptance_rate,driver_decisions,-0.23866022222222227,-1.180118870595063,1.642674861111111,2.1232066666666665
underground_alarm-long_rides,drivers,passengers_rating_avg,passenger_experience,-0.03880583333333387,-1.841306788401267,4.874466527777778,4.879489861111111
underground_alarm-long_rides,drivers,drivers_acceptance_rate,driver_decisions,-0.22152569444444437,-1.0953926460863848,1.6360991388888888,2.1232066666666665
underground_alarm-long_rides,drivers,drivers_removed,supply,0.08054688888888895,0.5300305586355476,0.6064955555555555,0.43158277777777776
underground_alarm-long_rides,drivers,passengers_acceptance_rate,passenger_decisions,-0.05602027777777785,-0.48183065167589073,1.7980722777777778,2.0987324444444444
underground_alarm-long_rides,drivers,drivers_pickup_reject,driver_decisions,0.030338138888888866,0.3720508061867832,0.42229152777777773,0.18948133333333333
underground_alarm-long_rides,managers,passengers_acceptance_rate,passenger_decisions,-0.5559878055555556,-4.782053522429146,1.322087638888889,2.0987324444444444
underground_alarm-long_rides,managers,drivers_idle_duration_avg,supply,-194.07722130555555,-1.635436434976813,796.0101948055556,998.3249126111112
underground_alarm-long_rides,managers,passengers_pickup_reject,passenger_decisions,0.0601115833333333,1.2164628711623349,0.3628056388888889,0.11379150000000002
underground_alarm-long_rides,managers,passengers_reject,passenger_decisions,1.6623564999999996,0.9240972012839388,8.835573861111111,4.786481527777778
underground_alarm-long_rides,managers,rides_offers_price_uber_avg,market,0.43471774999999724,0.6953450610781952,27.602893027777778,20.522367444444445
underground_alarm-long_rides,managers_drivers,passengers_acceptance_rate,passenger_decisions,-0.5787444444444443,-4.977783472024927,1.3262974166666668,2.0987324444444444
underground_alarm-long_rides,managers_drivers,passengers_pickup_reject,passenger_decisions,0.0783052777777778,1.5846440527860515,0.3517730555555555,0.11379150000000002
underground_alarm-long_rides,managers_drivers,passengers_rating_avg,passenger_experience,-0.028985111111111017,-1.37532111198367,4.873307638888888,4.879489861111111
underground_alarm-long_rides,managers_drivers,drivers_acceptance_rate,driver_decisions,-0.2570144999999999,-1.270876473014165,1.6555023888888891,2.1232066666666665
underground_alarm-long_rides,managers_drivers,passengers_reject,passenger_decisions,2.129643305555555,1.1838600314655519,8.961462944444444,4.786481527777778
underground_alarm-long_rides,students,passengers_acceptance_rate,passenger_decisions,-0.22420844444444432,-1.9284178012547795,1.6181680555555553,2.0987324444444444
underground_alarm-long_rides,students,drivers_idle_duration_avg,supply,-89.48062883333353,-0.7540291417727617,982.7516737222222,998.3249126111112
underground_alarm-long_rides,students,passengers_pickup_reject,passenger_decisions,0.02283325,0.4620706910836774,0.28030588888888885,0.11379150000000002
underground_alarm-long_rides,students,passengers_change_provider,passenger_decisions,0.47144450000000004,0.41341579356323244,4.469670972222222,3.0331248611111112
underground_alarm-long_rides,students,passengers_reject,passenger_decisions,0.5884351666666667,0.32710871022774896,7.064722333333334,4.786481527777778
underground_alarm-long_rides,students_drivers,passengers_acceptance_rate,passenger_decisions,-0.2518674166666668,-2.166312741072542,1.626933083333333,2.0987324444444444
underground_alarm-long_rides,students_drivers,passengers_rating_avg,passenger_experience,-0.039926777777777644,-1.8944947356164616,4.865848111111111,4.879489861111111
underground_alarm-long_rides,students_drivers,drivers_acceptance_rate,driver_decisions,-0.25260355555555525,-1.2490653864092565,1.649265361111111,2.1232066666666665
underground_alarm-long_rides,students_drivers,drivers_idle_duration_avg,supply,-143.33811036111115,-1.2078716225858197,891.7274701944444,998.3249126111112
underground_alarm-long_rides,students_drivers,passengers_change_provider,passenger_decisions,0.7243521944444451,0.6351938293595939,4.661712777777778,3.0331248611111112
underground_alarm-wildcat_strike,bank_tellers,passengers_acceptance_rate,passenger_decisions,-0.7076235555555557,-6.086273264603381,1.3429499999999999,2.148158888888889
underground_alarm-wildcat_strike,bank_tellers,passengers_pickup_reject,passenger_decisions,0.0776849444444444,1.5720905243993522,0.3693241111111111,0.12836083333333334
underground_alarm-wildcat_strike,bank_tellers,passengers_reject,passenger_decisions,2.6564443888888887,1.47670660603706,8.928814611111111,4.9192779444444446
underground_alarm-wildcat_strike,bank_tellers,drivers_idle_duration_avg,supply,-128.34300061111105,-1.0815118743028602,734.7614542777776,781.1735767222222
underground_alarm-wildcat_strike,bank_tellers,passengers_change_provider,passenger_decisions,0.7493705555555552,0.657132754540397,4.4800646111111115,3.141777555555556
underground_alarm-wildcat_strike,bank_tellers_drivers,passengers_acceptance_rate,passenger_decisions,-0.7130659444444449,-6.1330832749965705,1.3238257222222223,2.148158888888889
underground_alarm-wildcat_strike,bank_tellers_drivers,passengers_pickup_reject,passenger_decisions,0.09875955555555554,1.9985720861757472,0.3869907222222222,0.12836083333333334
underground_alarm-wildcat_strike,bank_tellers_drivers,passengers_reject,passenger_decisions,2.984888777777779,1.6592875028240228,9.055434944444444,4.9192779444444446
underground_alarm-wildcat_strike,bank_tellers_drivers,drivers_acceptance_rate,driver_decisions,-0.23600422222222162,-1.1669855730094152,1.9705116666666667,2.173982944444444
underground_alarm-wildcat_strike,bank_tellers_drivers,passengers_change_provider,passenger_decisions,0.9435558333333334,0.8274163419208773,4.529268722222222,3.141777555555556
underground_alarm-wildcat_strike,drivers,drivers_acceptance_rate,driver_decisions,-0.10954972222222192,-0.541697704205245,1.9654918333333333,2.173982944444444
underground_alarm-wildcat_strike,drivers,drivers_occupied_duration_avg,supply,-64.84396305555549,-0.5404271936586743,545.9186203888889,591.2400875555555
underground_alarm-wildcat_strike,drivers,drivers_occupied_distance_avg,supply,-525.4249873333329,-0.47253799560869947,4802.062375111111,5108.079767277777
underground_alarm-wildcat_strike,drivers,passengers_acceptance_rate,passenger_decisions,-0.053737611111111416,-0.462197425794333,1.9770459444444444,2.148158888888889
underground_alarm-wildcat_strike,drivers,drivers_idle_duration_avg,supply,-53.40989644444437,-0.45007080195187477,620.1323512777777,781.1735767222222
underground_alarm-wildcat_strike,managers,passengers_acceptance_rate,passenger_decisions,-0.5011626111111114,-4.310501787676719,1.510614222222222,2.148158888888889
underground_alarm-wildcat_strike,managers,drivers_idle_duration_avg,supply,-190.57678199999987,-1.6059391764102466,571.3313750555556,781.1735767222222
underground_alarm-wildcat_strike,managers,passengers_pickup_reject,passenger_decisions,0.07180549999999997,1.4531096978576847,0.34152744444444444,0.12836083333333334
underground_alarm-wildcat_strike,managers,passengers_reject,passenger_decisions,1.5759258888888894,0.8760507769260845,7.613221888888889,4.9192779444444446
underground_alarm-wildcat_strike,managers,rides_offers_price_uber_avg,market,0.4210811666666636,0.6735329062471241,21.14030361111111,20.713286055555557
underground_alarm-wildcat_strike,managers_drivers,passengers_acceptance_rate,passenger_decisions,-0.516991666666667,-4.446647563033311,1.506342388888889,2.148158888888889
underground_alarm-wildcat_strike,managers_drivers,passengers_pickup_reject,passenger_decisions,0.08194411111111113,1.6582822003590714,0.3097499999999999,0.12836083333333334
underground_alarm-wildcat_strike,managers_drivers,drivers_acceptance_rate,driver_decisions,-0.21423194444444404,-1.0593267615738478,1.8976412777777776,2.173982944444444
underground_alarm-wildcat_strike,managers_drivers,passengers_reject,passenger_decisions,1.8113886666666676,1.0069435751621951,7.745786888888888,4.9192779444444446
underground_alarm-wildcat_strike,managers_drivers,passengers_change_provider,passenger_decisions,0.784120666666666,0.6876055774525539,4.478796444444445,3.141777555555556
underground_alarm-wildcat_strike,students,passengers_acceptance_rate,passenger_decisions,-0.21558083333333355,-1.8542116807395814,1.8114325000000002,2.148158888888889
underground_alarm-wildcat_strike,students,drivers_idle_duration_avg,supply,-133.46085116666666,-1.1246386215378918,703.2906307222221,781.1735767222222
underground_alarm-wildcat_strike,students,passengers_pickup_reject,passenger_decisions,0.026639166666666658,0.5390900617108789,0.2556856111111111,0.12836083333333334
underground_alarm-wildcat_strike,students,drivers_occupied_duration_avg,supply,-55.900419166666666,-0.4658892706588974,567.8613194999999,591.2400875555555
underground_alarm-wildcat_strike,students,passengers_change_provider,passenger_decisions,0.5035371666666668,0.4415582689925997,4.023610944444445,3.141777555555556
underground_alarm-wildcat_strike,students_drivers,passengers_acceptance_rate,passenger_decisions,-0.2278020000000005,-1.959325988144456,1.8246233888888885,2.148158888888889
underground_alarm-wildcat_strike,students_drivers,drivers_acceptance_rate,driver_decisions,-0.23009238888888883,-1.137752942571391,1.9325497222222225,2.173982944444444
underground_alarm-wildcat_strike,students_drivers,drivers_idle_duration_avg,supply,-81.05339272222216,-0.683015094428354,769.7122285,781.1735767222222
underground_alarm-wildcat_strike,students_drivers,passengers_change_provider,passenger_decisions,0.6755838333333326,0.5924282212985627,4.008620333333332,3.141777555555556
underground_alarm-wildcat_strike,students_drivers,passengers_pickup_reject,passenger_decisions,0.02563950000000001,0.5188600608340885,0.2569165,0.12836083333333334
wildcat_strike,bank_tellers,passengers_acceptance_rate,passenger_decisions,-0.7076235555555557,-6.086273264603381,1.3869063888888888,2.148158888888889
wildcat_strike,bank_tellers,passengers_pickup_reject,passenger_decisions,0.0776849444444444,1.5720905243993522,0.2796943888888889,0.12836083333333334
wildcat_strike,bank_tellers,passengers_reject,passenger_decisions,2.6564443888888887,1.47670660603706,7.562537222222223,4.9192779444444446
wildcat_strike,bank_tellers,drivers_idle_duration_avg,supply,-128.34300061111105,-1.0815118743028602,757.4891065,781.1735767222222
wildcat_strike,bank_tellers,passengers_change_provider,passenger_decisions,0.7493705555555552,0.657132754540397,3.7719075555555555,3.141777555555556
wildcat_strike,bank_tellers_drivers,passengers_acceptance_rate,passenger_decisions,-0.7130659444444449,-6.1330832749965705,1.399961611111111,2.148158888888889
wildcat_strike,bank_tellers_drivers,passengers_pickup_reject,passenger_decisions,0.09875955555555554,1.9985720861757472,0.26133316666666667,0.12836083333333334
wildcat_strike,bank_tellers_drivers,passengers_reject,passenger_decisions,2.984888777777779,1.6592875028240228,7.6249535,4.9192779444444446
wildcat_strike,bank_tellers_drivers,drivers_acceptance_rate,driver_decisions,-0.23600422222222162,-1.1669855730094152,2.119870166666667,2.173982944444444
wildcat_strike,bank_tellers_drivers,passengers_change_provider,passenger_decisions,0.9435558333333334,0.8274163419208773,3.8619818333333336,3.141777555555556
wildcat_strike,drivers,drivers_acceptance_rate,driver_decisions,-0.10954972222222192,-0.541697704205245,2.0868576666666665,2.173982944444444
wildcat_strike,drivers,drivers_occupied_duration_avg,supply,-64.84396305555549,-0.5404271936586743,585.6935675555555,591.2400875555555
wildcat_strike,drivers,drivers_occupied_distance_avg,supply,-525.4249873333329,-0.47253799560869947,5048.315670277777,5108.079767277777
wildcat_strike,drivers,passengers_acceptance_rate,passenger_decisions,-0.053737611111111416,-0.462197425794333,2.1503128333333335,2.148158888888889
wildcat_strike,drivers,drivers_idle_duration_avg,supply,-53.40989644444437,-0.45007080195187477,787.6390765000001,781.1735767222222
wildcat_strike,managers,passengers_acceptance_rate,passenger_decisions,-0.5011626111111114,-4.310501787676719,1.6403299444444441,2.148158888888889
wildcat_strike,managers,drivers_idle_duration_avg,supply,-190.57678199999987,-1.6059391764102466,851.3913032222222,781.1735767222222
wildcat_strike,managers,passengers_pickup_reject,passenger_decisions,0.07180549999999997,1.4531096978576847,0.23563005555555555,0.12836083333333334
wildcat_strike,managers,passengers_reject,passenger_decisions,1.5759258888888894,0.8760507769260845,6.333842722222222,4.9192779444444446
wildcat_strike,managers,rides_offers_price_uber_avg,market,0.4210811666666636,0.6735329062471241,20.66480205555556,20.713286055555557
wildcat_strike,managers_drivers,passengers_acceptance_rate,passenger_decisions,-0.516991666666667,-4.446647563033311,1.6297770000000003,2.148158888888889
wildcat_strike,managers_drivers,passengers_pickup_reject,passenger_decisions,0.08194411111111113,1.6582822003590714,0.22550005555555558,0.12836083333333334
wildcat_strike,managers_drivers,drivers_acceptance_rate,driver_decisions,-0.21423194444444404,-1.0593267615738478,2.1063261666666664,2.173982944444444
wildcat_strike,managers_drivers,passengers_reject,passenger_decisions,1.8113886666666676,1.0069435751621951,6.531962777777778,4.9192779444444446
wildcat_strike,managers_drivers,passengers_change_provider,passenger_decisions,0.784120666666666,0.6876055774525539,3.8844812777777777,3.141777555555556
wildcat_strike,students,passengers_acceptance_rate,passenger_decisions,-0.21558083333333355,-1.8542116807395814,1.9367472777777777,2.148158888888889
wildcat_strike,students,drivers_idle_duration_avg,supply,-133.46085116666666,-1.1246386215378918,668.8839989444444,781.1735767222222
wildcat_strike,students,passengers_pickup_reject,passenger_decisions,0.026639166666666658,0.5390900617108789,0.18488872222222222,0.12836083333333334
wildcat_strike,students,drivers_occupied_duration_avg,supply,-55.900419166666666,-0.4658892706588974,541.9748840555555,591.2400875555555
wildcat_strike,students,passengers_change_provider,passenger_decisions,0.5035371666666668,0.4415582689925997,3.4613053333333337,3.141777555555556
wildcat_strike,students_drivers,passengers_acceptance_rate,passenger_decisions,-0.2278020000000005,-1.959325988144456,1.9377330000000001,2.148158888888889
wildcat_strike,students_drivers,drivers_acceptance_rate,driver_decisions,-0.23009238888888883,-1.137752942571391,2.11337,2.173982944444444
wildcat_strike,students_drivers,drivers_idle_duration_avg,supply,-81.05339272222216,-0.683015094428354,681.0643131666667,781.1735767222222
wildcat_strike,students_drivers,passengers_change_provider,passenger_decisions,0.6755838333333326,0.5924282212985627,3.577147777777778,3.141777555555556
wildcat_strike,students_drivers,passengers_pickup_reject,passenger_decisions,0.02563950000000001,0.5188600608340885,0.17561183333333333,0.12836083333333334
wildcat_strike-boycott_tncs,bank_tellers,passengers_acceptance_rate,passenger_decisions,-0.7076235555555557,-6.086273264603381,1.5164567222222223,2.148158888888889
wildcat_strike-boycott_tncs,bank_tellers,passengers_pickup_reject,passenger_decisions,0.0776849444444444,1.5720905243993522,0.0667225,0.12836083333333334
wildcat_strike-boycott_tncs,bank_tellers,passengers_reject,passenger_decisions,2.6564443888888887,1.47670660603706,3.194167,4.9192779444444446
wildcat_strike-boycott_tncs,bank_tellers,drivers_idle_duration_avg,supply,-128.34300061111105,-1.0815118743028602,791.9969020555556,781.1735767222222
wildcat_strike-boycott_tncs,bank_tellers,passengers_change_provider,passenger_decisions,0.7493705555555552,0.657132754540397,1.7551387222222223,3.141777555555556
wildcat_strike-boycott_tncs,bank_tellers_drivers,passengers_acceptance_rate,passenger_decisions,-0.7130659444444449,-6.1330832749965705,1.464765888888889,2.148158888888889
wildcat_strike-boycott_tncs,bank_tellers_drivers,passengers_pickup_reject,passenger_decisions,0.09875955555555554,1.9985720861757472,0.09077733333333333,0.12836083333333334
wildcat_strike-boycott_tncs,bank_tellers_drivers,passengers_reject,passenger_decisions,2.984888777777779,1.6592875028240228,3.5380461666666667,4.9192779444444446
wildcat_strike-boycott_tncs,bank_tellers_drivers,drivers_acceptance_rate,driver_decisions,-0.23600422222222162,-1.1669855730094152,2.3086689444444444,2.173982944444444
wildcat_strike-boycott_tncs,bank_tellers_drivers,passengers_change_provider,passenger_decisions,0.9435558333333334,0.8274163419208773,1.8963428333333334,3.141777555555556
wildcat_strike-boycott_tncs,drivers,drivers_acceptance_rate,driver_decisions,-0.10954972222222192,-0.541697704205245,2.128372,2.173982944444444
wildcat_strike-boycott_tncs,drivers,drivers_occupied_duration_avg,supply,-64.84396305555549,-0.5404271936586743,673.4332738333334,591.2400875555555
wildcat_strike-boycott_tncs,drivers,drivers_occupied_distance_avg,supply,-525.4249873333329,-0.47253799560869947,5787.731436055556,5108.079767277777
wildcat_strike-boycott_tncs,drivers,passengers_acceptance_rate,passenger_decisions,-0.053737611111111416,-0.462197425794333,2.178474888888889,2.148158888888889
wildcat_strike-boycott_tncs,drivers,drivers_idle_duration_avg,supply,-53.40989644444437,-0.45007080195187477,869.1817177777776,781.1735767222222
wildcat_strike-boycott_tncs,managers,passengers_acceptance_rate,passenger_decisions,-0.5011626111111114,-4.310501787676719,1.7321695,2.148158888888889
wildcat_strike-boycott_tncs,managers,drivers_idle_duration_avg,supply,-190.57678199999987,-1.6059391764102466,799.521165888889,781.1735767222222
wildcat_strike-boycott_tncs,managers,passengers_pickup_reject,passenger_decisions,0.07180549999999997,1.4531096978576847,0.077,0.12836083333333334
wildcat_strike-boycott_tncs,managers,passengers_reject,passenger_decisions,1.5759258888888894,0.8760507769260845,2.8540281666666663,4.9192779444444446
wildcat_strike-boycott_tncs,managers,rides_offers_price_uber_avg,market,0.4210811666666636,0.6735329062471241,20.665877277777778,20.713286055555557
wildcat_strike-boycott_tncs,managers_drivers,passengers_acceptance_rate,passenger_decisions,-0.516991666666667,-4.446647563033311,1.708934333333333,2.148158888888889
wildcat_strike-boycott_tncs,managers_drivers,passengers_pickup_reject,passenger_decisions,0.08194411111111113,1.6582822003590714,0.06605516666666666,0.12836083333333334
wildcat_strike-boycott_tncs,managers_drivers,drivers_acceptance_rate,driver_decisions,-0.21423194444444404,-1.0593267615738478,2.2185023888888886,2.173982944444444
wildcat_strike-boycott_tncs,managers_drivers,passengers_reject,passenger_decisions,1.8113886666666676,1.0069435751621951,3.0829630000000003,4.9192779444444446
wildcat_strike-boycott_tncs,managers_drivers,passengers_change_provider,passenger_decisions,0.784120666666666,0.6876055774525539,1.8427228888888887,3.141777555555556
wildcat_strike-boycott_tncs,students,passengers_acceptance_rate,passenger_decisions,-0.21558083333333355,-1.8542116807395814,2.046736166666667,2.148158888888889
wildcat_strike-boycott_tncs,students,drivers_idle_duration_avg,supply,-133.46085116666666,-1.1246386215378918,722.9447439444443,781.1735767222222
wildcat_strike-boycott_tncs,students,passengers_pickup_reject,passenger_decisions,0.026639166666666658,0.5390900617108789,0.06052766666666667,0.12836083333333334
wildcat_strike-boycott_tncs,students,drivers_occupied_duration_avg,supply,-55.900419166666666,-0.4658892706588974,613.5733702222221,591.2400875555555
wildcat_strike-boycott_tncs,students,passengers_change_provider,passenger_decisions,0.5035371666666668,0.4415582689925997,1.7039815555555555,3.141777555555556
wildcat_strike-boycott_tncs,students_drivers,passengers_acceptance_rate,passenger_decisions,-0.2278020000000005,-1.959325988144456,2.051584111111111,2.148158888888889
wildcat_strike-boycott_tncs,students_drivers,drivers_acceptance_rate,driver_decisions,-0.23009238888888883,-1.137752942571391,2.1764816666666666,2.173982944444444
wildcat_strike-boycott_tncs,students_drivers,drivers_idle_duration_avg,supply,-81.05339272222216,-0.683015094428354,671.3216708333333,781.1735767222222
wildcat_strike-boycott_tncs,students_drivers,passengers_change_provider,passenger_decisions,0.6755838333333326,0.5924282212985627,1.7876662777777779,3.141777555555556
wildcat_strike-boycott_tncs,students_drivers,passengers_pickup_reject,passenger_decisions,0.02563950000000001,0.5188600608340885,0.06358366666666665,0.12836083333333334
wildcat_strike-long_rides,bank_tellers,passengers_acceptance_rate,passenger_decisions,-0.777291861111111,-6.685490662277625,1.1676128055555555,2.0987324444444444
wildcat_strike-long_rides,bank_tellers,passengers_reject,passenger_decisions,2.8326667499999996,1.57466789815847,8.488986305555555,4.786481527777778
wildcat_strike-long_rides,bank_tellers,passengers_pickup_reject,passenger_decisions,0.06862486111111107,1.3887439150857837,0.2934119722222222,0.11379150000000002
wildcat_strike-long_rides,bank_tellers,drivers_idle_duration_avg,supply,-163.21498108333344,-1.3753686548174724,936.1606576388889,998.3249126111112
wildcat_strike-long_rides,bank_tellers,passengers_change_provider,passenger_decisions,0.7819491666666663,0.6857013609525789,4.117828722222222,3.0331248611111112
wildcat_strike-long_rides,bank_tellers_drivers,passengers_acceptance_rate,passenger_decisions,-0.8005881944444444,-6.885862526126388,1.1583984166666665,2.0987324444444444
wildcat_strike-long_rides,bank_tellers_drivers,passengers_rating_avg,passenger_experience,-0.044988472222221354,-2.1346682234864223,4.871353833333333,4.879489861111111
wildcat_strike-long_rides,bank_tellers_drivers,passengers_reject,passenger_decisions,3.419787055555555,1.9010456824549553,8.96733788888889,4.786481527777778
wildcat_strike-long_rides,bank_tellers_drivers,passengers_pickup_reject,passenger_decisions,0.09129188888888884,1.8474508092025075,0.29652316666666667,0.11379150000000002
wildcat_strike-long_rides,bank_tellers_drivers,drivers_acceptance_rate,driver_decisions,-0.23866022222222227,-1.180118870595063,1.8278405833333333,2.1232066666666665
wildcat_strike-long_rides,drivers,passengers_rating_avg,passenger_experience,-0.03880583333333387,-1.841306788401267,4.874198222222223,4.879489861111111
wildcat_strike-long_rides,drivers,drivers_acceptance_rate,driver_decisions,-0.22152569444444437,-1.0953926460863848,1.8208360555555556,2.1232066666666665
wildcat_strike-long_rides,drivers,drivers_removed,supply,0.08054688888888895,0.5300305586355476,0.5199999166666667,0.43158277777777776
wildcat_strike-long_rides,drivers,passengers_acceptance_rate,passenger_decisions,-0.05602027777777785,-0.48183065167589073,1.8563168888888886,2.0987324444444444
wildcat_strike-long_rides,drivers,drivers_pickup_reject,driver_decisions,0.030338138888888866,0.3720508061867832,0.2880925277777778,0.18948133333333333
wildcat_strike-long_rides,managers,passengers_acceptance_rate,passenger_decisions,-0.5559878055555556,-4.782053522429146,1.3891153055555554,2.0987324444444444
wildcat_strike-long_rides,managers,drivers_idle_duration_avg,supply,-194.07722130555555,-1.635436434976813,806.7407080277778,998.3249126111112
wildcat_strike-long_rides,managers,passengers_pickup_reject,passenger_decisions,0.0601115833333333,1.2164628711623349,0.27159713888888887,0.11379150000000002
wildcat_strike-long_rides,managers,passengers_reject,passenger_decisions,1.6623564999999996,0.9240972012839388,7.201958527777777,4.786481527777778
wildcat_strike-long_rides,managers,rides_offers_price_uber_avg,market,0.43471774999999724,0.6953450610781952,26.44143044444444,20.522367444444445
wildcat_strike-long_rides,managers_drivers,passengers_acceptance_rate,passenger_decisions,-0.5787444444444443,-4.977783472024927,1.3711008333333332,2.0987324444444444
wildcat_strike-long_rides,managers_drivers,passengers_pickup_reject,passenger_decisions,0.0783052777777778,1.5846440527860515,0.25960222222222223,0.11379150000000002
wildcat_strike-long_rides,managers_drivers,passengers_rating_avg,passenger_experience,-0.028985111111111017,-1.37532111198367,4.876717,4.879489861111111
wildcat_strike-long_rides,managers_drivers,drivers_acceptance_rate,driver_decisions,-0.2570144999999999,-1.270876473014165,1.8137239166666665,2.1232066666666665
wildcat_strike-long_rides,managers_drivers,passengers_reject,passenger_decisions,2.129643305555555,1.1838600314655519,7.43729675,4.786481527777778
wildcat_strike-long_rides,students,passengers_acceptance_rate,passenger_decisions,-0.22420844444444432,-1.9284178012547795,1.7089685,2.0987324444444444
wildcat_strike-long_rides,students,drivers_idle_duration_avg,supply,-89.48062883333353,-0.7540291417727617,1016.156108138889,998.3249126111112
wildcat_strike-long_rides,students,passengers_pickup_reject,passenger_decisions,0.02283325,0.4620706910836774,0.20940274999999997,0.11379150000000002
wildcat_strike-long_rides,students,passengers_change_provider,passenger_decisions,0.47144450000000004,0.41341579356323244,3.693231388888889,3.0331248611111112
wildcat_strike-long_rides,students,passengers_reject,passenger_decisions,0.5884351666666667,0.32710871022774896,5.775245444444444,4.786481527777778
wildcat_strike-long_rides,students_drivers,passengers_acceptance_rate,passenger_decisions,-0.2518674166666668,-2.166312741072542,1.7097610277777777,2.0987324444444444
wildcat_strike-long_rides,students_drivers,passengers_rating_avg,passenger_experience,-0.039926777777777644,-1.8944947356164616,4.884644333333333,4.879489861111111
wildcat_strike-long_rides,students_drivers,drivers_acceptance_rate,driver_decisions,-0.25260355555555525,-1.2490653864092565,1.8611394444444442,2.1232066666666665
wildcat_strike-long_rides,students_drivers,drivers_idle_duration_avg,supply,-143.33811036111115,-1.2078716225858197,861.9496382222223,998.3249126111112
wildcat_strike-long_rides,students_drivers,passengers_change_provider,passenger_decisions,0.7243521944444451,0.6351938293595939,3.7497961944444445,3.0331248611111112
