scenario,personality,metric,pre,during,post,reaction,did_vs_baseline
boycott_tncs,bank_tellers_drivers,rides_not_served,0.3727868888888889,0.15294472222222225,0.17390755555555554,-0.21984216666666664,-0.012545055555555518
boycott_tncs,bank_tellers_drivers,passengers_cancel,0.04130483333333333,0.030805999999999997,0.029222166666666667,-0.010498833333333336,0.0020284999999999956
boycott_tncs,bank_tellers_drivers,passengers_new,2.966768555555556,1.2816201666666664,2.242333611111111,-1.6851483888888894,-0.00016661111111182514
boycott_tncs,bank_tellers_drivers,failed_requests,0.13950874160751606,0.12593134162276237,0.08879382432386107,-0.013577399984753685,0.0024163821313164247
boycott_tncs,drivers,rides_not_served,0.3779817222222222,0.16566644444444445,0.16636133333333333,-0.21231527777777776,-0.005018166666666629
boycott_tncs,drivers,passengers_cancel,0.03966683333333333,0.0336385,0.031361,-0.00602833333333333,0.006499000000000001
boycott_tncs,drivers,passengers_new,2.967046444444444,1.2824348888888892,2.2413057222222226,-1.684611555555555,0.0003702222222226048
boycott_tncs,drivers,failed_requests,0.14083784990156742,0.13716134278451025,0.08698141902875024,-0.003676507117057165,0.012317274999012945
boycott_tncs,managers_drivers,rides_not_served,0.3717500555555555,0.18190761111111112,0.1735092777777778,-0.1898424444444444,0.01745466666666673
boycott_tncs,managers_drivers,passengers_cancel,0.04027783333333333,0.0378335,0.03716699999999999,-0.002444333333333333,0.010082999999999998
boycott_tncs,managers_drivers,passengers_new,2.967787166666667,1.2819353333333332,2.240074,-1.6858518333333339,-0.0008700555555563039
boycott_tncs,managers_drivers,failed_requests,0.13873773123122796,0.15510640559494404,0.09289071422468546,0.016368674363716085,0.032362456479786195
boycott_tncs,students_drivers,rides_not_served,0.3612874444444445,0.14885227777777776,0.14413861111111115,-0.21243516666666673,-0.005138055555555604
boycott_tncs,students_drivers,passengers_cancel,0.03816616666666666,0.03302733333333334,0.030277833333333327,-0.005138833333333322,0.00738850000000001
boycott_tncs,students_drivers,passengers_new,2.9657685000000003,1.2818981111111112,2.242509222222222,-1.683870388888889,0.0011113888888885093
boycott_tncs,students_drivers,failed_requests,0.13456657495798205,0.12258474582004965,0.07575465455966066,-0.011981829137932401,0.004011952978137709
boycott_tncs,bank_tellers,rides_not_served,0.35937027777777786,0.16529633333333335,0.1401022222222222,-0.1940739444444445,0.01322316666666662
boycott_tncs,bank_tellers,passengers_cancel,0.04263883333333333,0.027139,0.016694500000000004,-0.015499833333333327,-0.002972499999999996
boycott_tncs,bank_tellers,passengers_new,2.9663799444444447,1.2820000555555553,2.242925888888889,-1.6843798888888895,0.0006018888888881246
boycott_tncs,bank_tellers,failed_requests,0.1354323814050962,0.1325576162280247,0.06876297016610128,-0.0028747651770714977,0.013119016938998612
boycott_tncs,baseline,rides_not_served,0.34799111111111114,0.140694,0.11808400000000001,-0.20729711111111113,0.0
boycott_tncs,baseline,passengers_cancel,0.041527333333333326,0.028999999999999995,0.015222666666666673,-0.012527333333333331,0.0
boycott_tncs,baseline,passengers_new,2.968037111111111,1.2830553333333332,2.2413242777777778,-1.6849817777777776,0.0
boycott_tncs,baseline,failed_requests,0.13115997991150105,0.11516619779543094,0.058318692078296326,-0.01599378211607011,0.0
boycott_tncs,managers,rides_not_served,0.3706204444444445,0.15913888888888886,0.1390835,-0.21148155555555562,-0.004184444444444491
boycott_tncs,managers,passengers_cancel,0.040722166666666657,0.028722499999999998,0.013332666666666666,-0.011999666666666658,0.0005276666666666728
boycott_tncs,managers,passengers_new,2.9656663888888892,1.281963222222222,2.241759666666667,-1.6837031666666673,0.0012786111111102727
boycott_tncs,managers,failed_requests,0.13858557267242988,0.12979481871965382,0.06679229268639049,-0.008790753952776065,0.007203028163294045
boycott_tncs,students,rides_not_served,0.3648707777777778,0.16942566666666667,0.12097233333333332,-0.19544511111111115,0.011851999999999974
boycott_tncs,students,passengers_cancel,0.0488055,0.0328055,0.017972500000000002,-0.016,-0.003472666666666669
boycott_tncs,students,passengers_new,2.967027833333333,1.2827497777777777,2.242796111111111,-1.6842780555555552,0.0007037222222223694
boycott_tncs,students,failed_requests,0.13934825504999965,0.13861245268672318,0.0606696844657752,-0.0007358023632764721,0.015257979752793638
boycott_tncs-long_rides,bank_tellers_drivers,rides_not_served,0.3607500555555555,0.21387519444444444,0.3504723888888889,-0.14687486111111106,0.025898222222222322
boycott_tncs-long_rides,bank_tellers_drivers,passengers_cancel,0.046277833333333324,0.042805333333333334,0.08936133333333333,-0.0034724999999999895,0.006403000000000009
boycott_tncs-long_rides,bank_tellers_drivers,passengers_new,2.961740444444444,1.760736,2.099369777777778,-1.201004444444444,0.00153288888888925
boycott_tncs-long_rides,bank_tellers_drivers,failed_requests,0.13766308690987522,0.1360931167984383,0.20935997031852116,-0.0015699701114369191,0.01857048552800833
boycott_tncs-long_rides,drivers,rides_not_served,0.3657312222222222,0.18620377777777777,0.3409722777777778,-0.17952744444444443,-0.006754361111111051
boycott_tncs-long_rides,drivers,passengers_cancel,0.03536183333333333,0.04113883333333333,0.08666683333333335,0.005777000000000004,0.015652500000000003
boycott_tncs-long_rides,drivers,passengers_new,2.961315,1.7607639444444443,2.0993702222222224,-1.2005510555555556,0.001986277777777712
boycott_tncs-long_rides,drivers,failed_requests,0.13570859405912156,0.11924370350026711,0.2037135897407803,-0.016464890558854445,0.0036755650805908036
boycott_tncs-long_rides,managers_drivers,rides_not_served,0.3775553333333333,0.21649063888888892,0.3452596111111111,-0.16106469444444438,0.011708388888889004
boycott_tncs-long_rides,managers_drivers,passengers_cancel,0.03877799999999999,0.04162491666666667,0.08341683333333333,0.002846916666666678,0.012722416666666677
boycott_tncs-long_rides,managers_drivers,passengers_new,2.961583333333333,1.760116,2.098741,-1.201467333333333,0.0010700000000003485
boycott_tncs-long_rides,managers_drivers,failed_requests,0.14057293399252496,0.13724648098881367,0.20421182218005712,-0.0033264530037112883,0.01681400263573396
boycott_tncs-long_rides,students_drivers,rides_not_served,0.3587872222222223,0.1985368611111111,0.3537963333333333,-0.1602503611111112,0.012522722222222171
boycott_tncs-long_rides,students_drivers,passengers_cancel,0.042416833333333334,0.04016633333333333,0.08544383333333333,-0.0022505000000000025,0.007624999999999996
boycott_tncs-long_rides,students_drivers,passengers_new,2.961323944444444,1.7606528333333333,2.098009166666667,-1.2006711111111108,0.0018662222222225466
boycott_tncs-long_rides,students_drivers,failed_requests,0.13549598008420327,0.12739088310686103,0.20942130742379683,-0.008105096977342241,0.012035358662103007
boycott_tncs-long_rides,bank_tellers,rides_not_served,0.3771944444444445,0.22618505555555554,0.3136665,-0.15100938888888896,0.021763694444444426
boycott_tncs-long_rides,bank_tellers,passengers_cancel,0.04272249999999999,0.029875166666666668,0.05316633333333333,-0.012847333333333322,-0.002971833333333323
boycott_tncs-long_rides,bank_tellers,passengers_new,2.9622313333333326,1.7602129166666667,2.0983054444444442,-1.2020184166666659,0.0005189166666674794
boycott_tncs-long_rides,bank_tellers,failed_requests,0.1417838573970285,0.1371578893010752,0.17459562123347508,-0.004625968095953309,0.01551448754349194
boycott_tncs-long_rides,baseline,rides_not_served,0.35074983333333337,0.17797675,0.29591649999999997,-0.17277308333333338,0.0
boycott_tncs-long_rides,baseline,passengers_cancel,0.036278,0.0264025,0.055944,-0.009875499999999999,0.0
boycott_tncs-long_rides,baseline,passengers_new,2.962490888888889,1.7599535555555557,2.097240888888889,-1.2025373333333333,0.0
boycott_tncs-long_rides,baseline,failed_requests,0.13079271458860575,0.1106522589491605,0.167867900477701,-0.02014045563944525,0.0
boycott_tncs-long_rides,managers,rides_not_served,0.37173161111111114,0.21297663888888888,0.3066207222222222,-0.15875497222222226,0.01401811111111112
boycott_tncs-long_rides,managers,passengers_cancel,0.04386049999999999,0.029999916666666668,0.0579725,-0.013860583333333322,-0.003985083333333323
boycott_tncs-long_rides,managers,passengers_new,2.9600927222222215,1.7595834166666666,2.0963796111111113,-1.200509305555555,0.0020280277777784406
boycott_tncs-long_rides,managers,failed_requests,0.14040541270202425,0.1289168780830169,0.17382890676188162,-0.01148853461900734,0.008651921020437908
boycott_tncs-long_rides,students,rides_not_served,0.3683795,0.19705544444444445,0.3179443888888889,-0.17132405555555558,0.001449027777777806
boycott_tncs-long_rides,students,passengers_cancel,0.040583499999999995,0.03225025,0.054250333333333345,-0.008333249999999993,0.0015422500000000054
boycott_tncs-long_rides,students,passengers_new,2.9605091111111115,1.7603425,2.0975837222222222,-1.2001666111111116,0.0023707222222217883
boycott_tncs-long_rides,students,failed_requests,0.13811204101006097,0.12523737375376232,0.17756657656504302,-0.012874667256298655,0.007265788383146593
flash_mob,bank_tellers_drivers,rides_not_served,0.3534537222222222,0.6509443333333333,0.6107965555555556,0.29749061111111114,0.12373200000000001
flash_mob,bank_tellers_drivers,passengers_cancel,0.05236083333333333,0.06038933333333334,0.09080583333333334,0.008028500000000015,-0.008915999999999993
flash_mob,bank_tellers_drivers,passengers_new,2.9664908888888895,2.806981111111111,2.661175888888889,-0.15950977777777853,0.0034065555555553573
flash_mob,bank_tellers_drivers,failed_requests,0.1369435552967067,0.25374831554247906,0.26484763151787205,0.11680476024577235,0.04044933932141981
flash_mob,drivers,rides_not_served,0.36777711111111105,0.6014063333333334,0.5418702777777779,0.23362922222222232,0.059870611111111194
flash_mob,drivers,passengers_cancel,0.043972000000000004,0.06461066666666666,0.10238933333333336,0.02063866666666666,0.003694166666666651
flash_mob,drivers,passengers_new,2.968101777777777,2.806518111111111,2.6571757222222225,-0.16158366666666613,0.001332666666667759
flash_mob,drivers,failed_requests,0.13857309091385112,0.23746177701998633,0.24216976313753485,0.09888868610613522,0.02253326518178267
flash_mob,managers_drivers,rides_not_served,0.3752036666666667,0.5838519999999999,0.5852226111111111,0.2086483333333332,0.034889722222222086
flash_mob,managers_drivers,passengers_cancel,0.04433383333333333,0.063556,0.10222250000000001,0.019222166666666672,0.002277666666666664
flash_mob,managers_drivers,passengers_new,2.9652033888888885,2.805555222222222,2.6586292777777776,-0.15964816666666648,0.0032681666666674047
flash_mob,managers_drivers,failed_requests,0.1413019918273302,0.2309627240353078,0.25828023362040115,0.0896607322079776,0.013305311283625054
flash_mob,students_drivers,rides_not_served,0.358870388888889,0.5743515555555555,0.5393701666666666,0.2154811666666665,0.041722555555555374
flash_mob,students_drivers,passengers_cancel,0.041777499999999995,0.05666633333333333,0.09816699999999999,0.014888833333333337,-0.002055666666666671
flash_mob,students_drivers,passengers_new,2.967879833333334,2.8051665555555556,2.6588056111111107,-0.16271327777777822,0.00020305555555566457
flash_mob,students_drivers,failed_requests,0.13502101640889883,0.2251622135071494,0.23925381281144856,0.09014119709825058,0.013785776173898034
flash_mob,bank_tellers,rides_not_served,0.35890744444444445,0.6128891111111111,0.599639,0.25398166666666666,0.08022305555555553
flash_mob,bank_tellers,passengers_cancel,0.04097233333333334,0.057944333333333334,0.06088883333333334,0.016971999999999994,2.749999999998587e-05
flash_mob,bank_tellers,passengers_new,2.9681387777777775,2.8051296666666667,2.658583111111111,-0.16300911111111072,-9.277777777683127e-05
flash_mob,bank_tellers,failed_requests,0.1346348778124188,0.2394442881949729,0.24746366133535966,0.10480941038255409,0.028453989458201545
flash_mob,baseline,rides_not_served,0.37353761111111117,0.5472962222222223,0.5810281111111111,0.17375861111111113,0.0
flash_mob,baseline,passengers_cancel,0.04166649999999999,0.058610999999999996,0.0747775,0.016944500000000008,0.0
flash_mob,baseline,passengers_new,2.9670647777777783,2.8041484444444444,2.6548518333333333,-0.16291633333333388,0.0
flash_mob,baseline,failed_requests,0.13991405714594055,0.2162694780702931,0.24788443600483262,0.07635542092435255,0.0
flash_mob,managers,rides_not_served,0.3549628888888889,0.5863515555555556,0.5800188888888889,0.23138866666666674,0.057630055555555615
flash_mob,managers,passengers_cancel,0.04816599999999999,0.054055000000000006,0.07266716666666667,0.005889000000000019,-0.011055499999999989
flash_mob,managers,passengers_new,2.9674814444444437,2.805685222222222,2.659083388888889,-0.16179622222222179,0.0011201111111120987
flash_mob,managers,failed_requests,0.13605015971023648,0.2284754674904993,0.24476938644671872,0.09242530778026281,0.016069886855910265
flash_mob,students,rides_not_served,0.3759258888888888,0.5660928888888889,0.6021853333333334,0.19016700000000009,0.01640838888888896
flash_mob,students,passengers_cancel,0.034306166666666665,0.054832666666666655,0.0746945,0.02052649999999999,0.003581999999999981
flash_mob,students,passengers_new,2.9675371666666663,2.8059441111111108,2.6526387777777773,-0.1615930555555556,0.0013232777777782978
flash_mob,students,failed_requests,0.13805325627824527,0.22152168260198327,0.25524649729895543,0.083468426323738,0.007113005399385447
flash_mob-boycott_tncs,bank_tellers_drivers,rides_not_served,0.35681511111111114,0.2958056666666667,0.22541711111111112,-0.06100944444444445,0.03386094444444454
flash_mob-boycott_tncs,bank_tellers_drivers,passengers_cancel,0.04336116666666667,0.0504165,0.03669466666666666,0.00705533333333333,0.011332666666666665
flash_mob-boycott_tncs,bank_tellers_drivers,passengers_new,2.962750111111111,1.2937405555555554,2.221990777777778,-1.6690095555555557,-0.0035653333333343085
flash_mob-boycott_tncs,bank_tellers_drivers,failed_requests,0.13508656290268842,0.25326853482577527,0.11592205213766305,0.11818197192308685,0.032809629444876004
flash_mob-boycott_tncs,drivers,rides_not_served,0.3667405555555556,0.28213933333333335,0.18697272222222222,-0.08460122222222227,0.010269166666666718
flash_mob-boycott_tncs,drivers,passengers_cancel,0.04416666666666667,0.050193999999999996,0.0314715,0.006027333333333329,0.010304666666666663
flash_mob-boycott_tncs,drivers,passengers_new,2.962101777777778,1.2946848888888889,2.2235647222222226,-1.667416888888889,-0.0019726666666675108
flash_mob-boycott_tncs,drivers,failed_requests,0.13885301139055703,0.24119014305982078,0.096653018688487,0.10233713166926375,0.016964789191052904
flash_mob-boycott_tncs,managers_drivers,rides_not_served,0.36104622222222216,0.30415688888888887,0.20557444444444445,-0.05688933333333329,0.0379810555555557
flash_mob-boycott_tncs,managers_drivers,passengers_cancel,0.041360999999999995,0.05469416666666667,0.033388833333333326,0.013333166666666674,0.017610500000000008
flash_mob-boycott_tncs,managers_drivers,passengers_new,2.9605740555555555,1.2944258888888889,2.224185388888889,-1.6661481666666667,-0.0007039444444452148
flash_mob-boycott_tncs,managers_drivers,failed_requests,0.13619891765090536,0.2623709949806378,0.1063020124298379,0.12617207732973246,0.04079973485152161
flash_mob-boycott_tncs,students_drivers,rides_not_served,0.36348222222222215,0.25384338888888885,0.17852711111111108,-0.1096388333333333,-0.014768444444444306
flash_mob-boycott_tncs,students_drivers,passengers_cancel,0.05063899999999999,0.04841633333333333,0.03952750000000001,-0.0022226666666666575,0.002054666666666677
flash_mob-boycott_tncs,students_drivers,passengers_new,2.962638944444445,1.2955091666666667,2.2238795000000002,-1.6671297777777783,-0.001685555555556828
flash_mob-boycott_tncs,students_drivers,failed_requests,0.13979973165349258,0.21815793253010524,0.09682697800902318,0.07835820087661266,-0.0070141416015981894
flash_mob-boycott_tncs,bank_tellers,rides_not_served,0.3811761666666666,0.28981500000000004,0.1791666111111111,-0.09136116666666655,0.003509222222222441
flash_mob-boycott_tncs,bank_tellers,passengers_cancel,0.04263933333333334,0.038917,0.022361500000000003,-0.0037223333333333414,0.000554999999999993
flash_mob-boycott_tncs,bank_tellers,passengers_new,2.9601856666666664,1.2962222777777777,2.224963166666667,-1.6639633888888887,0.0014808333333327095
flash_mob-boycott_tncs,bank_tellers,failed_requests,0.143168916371668,0.23696832523934544,0.08932532170446612,0.09379940886767743,0.008427066389466581
flash_mob-boycott_tncs,baseline,rides_not_served,0.366583388888889,0.271713,0.18322255555555556,-0.09487038888888899,0.0
flash_mob-boycott_tncs,baseline,passengers_cancel,0.039972,0.035694666666666666,0.0189445,-0.004277333333333334,0.0
flash_mob-boycott_tncs,baseline,passengers_new,2.9608422777777768,1.2953980555555553,2.2244629999999996,-1.6654442222222214,0.0
flash_mob-boycott_tncs,baseline,failed_requests,0.13741540356845994,0.2227877460466708,0.08979037531874666,0.08537234247821085,0.0
flash_mob-boycott_tncs,managers,rides_not_served,0.35912983333333326,0.3117317777777778,0.2115277777777778,-0.047398055555555485,0.047472333333333505
flash_mob-boycott_tncs,managers,passengers_cancel,0.03858366666666667,0.04577733333333333,0.024667333333333336,0.007193666666666661,0.011470999999999995
flash_mob-boycott_tncs,managers,passengers_new,2.9640555,1.2947684444444445,2.223861277777778,-1.6692870555555557,-0.003842833333334239
flash_mob-boycott_tncs,managers,failed_requests,0.13399611974842307,0.2612264372243235,0.10516021227305943,0.1272303174759004,0.04185797499768956
flash_mob-boycott_tncs,students,rides_not_served,0.3499442222222222,0.27949966666666665,0.1590556666666667,-0.07044455555555557,0.024425833333333424
flash_mob-boycott_tncs,students,passengers_cancel,0.03880533333333334,0.034138833333333334,0.017750000000000002,-0.004666500000000004,-0.0003891666666666696
flash_mob-boycott_tncs,students,passengers_new,2.9596665555555552,1.2934257777777778,2.224092833333333,-1.6662407777777775,-0.0007965555555560222
flash_mob-boycott_tncs,students,failed_requests,0.13142991538131465,0.22556475207230292,0.07845924073958058,0.09413483669098827,0.008762494212777416
flash_mob-long_rides,bank_tellers_drivers,rides_not_served,0.3711946666666667,0.6123565833333333,0.3633519444444444,0.24116191666666664,0.04591130555555539
flash_mob-long_rides,bank_tellers_drivers,passengers_cancel,0.04227733333333333,0.1155835,0.09724999999999999,0.07330616666666667,0.03387575000000001
flash_mob-long_rides,bank_tellers_drivers,passengers_new,2.9596574444444443,2.60875925,2.096036888888889,-0.3508981944444445,0.0034951111111105604
flash_mob-long_rides,bank_tellers_drivers,failed_requests,0.13979968838355702,0.2813204730519594,0.21953556674177285,0.14152078466840237,0.03142204581292227
flash_mob-long_rides,drivers,rides_not_served,0.35060238888888895,0.5622594166666667,0.38055488888888883,0.21165702777777773,0.01640641666666648
flash_mob-long_rides,drivers,passengers_cancel,0.04536133333333332,0.12365241666666667,0.11136100000000002,0.07829108333333334,0.03886066666666668
flash_mob-long_rides,drivers,passengers_new,2.963222,2.6076436666666667,2.098259388888889,-0.35557833333333333,-0.0011850277777782914
flash_mob-long_rides,drivers,failed_requests,0.13372328272741152,0.26658258279250635,0.23420944356398785,0.13285930006509483,0.022760561209614727
flash_mob-long_rides,managers_drivers,rides_not_served,0.3943148888888888,0.6319535833333334,0.385666,0.23763869444444458,0.042388083333333326
flash_mob-long_rides,managers_drivers,passengers_cancel,0.04216600000000001,0.12429216666666666,0.100972,0.08212616666666665,0.04269574999999999
flash_mob-long_rides,managers_drivers,passengers_new,2.960528,2.607180555555556,2.0966668333333334,-0.3533474444444442,0.001045861111110824
flash_mob-long_rides,managers_drivers,failed_requests,0.14746213558512147,0.29305880982288524,0.2316181145761315,0.14559667423776376,0.03549793538228366
flash_mob-long_rides,students_drivers,rides_not_served,0.3573522777777777,0.5827035555555555,0.40093505555555553,0.2253512777777778,0.030100666666666553
flash_mob-long_rides,students_drivers,passengers_cancel,0.04319483333333333,0.128889,0.10674950000000002,0.08569416666666668,0.04626375000000002
flash_mob-long_rides,students_drivers,passengers_new,2.9625925555555557,2.6088657499999997,2.098675888888889,-0.353726805555556,0.0006664999999990151
flash_mob-long_rides,students_drivers,failed_requests,0.13530275253355645,0.27667921961870073,0.24192679639795217,0.1413764670851443,0.03127772822966418
flash_mob-long_rides,bank_tellers,rides_not_served,0.3616667222222222,0.6376251111111111,0.35771311111111104,0.2759583888888889,0.08070777777777766
flash_mob-long_rides,bank_tellers,passengers_cancel,0.03983333333333333,0.08648608333333335,0.08030550000000002,0.04665275000000002,0.007222333333333358
flash_mob-long_rides,bank_tellers,passengers_new,2.9616759999999998,2.607500027777778,2.097194277777778,-0.35417597222222197,0.0002173333333330696
flash_mob-long_rides,bank_tellers,failed_requests,0.13584784379656678,0.28003102013506737,0.20841789187634266,0.14418317633850058,0.03408443748302048
flash_mob-long_rides,baseline,rides_not_served,0.3566199444444444,0.5518705555555556,0.3482596111111111,0.19525061111111125,0.0
flash_mob-long_rides,baseline,passengers_cancel,0.041305499999999995,0.08073591666666666,0.07605600000000001,0.03943041666666666,0.0
flash_mob-long_rides,baseline,passengers_new,2.963360944444444,2.608967638888889,2.099647888888889,-0.35439330555555504,0.0
flash_mob-long_rides,baseline,failed_requests,0.13451397000797755,0.24461270886345765,0.20178093312880768,0.1100987388554801,0.0
flash_mob-long_rides,managers,rides_not_served,0.3528709444444444,0.6079952222222222,0.3443241666666666,0.25512427777777785,0.0598736666666666
flash_mob-long_rides,managers,passengers_cancel,0.04158350000000001,0.07545833333333334,0.06794466666666668,0.033874833333333326,-0.005555583333333336
flash_mob-long_rides,managers,passengers_new,2.962703888888889,2.607597138888889,2.0975556666666666,-0.35510675,-0.0007134444444449883
flash_mob-long_rides,managers,failed_requests,0.13342321909204571,0.2628420753582941,0.1963328078042727,0.1294188562662484,0.019320117410768306
flash_mob-long_rides,students,rides_not_served,0.37778772222222223,0.5614258055555555,0.31862016666666665,0.1836380833333333,-0.011612527777777937
flash_mob-long_rides,students,passengers_cancel,0.044639333333333316,0.08508341666666666,0.06630583333333334,0.040444083333333346,0.0010136666666666835
flash_mob-long_rides,students,passengers_new,2.9622681111111104,2.6084724722222226,2.0978237777777777,-0.3537956388888879,0.0005976666666671626
flash_mob-long_rides,students,failed_requests,0.14266445707395523,0.2496753605787861,0.18353518230024532,0.10701090350483086,-0.003087835350649243
flash_mob-wildcat_strike,bank_tellers_drivers,rides_not_served,0.34325927777777776,0.6942037222222223,0.5206575555555557,0.3509444444444445,0.06671361111111102
flash_mob-wildcat_strike,bank_tellers_drivers,passengers_cancel,0.040277999999999994,0.07336133333333333,0.08975033333333332,0.03308333333333334,-0.007694333333333331
flash_mob-wildcat_strike,bank_tellers_drivers,passengers_new,2.956490611111111,2.831944722222222,2.3825740555555557,-0.12454588888888907,-0.0008417222222227849
flash_mob-wildcat_strike,bank_tellers_drivers,failed_requests,0.12941831821548483,0.27194310033319924,0.255385415320629,0.1425247821177144,0.021161550902628307
flash_mob-wildcat_strike,drivers,rides_not_served,0.34375938888888885,0.6122129444444445,0.43780594444444443,0.26845355555555567,-0.01577727777777782
flash_mob-wildcat_strike,drivers,passengers_cancel,0.03886116666666667,0.08436133333333333,0.09691733333333333,0.04550016666666666,0.004722499999999991
flash_mob-wildcat_strike,drivers,passengers_new,2.956111277777778,2.8328521666666666,2.3811016666666664,-0.12325911111111143,0.0004450555555548519
flash_mob-wildcat_strike,drivers,failed_requests,0.12940254302684243,0.24676416059824088,0.22395116844104573,0.11736161757139846,-0.004001613643687646
flash_mob-wildcat_strike,managers_drivers,rides_not_served,0.35506466666666664,0.6337594444444444,0.4815461666666667,0.2786947777777778,-0.005536055555555697
flash_mob-wildcat_strike,managers_drivers,passengers_cancel,0.038499999999999986,0.06380516666666666,0.08827766666666667,0.025305166666666677,-0.015472499999999993
flash_mob-wildcat_strike,managers_drivers,passengers_new,2.9555001111111108,2.832601611111111,2.3762220000000003,-0.1228984999999998,0.0008056666666664825
flash_mob-wildcat_strike,managers_drivers,failed_requests,0.13267945897583427,0.2469185210659658,0.23941539667340112,0.11423906209013152,-0.007124169124954588
flash_mob-wildcat_strike,students_drivers,rides_not_served,0.3522131666666667,0.6400000000000001,0.46603705555555563,0.28778683333333344,0.003555999999999948
flash_mob-wildcat_strike,students_drivers,passengers_cancel,0.0385,0.07352766666666667,0.09247166666666666,0.03502766666666667,-0.005749999999999998
flash_mob-wildcat_strike,students_drivers,passengers_new,2.956305555555556,2.832722,2.3815464444444445,-0.12358355555555622,0.00012061111111005829
flash_mob-wildcat_strike,students_drivers,failed_requests,0.132052130758007,0.25269689546028334,0.23369337708888915,0.12064476470227634,-0.0007184665128097678
flash_mob-wildcat_strike,bank_tellers,rides_not_served,0.35572233333333336,0.6941944444444444,0.4949906666666667,0.3384721111111111,0.0542412777777776
flash_mob-wildcat_strike,bank_tellers,passengers_cancel,0.04272216666666666,0.051417000000000004,0.07425050000000001,0.008694833333333346,-0.032082833333333324
flash_mob-wildcat_strike,bank_tellers,passengers_new,2.955222111111112,2.8328796111111108,2.3808241666666663,-0.12234250000000113,0.0013616666666651511
flash_mob-wildcat_strike,bank_tellers,failed_requests,0.13451798508360496,0.26394637737105914,0.23867441557216687,0.12942839228745417,0.008065161072368071
flash_mob-wildcat_strike,baseline,rides_not_served,0.35250038888888885,0.6367312222222223,0.43265783333333335,0.2842308333333335,0.0
flash_mob-wildcat_strike,baseline,passengers_cancel,0.04344466666666666,0.08422233333333333,0.0815,0.04077766666666667,0.0
flash_mob-wildcat_strike,baseline,passengers_new,2.956611222222222,2.8329070555555558,2.383287111111111,-0.12370416666666628,0.0
flash_mob-wildcat_strike,baseline,failed_requests,0.13383382246689154,0.25519705368197765,0.2148423139412003,0.1213632312150861,0.0
flash_mob-wildcat_strike,managers,rides_not_served,0.35435194444444446,0.630018611111111,0.47559222222222225,0.27566666666666656,-0.008564166666666928
flash_mob-wildcat_strike,managers,passengers_cancel,0.04375,0.07013833333333333,0.06611116666666665,0.026388333333333333,-0.014389333333333337
flash_mob-wildcat_strike,managers,passengers_new,2.952315,2.834713222222222,2.382064555555556,-0.1176017777777778,0.006102388888888477
flash_mob-wildcat_strike,managers,failed_requests,0.13452921595040074,0.2476615701773901,0.22597244838765274,0.11313235422698936,-0.008230876988096741
flash_mob-wildcat_strike,students,rides_not_served,0.3587316666666667,0.6205180555555556,0.5068427222222223,0.2617863888888889,-0.0224444444444446
flash_mob-wildcat_strike,students,passengers_cancel,0.04566633333333334,0.07200000000000001,0.07741666666666668,0.026333666666666672,-0.014443999999999999
flash_mob-wildcat_strike,students,passengers_new,2.9505280000000003,2.8314719444444445,2.3800646666666667,-0.11905605555555576,0.00464811111111052
flash_mob-wildcat_strike,students,failed_requests,0.13672607899322278,0.2451605039056142,0.24507749083513725,0.10843442491239141,-0.01292880630269469
long_rides,bank_tellers_drivers,rides_not_served,0.3786762777777778,0.5009304444444445,0.405926,0.12225416666666666,0.10740652777777776
long_rides,bank_tellers_drivers,passengers_cancel,0.04013916666666667,0.10194416666666667,0.10202766666666664,0.061805,0.035345999999999975
long_rides,bank_tellers_drivers,passengers_new,2.967398055555556,2.6107916388888888,2.0764167777777778,-0.35660641666666715,0.0023891666666662204
long_rides,bank_tellers_drivers,failed_requests,0.1407896283472803,0.2355477103023211,0.2446679990675797,0.09475808195504082,0.055735870323946335
long_rides,drivers,rides_not_served,0.3748245,0.45160680555555566,0.3752126666666666,0.07678230555555565,0.06193466666666675
long_rides,drivers,passengers_cancel,0.04186066666666666,0.10749991666666667,0.10424983333333332,0.06563925000000001,0.039180249999999986
long_rides,drivers,passengers_new,2.9671019444444444,2.6109629444444447,2.076120388888889,-0.35613899999999976,0.0028565833333336066
long_rides,drivers,failed_requests,0.14035399679187896,0.21756882325154991,0.23104878268996745,0.07721482645967095,0.03819261482857647
long_rides,managers_drivers,rides_not_served,0.3567681666666666,0.47987958333333325,0.3724075,0.12311141666666664,0.10826377777777774
long_rides,managers_drivers,passengers_cancel,0.04297216666666667,0.08987491666666667,0.10283383333333332,0.04690274999999999,0.02044374999999997
long_rides,managers_drivers,passengers_new,2.967148055555555,2.6112733333333336,2.0765833333333337,-0.3558747222222216,0.0031208611111117612
long_rides,managers_drivers,failed_requests,0.13443672311877378,0.22213376209171218,0.22886425195230103,0.0876970389729384,0.04867482734184392
long_rides,students_drivers,rides_not_served,0.36926850000000006,0.4656295277777778,0.3775092777777778,0.09636102777777772,0.08151338888888882
long_rides,students_drivers,passengers_cancel,0.04075,0.09858325,0.10344416666666666,0.057833249999999996,0.03137424999999997
long_rides,students_drivers,passengers_new,2.9654534444444445,2.6090879166666663,2.075999944444445,-0.3563655277777782,0.0026300555555551774
long_rides,students_drivers,failed_requests,0.13828147094477583,0.21909304486173678,0.2317462064564765,0.08081157391696095,0.041789362285866466
long_rides,bank_tellers,rides_not_served,0.36895355555555553,0.4804903888888889,0.3332038888888889,0.11153683333333336,0.09668919444444446
long_rides,bank_tellers,passengers_cancel,0.03577733333333333,0.06552783333333333,0.061889,0.0297505,0.003291499999999975
long_rides,bank_tellers,passengers_new,2.9674536666666667,2.6112083333333334,2.0761300000000005,-0.3562453333333333,0.002750250000000065
long_rides,bank_tellers,failed_requests,0.13630702689333868,0.21183670234826713,0.1900575836050625,0.07552967545492845,0.03650746382383396
long_rides,baseline,rides_not_served,0.38380488888888886,0.39865252777777777,0.3404163888888889,0.014847638888888903,0.0
long_rides,baseline,passengers_cancel,0.04369383333333332,0.07015283333333334,0.062083666666666676,0.026459000000000024,0.0
long_rides,baseline,passengers_new,2.967537166666667,2.6085415833333334,2.0757039444444443,-0.35899558333333337,0.0
long_rides,baseline,failed_requests,0.14372109271080694,0.18274330434190142,0.19388110812408538,0.03902221163109448,0.0
long_rides,managers,rides_not_served,0.34821338888888886,0.4742408611111111,0.3175090555555556,0.12602747222222221,0.11117983333333331
long_rides,managers,passengers_cancel,0.03816683333333333,0.06497216666666666,0.058389,0.026805333333333334,0.0003463333333333096
long_rides,managers,passengers_new,2.9664815555555557,2.6099167222222226,2.0758797222222225,-0.3565648333333331,0.002430750000000259
long_rides,managers,failed_requests,0.12996572446405238,0.20873217688533455,0.18093595289735692,0.07876645242128216,0.03974424079018768
long_rides,students,rides_not_served,0.37901850000000004,0.43659258333333334,0.3358334444444445,0.057574083333333304,0.0427264444444444
long_rides,students,passengers_cancel,0.039832833333333324,0.06488925,0.060111500000000005,0.02505641666666667,-0.0014025833333333529
long_rides,students,passengers_new,2.965796444444444,2.610694555555556,2.0767313333333335,-0.35510188888888816,0.003893694444445206
long_rides,students,failed_requests,0.14110330910596935,0.1945621988562205,0.19066746558992081,0.05345888975025115,0.014436678119156665
normal,bank_tellers_drivers,rides_not_served,0.36101861111111105,0.4551106666666666,0.45548122222222215,0.09409205555555555,0.08373150000000013
normal,bank_tellers_drivers,passengers_cancel,0.03955616666666667,0.05900133333333333,0.068722,0.01944516666666666,-0.008582666666666718
normal,bank_tellers_drivers,passengers_new,2.965879555555556,2.804574111111111,2.656805777777778,-0.16130544444444483,-0.00041661111111190863
normal,bank_tellers_drivers,failed_requests,0.13494869739122584,0.18338690595830826,0.19739119507241717,0.04843820856708242,0.0260318659985746
normal,drivers,rides_not_served,0.3755183888888889,0.40676022222222225,0.35221338888888887,0.031241833333333358,0.02088127777777793
normal,drivers,passengers_cancel,0.04452749999999999,0.05327799999999999,0.06858266666666667,0.008750500000000001,-0.019277333333333375
normal,drivers,passengers_new,2.966889055555555,2.806074444444444,2.658787111111111,-0.16081461111111084,7.422222222208674e-05
normal,drivers,failed_requests,0.14142106868618343,0.16390570987636457,0.15929843914326913,0.022484641190181148,7.829862167332835e-05
normal,managers_drivers,rides_not_served,0.37725049999999993,0.4542776666666667,0.4465365,0.07702716666666676,0.06666661111111133
normal,managers_drivers,passengers_cancel,0.042360666666666665,0.056111,0.06480516666666666,0.013750333333333337,-0.01427750000000004
normal,managers_drivers,passengers_new,2.965990666666666,2.803740888888889,2.6578705,-0.16224977777777694,-0.0013609444444440122
normal,managers_drivers,failed_requests,0.14125909278326496,0.1820937283904045,0.19425070627371466,0.04083463560713954,0.01842829303863172
normal,students_drivers,rides_not_served,0.3592776111111112,0.40118544444444443,0.37551850000000003,0.041907833333333255,0.03154727777777783
normal,students_drivers,passengers_cancel,0.04388866666666666,0.057944333333333334,0.06811183333333333,0.014055666666666675,-0.013972166666666702
normal,students_drivers,passengers_new,2.9660834999999994,2.8049999999999997,2.660991,-0.1610834999999997,-0.00019466666666678734
normal,students_drivers,failed_requests,0.13585079704987904,0.16371726597520223,0.1671491097943186,0.027866468925323185,0.005460126356815365
normal,bank_tellers,rides_not_served,0.37008322222222223,0.40877822222222227,0.4025928333333333,0.038695000000000035,0.028334444444444606
normal,bank_tellers,passengers_cancel,0.049027833333333326,0.061333000000000006,0.04166666666666666,0.01230516666666668,-0.015722666666666697
normal,bank_tellers,passengers_new,2.9685089444444444,2.805537111111111,2.6602869444444446,-0.1629718333333332,-0.002083000000000279
normal,bank_tellers,failed_requests,0.14099731139140972,0.16755254074253864,0.16675509328819077,0.026555229351128917,0.004148886782621097
normal,baseline,rides_not_served,0.385916888888889,0.3962774444444444,0.32986088888888887,0.010360555555555429,0.0
normal,baseline,passengers_cancel,0.0719165,0.09994433333333337,0.06255533333333332,0.028027833333333377,0.0
normal,baseline,passengers_new,2.965666944444444,2.804778111111111,2.660315,-0.16088883333333293,0.0
normal,baseline,failed_requests,0.1545094853657188,0.1769158279342266,0.1491871770774422,0.02240634256850782,0.0
normal,managers,rides_not_served,0.3699172777777778,0.44455577777777777,0.4002965555555556,0.0746385,0.06427794444444457
normal,managers,passengers_cancel,0.04325016666666666,0.064167,0.051193999999999996,0.020916833333333343,-0.007111000000000034
normal,managers,passengers_new,2.9674627777777776,2.805333,2.6601944444444445,-0.16212977777777748,-0.0012409444444445583
normal,managers,failed_requests,0.13904128720975145,0.18137473442072188,0.17009077076479284,0.04233344721097043,0.019927104642462612
normal,students,rides_not_served,0.3574815555555555,0.4389085555555556,0.34973138888888883,0.08142700000000008,0.07106644444444465
normal,students,passengers_cancel,0.039860999999999994,0.05099999999999999,0.04644499999999999,0.011138999999999996,-0.01688883333333338
normal,students,passengers_new,2.9658608888888884,2.806573888888889,2.6580830555555557,-0.1592869999999995,0.0016018333333334134
normal,students,failed_requests,0.1337973498858479,0.17453762634538922,0.14939150648137176,0.040740276459541314,0.018333933891033494
underground_alarm,bank_tellers_drivers,rides_not_served,0.3314537777777778,0.702395037037037,0.9658425,0.3709412592592592,0.11305520370370364
underground_alarm,bank_tellers_drivers,passengers_cancel,0.041444333333333326,0.07181511111111111,0.2340828888888889,0.03037077777777778,0.006231944444444443
underground_alarm,bank_tellers_drivers,passengers_new,2.9414535555555554,3.674691629629629,2.5942870000000005,0.7332380740740736,-0.008113925925925969
underground_alarm,bank_tellers_drivers,failed_requests,0.12679261450020868,0.20920931414100224,0.4695650752180447,0.08241669964079357,0.032781249615307484
underground_alarm,drivers,rides_not_served,0.3531759444444445,0.575382888888889,0.9667960555555556,0.2222069444444445,-0.03567911111111105
underground_alarm,drivers,passengers_cancel,0.04319483333333333,0.0770002222222222,0.2723616111111111,0.03380538888888888,0.00966655555555554
underground_alarm,drivers,passengers_new,2.9374446111111108,3.6732224444444443,2.5934722222222217,0.7357778333333336,-0.005574166666665992
underground_alarm,drivers,failed_requests,0.13480156239670021,0.17685798578696788,0.48916975689064957,0.04205642339026766,-0.007579026635218422
underground_alarm,managers_drivers,rides_not_served,0.3415002777777778,0.6708522962962964,0.8770464444444445,0.3293520185185186,0.07146596296296304
underground_alarm,managers_drivers,passengers_cancel,0.03774966666666666,0.07222244444444445,0.22452761111111108,0.03447277777777779,0.010333944444444451
underground_alarm,managers_drivers,passengers_new,2.9387593888888888,3.6743825925925924,2.5942411111111108,0.7356232037037036,-0.005728796296295968
underground_alarm,managers_drivers,failed_requests,0.12910097531562864,0.200938536776813,0.4314138906248538,0.07183756146118436,0.02220211143569828
underground_alarm,students_drivers,rides_not_served,0.3318802777777778,0.6290121481481482,1.0064161666666664,0.2971318703703704,0.03924581481481487
underground_alarm,students_drivers,passengers_cancel,0.03777733333333333,0.07840733333333334,0.24886061111111107,0.04063000000000001,0.016491166666666675
underground_alarm,students_drivers,passengers_new,2.938287,3.6719998518518517,2.590147888888889,0.7337128518518519,-0.007639148148147701
underground_alarm,students_drivers,failed_requests,0.12584897201039993,0.19168206766293375,0.49615585432894094,0.06583309565253381,0.01619764562704773
underground_alarm,bank_tellers,rides_not_served,0.33552777777777776,0.7034937037037038,1.0292681666666665,0.36796592592592603,0.11007987037037048
underground_alarm,bank_tellers,passengers_cancel,0.04480516666666666,0.0658891111111111,0.1695276666666667,0.021083944444444447,-0.0030548888888888917
underground_alarm,bank_tellers,passengers_new,2.9392871666666665,3.674863851851852,2.5921479444444446,0.7355766851851855,-0.005775314814814081
underground_alarm,bank_tellers,failed_requests,0.12947514976947225,0.20816569636124474,0.4713639875328833,0.07869054659177249,0.02905509656628641
underground_alarm,baseline,rides_not_served,0.3334355,0.5913215555555555,0.5884908888888889,0.25788605555555555,0.0
underground_alarm,baseline,passengers_cancel,0.04152783333333334,0.06566666666666668,0.10563900000000002,0.02413883333333334,0.0
underground_alarm,baseline,passengers_new,2.9357222222222226,3.677074222222222,2.595499833333333,0.7413519999999996,0.0
underground_alarm,baseline,failed_requests,0.1278088877936655,0.1774443378191516,0.27010058482485844,0.04963545002548608,0.0
underground_alarm,managers,rides_not_served,0.3488980555555556,0.6652343703703705,0.9983977222222222,0.3163363148148149,0.05845025925925934
underground_alarm,managers,passengers_cancel,0.043972166666666666,0.056333111111111105,0.1619162222222222,0.012360944444444438,-0.0117778888888889
underground_alarm,managers,passengers_new,2.9410372222222225,3.676407037037037,2.595490666666667,0.7353698148148147,-0.005982185185184896
underground_alarm,managers,failed_requests,0.13366941133300317,0.19521784049136331,0.45414727507869185,0.061548429158360146,0.011912979132874063
underground_alarm,students,rides_not_served,0.35503666666666667,0.5963205925925925,0.9432131666666667,0.24128392592592585,-0.016602129629629703
underground_alarm,students,passengers_cancel,0.042416499999999996,0.06344422222222222,0.1764168888888889,0.021027722222222225,-0.003111111111111113
underground_alarm,students,passengers_new,2.9366018333333335,3.673259407407407,2.5904534444444445,0.7366575740740737,-0.004694425925925838
underground_alarm,students,failed_requests,0.13536184198975643,0.17886291841852833,0.44180206085571694,0.043501076428771907,-0.006134373596714177
underground_alarm-flash_mob,bank_tellers_drivers,rides_not_served,0.3436666666666666,0.8839877777777777,1.2618152777777778,0.540321111111111,0.15394414814814805
underground_alarm-flash_mob,bank_tellers_drivers,passengers_cancel,0.034945166666666666,0.09872903703703707,0.37581461111111114,0.06378387037037041,0.028866037037037065
underground_alarm-flash_mob,bank_tellers_drivers,passengers_new,2.9400188333333332,3.6767158518518515,2.5910553888888885,0.7366970185185182,-0.0006025185185181137
underground_alarm-flash_mob,bank_tellers_drivers,failed_requests,0.12861514706027705,0.2651092552508693,0.6474901542099037,0.13649410819059227,0.05139233825530379
underground_alarm-flash_mob,drivers,rides_not_served,0.3342781111111111,0.737406888888889,1.0059259999999999,0.40312877777777784,0.016751814814814858
underground_alarm-flash_mob,drivers,passengers_cancel,0.03888916666666667,0.086148,0.36463877777777776,0.04725883333333333,0.01234099999999999
underground_alarm-flash_mob,drivers,passengers_new,2.9413980555555552,3.6766664444444443,2.5931481666666665,0.7352683888888891,-0.0020311481481471994
underground_alarm-flash_mob,drivers,failed_requests,0.1267335991818727,0.22212642671437083,0.5405656979556166,0.09539282753249811,0.010291057597209635
underground_alarm-flash_mob,managers_drivers,rides_not_served,0.3538701666666667,0.816185185185185,1.1291293333333334,0.4623150185185183,0.07593805555555533
underground_alarm-flash_mob,managers_drivers,passengers_cancel,0.04563883333333334,0.0949508888888889,0.3549811666666667,0.04931205555555557,0.014394222222222225
underground_alarm-flash_mob,managers_drivers,passengers_new,2.938176166666666,3.67471637037037,2.5922131666666663,0.7365402037037039,-0.0007593333333324459
underground_alarm-flash_mob,managers_drivers,failed_requests,0.1359589190441868,0.24599656416594182,0.5854192684417601,0.11003764512175501,0.024935875186466533
underground_alarm-flash_mob,students_drivers,rides_not_served,0.34721349999999995,0.7625555555555555,1.0770373333333332,0.4153420555555556,0.02896509259259261
underground_alarm-flash_mob,students_drivers,passengers_cancel,0.04313866666666666,0.09772829629629629,0.4226483333333334,0.05458962962962963,0.019671796296296284
underground_alarm-flash_mob,students_drivers,passengers_new,2.9384996111111112,3.6758515555555555,2.595583388888889,0.7373519444444443,5.2407407407972784e-05
underground_alarm-flash_mob,students_drivers,failed_requests,0.13271097548397076,0.23233407340210893,0.5925558444947744,0.09962309791813817,0.014521327982849691
underground_alarm-flash_mob,bank_tellers,rides_not_served,0.3565460555555555,0.8681485925925927,1.1877962222222223,0.5116025370370372,0.1252255740740742
underground_alarm-flash_mob,bank_tellers,passengers_cancel,0.039638999999999994,0.06948170370370371,0.26147238888888885,0.02984270370370372,-0.005075129629629624
underground_alarm-flash_mob,bank_tellers,passengers_new,2.938064722222222,3.673518666666667,2.5935092777777773,0.735453944444445,-0.0018455925925913164
underground_alarm-flash_mob,bank_tellers,failed_requests,0.13481507716628166,0.2531579346836246,0.5702163270353243,0.11834285751734291,0.033241087582054435
underground_alarm-flash_mob,baseline,rides_not_served,0.36564822222222215,0.7520251851851851,1.056991,0.386376962962963,0.0
underground_alarm-flash_mob,baseline,passengers_cancel,0.04563883333333334,0.08055666666666668,0.33288911111111114,0.03491783333333334,0.0
underground_alarm-flash_mob,baseline,passengers_new,2.937601944444445,3.674901481481481,2.595314555555556,0.7372995370370363,0.0
underground_alarm-flash_mob,baseline,failed_requests,0.14007009087750874,0.22517186081279722,0.5484024184535758,0.08510176993528848,0.0
underground_alarm-flash_mob,managers,rides_not_served,0.3548333333333334,0.7995802962962961,1.1518051666666667,0.44474696296296273,0.058369999999999755
underground_alarm-flash_mob,managers,passengers_cancel,0.04019466666666666,0.08645688888888889,0.3116015,0.046262222222222225,0.011344388888888883
underground_alarm-flash_mob,managers,passengers_new,2.9403794999999997,3.6754571111111107,2.5957405555555555,0.735077611111111,-0.0022219259259252944
underground_alarm-flash_mob,managers,failed_requests,0.134365740768457,0.23928092237117,0.5769216915723813,0.10491518160271299,0.019813411667424508
underground_alarm-flash_mob,students,rides_not_served,0.35844433333333336,0.8148645925925927,1.1245466666666668,0.45642025925925933,0.07004329629629635
underground_alarm-flash_mob,students,passengers_cancel,0.04674933333333334,0.09566577777777781,0.3005003333333333,0.04891644444444447,0.013998611111111128
underground_alarm-flash_mob,students,passengers_new,2.9401019444444443,3.6770986666666663,2.5924347222222224,0.736996722222222,-0.0003028148148143117
underground_alarm-flash_mob,students,failed_requests,0.137555852209985,0.2460555120747175,0.5627706967143796,0.10849965986473248,0.023397889929444
underground_alarm-long_rides,bank_tellers_drivers,rides_not_served,0.34796244444444446,0.844333,0.4313887777777778,0.49637055555555554,0.07755583333333343
underground_alarm-long_rides,bank_tellers_drivers,passengers_cancel,0.04288883333333333,0.2446248888888889,0.12816616666666666,0.20173605555555557,0.04080500000000001
underground_alarm-long_rides,bank_tellers_drivers,passengers_new,2.9377409444444442,2.9710415833333332,2.0918883888888886,0.03330063888888901,0.003152111111110578
underground_alarm-long_rides,bank_tellers_drivers,failed_requests,0.13301611833784197,0.3958383220531666,0.2653500601064529,0.2628222037153246,0.03932584748741916
underground_alarm-long_rides,drivers,rides_not_served,0.3590744444444445,0.7537314722222224,0.42341627777777785,0.3946570277777779,-0.02415769444444421
underground_alarm-long_rides,drivers,passengers_cancel,0.042584,0.2692919722222222,0.144334,0.22670797222222216,0.0657769166666666
underground_alarm-long_rides,drivers,passengers_new,2.9402682777777778,2.9721806666666666,2.0933613333333336,0.03191238888888881,0.0017638611111103764
underground_alarm-long_rides,drivers,failed_requests,0.13654215118077656,0.37450887347276735,0.2702912078326607,0.23796672229199078,0.014470366064085333
underground_alarm-long_rides,managers_drivers,rides_not_served,0.36047155555555555,0.8083754722222223,0.4001947222222222,0.44790391666666673,0.029089194444444633
underground_alarm-long_rides,managers_drivers,passengers_cancel,0.036000000000000004,0.21442977777777777,0.11211116666666668,0.17842977777777777,0.017498722222222207
underground_alarm-long_rides,managers_drivers,passengers_new,2.936342611111111,2.9714212777777775,2.093490777777778,0.0350786666666667,0.004930138888888269
underground_alarm-long_rides,managers_drivers,failed_requests,0.13496032901108412,0.37110168115333264,0.2429604552706123,0.23614135214224852,0.012644995914343066
underground_alarm-long_rides,students_drivers,rides_not_served,0.347333611111111,0.7447638611111113,0.3937780555555556,0.39743025000000026,-0.02138447222222184
underground_alarm-long_rides,students_drivers,passengers_cancel,0.04466633333333334,0.24522194444444445,0.12388899999999999,0.20055561111111112,0.03962455555555555
underground_alarm-long_rides,students_drivers,passengers_new,2.9343149444444445,2.970064694444444,2.0948610000000003,0.03574974999999947,0.005601222222221036
underground_alarm-long_rides,students_drivers,failed_requests,0.13379885404375508,0.3613652024874382,0.2456835076122956,0.22756634844368312,0.004069992215777668
underground_alarm-long_rides,bank_tellers,rides_not_served,0.34861138888888893,0.8250276944444445,0.3580089444444444,0.47641630555555553,0.05760158333333343
underground_alarm-long_rides,bank_tellers,passengers_cancel,0.04141733333333333,0.14549997222222222,0.08058366666666666,0.10408263888888888,-0.05684841666666668
underground_alarm-long_rides,bank_tellers,passengers_new,2.9383611666666662,2.9710644999999998,2.0927315555555555,0.03270333333333353,0.0025548055555550953
underground_alarm-long_rides,bank_tellers,failed_requests,0.13267081421025567,0.34854739722022293,0.20829761874193045,0.21587658300996726,-0.007619773217938192
underground_alarm-long_rides,baseline,rides_not_served,0.3468612777777778,0.7656759999999999,0.45766638888888894,0.4188147222222221,0.0
underground_alarm-long_rides,baseline,passengers_cancel,0.04274983333333333,0.20368088888888888,0.1149445,0.16093105555555556,0.0
underground_alarm-long_rides,baseline,passengers_new,2.939509055555555,2.9696575833333334,2.0917962777777777,0.030148527777778433,0.0
underground_alarm-long_rides,baseline,failed_requests,0.1323385165737078,0.35583487280161324,0.272026691229523,0.22349635622790545,0.0
underground_alarm-long_rides,managers,rides_not_served,0.3593144444444444,0.8136066666666668,0.4051573888888888,0.45429222222222243,0.03547750000000033
underground_alarm-long_rides,managers,passengers_cancel,0.03763966666666667,0.16747216666666667,0.08638883333333332,0.12983250000000002,-0.031098555555555546
underground_alarm-long_rides,managers,passengers_new,2.938360777777777,2.9708656388888888,2.0935092777777777,0.032504861111111616,0.0023563333333331826
underground_alarm-long_rides,managers,failed_requests,0.13525442267981355,0.3572310348463292,0.23260682471637395,0.22197661216651562,-0.0015197440613898272
underground_alarm-long_rides,students,rides_not_served,0.34019455555555556,0.7332779166666666,0.3741395555555556,0.3930833611111111,-0.025731361111111017
underground_alarm-long_rides,students,passengers_cancel,0.04002716666666666,0.20495855555555553,0.10202800000000001,0.16493138888888886,0.0040003333333333
underground_alarm-long_rides,students,passengers_new,2.938851944444444,2.9717455,2.0931480555555555,0.03289355555555584,0.002745027777777409
underground_alarm-long_rides,students,failed_requests,0.12951166466065772,0.34246425541749653,0.22586335106529423,0.2129525907568388,-0.01054376547106664
underground_alarm-wildcat_strike,bank_tellers_drivers,rides_not_served,0.3361202222222222,0.7687500555555558,0.9625553888888889,0.43262983333333355,0.21821377777777795
underground_alarm-wildcat_strike,bank_tellers_drivers,passengers_cancel,0.04058233333333333,0.10317561111111113,0.2847122777777778,0.0625932777777778,0.005722666666666688
underground_alarm-wildcat_strike,bank_tellers_drivers,passengers_new,2.975231722222222,3.530212888888889,2.3987591666666668,0.5549811666666669,-0.0006298333333334405
underground_alarm-wildcat_strike,bank_tellers_drivers,failed_requests,0.12678500138595553,0.2529666474418757,0.5182255820163724,0.12618164605592017,0.06581947755279319
underground_alarm-wildcat_strike,drivers,rides_not_served,0.346083,0.6519167222222225,0.7771109999999999,0.30583372222222255,0.09141766666666695
underground_alarm-wildcat_strike,drivers,passengers_cancel,0.040388833333333346,0.11866588888888888,0.3656390555555556,0.07827705555555553,0.021406444444444415
underground_alarm-wildcat_strike,drivers,passengers_new,2.9755925,3.5300739444444447,2.3975096111111114,0.5544814444444448,-0.0011295555555554948
underground_alarm-wildcat_strike,drivers,failed_requests,0.12986316587474558,0.2237706791089282,0.4750256155423394,0.09390751323418262,0.03354534473105564
underground_alarm-wildcat_strike,managers_drivers,rides_not_served,0.36615811111111113,0.7077962222222224,0.8260468333333334,0.34163811111111125,0.12722205555555566
underground_alarm-wildcat_strike,managers_drivers,passengers_cancel,0.03905616666666666,0.12893500000000002,0.36903716666666664,0.08987883333333335,0.03300822222222224
underground_alarm-wildcat_strike,managers_drivers,passengers_new,2.9731018888888885,3.527028166666667,2.3961939444444442,0.5539262777777787,-0.0016847222222216018
underground_alarm-wildcat_strike,managers_drivers,failed_requests,0.1362495321849044,0.24444339866568932,0.49535449905543916,0.10819386648078491,0.04783169797765793
underground_alarm-wildcat_strike,students_drivers,rides_not_served,0.37252772222222225,0.6402041666666667,0.8297593333333333,0.26767644444444444,0.05326038888888884
underground_alarm-wildcat_strike,students_drivers,passengers_cancel,0.04549983333333333,0.12406444444444444,0.3762130000000001,0.0785646111111111,0.021693999999999984
underground_alarm-wildcat_strike,students_drivers,passengers_new,2.9745741666666663,3.528833111111112,2.3937314444444446,0.5542589444444457,-0.001352055555554621
underground_alarm-wildcat_strike,students_drivers,failed_requests,0.14058069522985403,0.22284115369799637,0.500568705224337,0.08226045846814234,0.02189828996501536
underground_alarm-wildcat_strike,bank_tellers,rides_not_served,0.35590800000000006,0.7601662222222223,0.9301114444444445,0.40425822222222224,0.18984216666666665
underground_alarm-wildcat_strike,bank_tellers,passengers_cancel,0.035444666666666666,0.09210172222222221,0.2454816111111111,0.056657055555555544,-0.00021355555555557099
underground_alarm-wildcat_strike,bank_tellers,passengers_new,2.9757316111111107,3.527509333333334,2.395889,0.5517777222222233,-0.0038332777777769778
underground_alarm-wildcat_strike,bank_tellers,failed_requests,0.13160501121308438,0.24777255049178587,0.4883534619582303,0.11616753927870149,0.055805370775574514
underground_alarm-wildcat_strike,baseline,rides_not_served,0.3785095555555555,0.5929256111111111,0.7681203888888889,0.2144160555555556,0.0
underground_alarm-wildcat_strike,baseline,passengers_cancel,0.04402733333333333,0.10089794444444444,0.33407433333333325,0.056870611111111115,0.0
underground_alarm-wildcat_strike,baseline,passengers_new,2.9739353888888886,3.529546388888889,2.3961388888888893,0.5556110000000003,0.0
underground_alarm-wildcat_strike,baseline,failed_requests,0.1419536391105156,0.20231580761364257,0.45723220802007536,0.06036216850312698,0.0
underground_alarm-wildcat_strike,managers,rides_not_served,0.37059305555555555,0.7417037777777779,0.902925611111111,0.3711107222222223,0.1566946666666667
underground_alarm-wildcat_strike,managers,passengers_cancel,0.043417,0.10735172222222222,0.31006494444444443,0.06393472222222223,0.007064111111111111
underground_alarm-wildcat_strike,managers,passengers_new,2.9722405555555556,3.5297401111111117,2.3975,0.5574995555555562,0.001888555555555893
underground_alarm-wildcat_strike,managers,failed_requests,0.13919363464051215,0.24661022799047824,0.5029666873424381,0.10741659334996609,0.04705442484683911
underground_alarm-wildcat_strike,students,rides_not_served,0.37406488888888895,0.6499076111111112,0.7665551111111111,0.2758427222222222,0.06142666666666663
underground_alarm-wildcat_strike,students,passengers_cancel,0.034111166666666665,0.10542594444444443,0.2860467222222222,0.07131477777777777,0.014444166666666654
underground_alarm-wildcat_strike,students,passengers_new,2.973675833333333,3.5286205000000006,2.393546277777778,0.5549446666666675,-0.0006663333333327692
underground_alarm-wildcat_strike,students,failed_requests,0.1370998798272066,0.22058300901761863,0.43647983912681715,0.08348312919041204,0.023120960687285058
wildcat_strike,bank_tellers_drivers,rides_not_served,0.3404905555555556,0.5168146111111112,0.4313057777777778,0.17632405555555558,0.10213805555555566
wildcat_strike,bank_tellers_drivers,passengers_cancel,0.04172233333333332,0.05358383333333333,0.07452816666666667,0.011861500000000011,-0.003082499999999981
wildcat_strike,bank_tellers_drivers,passengers_new,2.9525463333333333,2.8395277777777777,2.3770181666666668,-0.11301855555555562,0.0017034999999996359
wildcat_strike,bank_tellers_drivers,failed_requests,0.12923499192643295,0.20106104675496397,0.21154638869999087,0.07182605482853102,0.034831152679151156
wildcat_strike,drivers,rides_not_served,0.35065811111111106,0.4283518888888888,0.33487972222222223,0.07769377777777775,0.003507777777777832
wildcat_strike,drivers,passengers_cancel,0.04161083333333333,0.05238899999999999,0.06052799999999999,0.010778166666666658,-0.004165833333333334
wildcat_strike,drivers,passengers_new,2.9544725555555558,2.841657222222222,2.3771203333333335,-0.11281533333333371,0.0019067222222215463
wildcat_strike,drivers,failed_requests,0.13248027431181583,0.16920549217770073,0.16582230868290312,0.036725217865884896,-0.00026968428349496976
wildcat_strike,managers_drivers,rides_not_served,0.33473138888888887,0.45898144444444444,0.36851794444444447,0.12425005555555557,0.05006405555555565
wildcat_strike,managers_drivers,passengers_cancel,0.0412225,0.048499833333333325,0.056527999999999995,0.007277333333333323,-0.007666666666666669
wildcat_strike,managers_drivers,passengers_new,2.9541200555555553,2.8420555555555556,2.3768244444444444,-0.11206449999999979,0.0026575555555554686
wildcat_strike,managers_drivers,failed_requests,0.12734936960131102,0.17882910009227213,0.17785872170853326,0.051479730490961106,0.01448482834158124
wildcat_strike,students_drivers,rides_not_served,0.3417684444444445,0.4389071666666666,0.3567127777777778,0.09713872222222214,0.02295272222222222
wildcat_strike,students_drivers,passengers_cancel,0.04130533333333333,0.05288916666666666,0.05727783333333333,0.011583833333333328,-0.003360166666666664
wildcat_strike,students_drivers,passengers_new,2.9561110555555556,2.8414442777777777,2.375712777777778,-0.1146667777777779,5.527777777736276e-05
wildcat_strike,students_drivers,failed_requests,0.12945973041131187,0.17328787595203488,0.17346628253184643,0.04382814554072301,0.006833243391343141
wildcat_strike,bank_tellers,rides_not_served,0.3516475555555556,0.553176611111111,0.3858425,0.20152905555555545,0.12734305555555553
wildcat_strike,bank_tellers,passengers_cancel,0.03677816666666666,0.05008299999999999,0.048471999999999994,0.013304833333333328,-0.0016391666666666638
wildcat_strike,bank_tellers,passengers_new,2.9528424444444443,2.8400741666666667,2.375629722222222,-0.11276827777777765,0.00195377777777761
wildcat_strike,bank_tellers,failed_requests,0.13149424614483118,0.21270835940919167,0.18135074128107462,0.08121411326436048,0.04421921111498062
wildcat_strike,baseline,rides_not_served,0.35627705555555556,0.4304630555555555,0.3263612777777778,0.07418599999999992,0.0
wildcat_strike,baseline,passengers_cancel,0.038528,0.05347199999999999,0.041805666666666665,0.014943999999999992,0.0
wildcat_strike,baseline,passengers_new,2.9553611666666666,2.8406391111111113,2.3748798333333334,-0.11472205555555526,0.0
wildcat_strike,baseline,failed_requests,0.1334031415430846,0.17039804369246447,0.15427167500936667,0.036994902149379866,0.0
wildcat_strike,managers,rides_not_served,0.3505463888888889,0.5058789999999999,0.33491627777777777,0.15533261111111096,0.08114661111111104
wildcat_strike,managers,passengers_cancel,0.04136083333333334,0.04658299999999999,0.043500500000000004,0.005222166666666653,-0.00972183333333334
wildcat_strike,managers,passengers_new,2.954731611111111,2.8399908333333332,2.3771388333333334,-0.11474077777777758,-1.872222222232267e-05
wildcat_strike,managers,failed_requests,0.13252008510264518,0.19469205535518744,0.15801580236440377,0.06217197025254226,0.025177068103162392
wildcat_strike,students,rides_not_served,0.33927788888888893,0.44778683333333336,0.3048612777777778,0.10850894444444442,0.0343229444444445
wildcat_strike,students,passengers_cancel,0.03655599999999999,0.04688849999999999,0.039639,0.010332500000000001,-0.004611499999999991
wildcat_strike,students,passengers_new,2.953740888888889,2.8395647777777775,2.375454,-0.11417611111111148,0.00054594444444378
wildcat_strike,students,failed_requests,0.1271549728596733,0.17444538170025448,0.1436052852420343,0.047290408840581166,0.0102955066912013
wildcat_strike-boycott_tncs,bank_tellers_drivers,rides_not_served,0.3935650555555556,0.21949088888888896,0.2516197777777778,-0.17407416666666664,0.002416444444444471
wildcat_strike-boycott_tncs,bank_tellers_drivers,passengers_cancel,0.040111166666666656,0.037000166666666674,0.039694333333333345,-0.003110999999999982,-0.0038888333333333067
wildcat_strike-boycott_tncs,bank_tellers_drivers,passengers_new,2.9571572222222233,1.2807777777777778,2.2397315555555557,-1.6763794444444455,-0.0013794444444452658
wildcat_strike-boycott_tncs,bank_tellers_drivers,failed_requests,0.14654525086702164,0.18057460138400946,0.1272792263041833,0.03402935051698783,0.02311883653962471
wildcat_strike-boycott_tncs,drivers,rides_not_served,0.3646667222222222,0.16510172222222222,0.2115926111111111,-0.19956499999999996,-0.023074388888888853
wildcat_strike-boycott_tncs,drivers,passengers_cancel,0.041777999999999996,0.03080533333333333,0.03533366666666667,-0.010972666666666665,-0.01175049999999999
wildcat_strike-boycott_tncs,drivers,passengers_new,2.951879833333334,1.280953722222222,2.2412129444444444,-1.6709261111111118,0.004073888888888488
wildcat_strike-boycott_tncs,drivers,failed_requests,0.13755848363852866,0.13603896801540688,0.10731399028870714,-0.0015195156231217755,-0.012430029600484893
wildcat_strike-boycott_tncs,managers_drivers,rides_not_served,0.35025055555555556,0.16736099999999998,0.23111077777777775,-0.18288955555555558,-0.006398944444444471
wildcat_strike-boycott_tncs,managers_drivers,passengers_cancel,0.0425005,0.03336133333333333,0.033943999999999995,-0.009139166666666663,-0.009916999999999988
wildcat_strike-boycott_tncs,managers_drivers,passengers_new,2.955657444444445,1.2806940555555557,2.2409725555555555,-1.674963388888889,3.661111111119553e-05
wildcat_strike-boycott_tncs,managers_drivers,failed_requests,0.1324470028804639,0.13941049489148916,0.1149005514285243,0.006963492011025252,-0.003947021966337866
wildcat_strike-boycott_tncs,students_drivers,rides_not_served,0.35549983333333324,0.16298155555555557,0.22282405555555557,-0.19251827777777766,-0.01602766666666655
wildcat_strike-boycott_tncs,students_drivers,passengers_cancel,0.042027833333333334,0.033416,0.04091683333333333,-0.008611833333333332,-0.009389666666666657
wildcat_strike-boycott_tncs,students_drivers,passengers_new,2.9543056111111117,1.2814163888888888,2.2406297222222222,-1.672889222222223,0.0021107777777773507
wildcat_strike-boycott_tncs,students_drivers,failed_requests,0.13431176944195636,0.13693121523005697,0.11489336745401371,0.0026194457881006106,-0.008291068189262507
wildcat_strike-boycott_tncs,bank_tellers,rides_not_served,0.3548701666666666,0.1513328888888889,0.218102,-0.2035372777777777,-0.02704666666666658
wildcat_strike-boycott_tncs,bank_tellers,passengers_cancel,0.040694666666666664,0.026083,0.02208333333333333,-0.014611666666666665,-0.01538949999999999
wildcat_strike-boycott_tncs,bank_tellers,passengers_new,2.9540369444444448,1.2805738888888887,2.240444555555556,-1.673463055555556,0.0015369444444441882
wildcat_strike-boycott_tncs,bank_tellers,failed_requests,0.13384797560485476,0.11957760581786972,0.10440250765077488,-0.014270369786985038,-0.025180883764348155
wildcat_strike-boycott_tncs,baseline,rides_not_served,0.3382038333333333,0.1617132222222222,0.19372205555555552,-0.1764906111111111,0.0
wildcat_strike-boycott_tncs,baseline,passengers_cancel,0.037416500000000005,0.03819433333333333,0.023249499999999996,0.0007778333333333248,0.0
wildcat_strike-boycott_tncs,baseline,passengers_new,2.9549718333333335,1.2799718333333332,2.240287,-1.6750000000000003,0.0
wildcat_strike-boycott_tncs,baseline,failed_requests,0.12689966098688607,0.1378101749642492,0.09450950294445706,0.010910513977363118,0.0
wildcat_strike-boycott_tncs,managers,rides_not_served,0.367379388888889,0.18850055555555556,0.22418533333333338,-0.17887883333333343,-0.0023882222222223193
wildcat_strike-boycott_tncs,managers,passengers_cancel,0.0359725,0.028167333333333336,0.02044366666666667,-0.007805166666666662,-0.008582999999999986
wildcat_strike-boycott_tncs,managers,passengers_new,2.955472,1.2806483333333334,2.2396664444444445,-1.6748236666666665,0.00017633333333377799
wildcat_strike-boycott_tncs,managers,failed_requests,0.13643661605909974,0.15048292917266112,0.1065874636289045,0.014046313113561387,0.0031357991361982696
wildcat_strike-boycott_tncs,students,rides_not_served,0.3436855,0.17239777777777776,0.20369449999999997,-0.17128772222222222,0.005202888888888896
wildcat_strike-boycott_tncs,students,passengers_cancel,0.03994450000000001,0.03344433333333333,0.017749333333333336,-0.006500166666666675,-0.007278
wildcat_strike-boycott_tncs,students,passengers_new,2.954389111111112,1.2800186111111111,2.2401300555555554,-1.6743705000000006,0.0006294999999996165
wildcat_strike-boycott_tncs,students,failed_requests,0.1295461057825215,0.14400000683078013,0.09676437720070492,0.014453901048258638,0.0035433870708955206
wildcat_strike-long_rides,bank_tellers_drivers,rides_not_served,0.34389866666666663,0.5479400277777777,0.4011669444444444,0.2040413611111111,0.08654616666666659
wildcat_strike-long_rides,bank_tellers_drivers,passengers_cancel,0.04750016666666666,0.10669380555555556,0.11580549999999999,0.0591936388888889,0.0017353055555555524
wildcat_strike-long_rides,bank_tellers_drivers,passengers_new,2.953203666666667,2.6085137499999997,2.083843,-0.34468991666666726,0.0018981111111102678
wildcat_strike-long_rides,bank_tellers_drivers,failed_requests,0.1323378701093829,0.2564379010417486,0.24723670590339156,0.12410003093236568,0.03610970188504731
wildcat_strike-long_rides,drivers,rides_not_served,0.35101866666666665,0.45249544444444445,0.38572233333333333,0.1014767777777778,-0.0160184166666667
wildcat_strike-long_rides,drivers,passengers_cancel,0.034277999999999996,0.1205138888888889,0.133667,0.08623588888888892,0.02877755555555557
wildcat_strike-long_rides,drivers,passengers_new,2.9563150555555557,2.6087545000000003,2.0842869444444445,-0.34756055555555543,-0.0009725277777778985
wildcat_strike-long_rides,drivers,failed_requests,0.1301920044269496,0.22409621794116658,0.24907085403675236,0.09390421351421699,0.005913884466898611
wildcat_strike-long_rides,managers_drivers,rides_not_served,0.34850944444444437,0.5442595277777778,0.3918334444444445,0.19575008333333338,0.07825488888888887
wildcat_strike-long_rides,managers_drivers,passengers_cancel,0.038110833333333344,0.09723583333333333,0.10433333333333333,0.05912499999999998,0.0016666666666666358
wildcat_strike-long_rides,managers_drivers,passengers_new,2.9539723888888894,2.608564861111111,2.084611111111111,-0.34540752777777817,0.0011804999999993626
wildcat_strike-long_rides,managers_drivers,failed_requests,0.13073115476339275,0.250143853210805,0.23774121552385544,0.11941269844741226,0.03142236940009388
wildcat_strike-long_rides,students_drivers,rides_not_served,0.34731461111111106,0.4621299166666667,0.3848518333333333,0.11481530555555564,-0.0026798888888888706
wildcat_strike-long_rides,students_drivers,passengers_cancel,0.03863899999999999,0.10959722222222222,0.12694416666666666,0.07095822222222223,0.01349988888888888
wildcat_strike-long_rides,students_drivers,passengers_new,2.955213000000001,2.608578722222222,2.0845833333333337,-0.3466342777777789,-4.6250000001357705e-05
wildcat_strike-long_rides,students_drivers,failed_requests,0.13038289394938435,0.22413796603714872,0.2451184265858743,0.09375507208776437,0.0057647430404459965
wildcat_strike-long_rides,bank_tellers,rides_not_served,0.3686761111111112,0.5256018611111111,0.3612776666666667,0.15692574999999986,0.03943055555555536
wildcat_strike-long_rides,bank_tellers,passengers_cancel,0.03752783333333333,0.07772233333333332,0.075167,0.040194499999999994,-0.017263833333333353
wildcat_strike-long_rides,bank_tellers,passengers_new,2.9516947222222223,2.608578805555555,2.0829538333333333,-0.3431159166666671,0.003472111111110454
wildcat_strike-long_rides,bank_tellers,failed_requests,0.13736603359809305,0.23672242451631662,0.20896242688954622,0.09935639091822357,0.011366061870905192
wildcat_strike-long_rides,baseline,rides_not_served,0.3444076666666666,0.4619028611111111,0.3774626111111112,0.1174951944444445,0.0
wildcat_strike-long_rides,baseline,passengers_cancel,0.041333499999999995,0.09879183333333334,0.08672166666666667,0.05745833333333335,0.0
wildcat_strike-long_rides,baseline,passengers_new,2.9551202777777776,2.60853225,2.083972277777778,-0.34658802777777753,0.0
wildcat_strike-long_rides,baseline,failed_requests,0.1304683530678403,0.21845868211515868,0.22243196681688002,0.08799032904731838,0.0
wildcat_strike-long_rides,managers,rides_not_served,0.3611850555555555,0.5367176944444444,0.34649100000000005,0.17553263888888887,0.058037444444444364
wildcat_strike-long_rides,managers,passengers_cancel,0.03652816666666667,0.0865,0.07227816666666666,0.049971833333333326,-0.007486500000000021
wildcat_strike-long_rides,managers,passengers_new,2.9564256666666666,2.609060361111111,2.0847961111111113,-0.34736530555555545,-0.0007772777777779183
wildcat_strike-long_rides,managers,failed_requests,0.13431835571119696,0.24238535469601555,0.20039259372193718,0.10806699898481859,0.020076669937500208
wildcat_strike-long_rides,students,rides_not_served,0.3419256666666667,0.4885134444444445,0.3523886666666667,0.14658777777777782,0.02909258333333331
wildcat_strike-long_rides,students,passengers_cancel,0.04177766666666666,0.07943075,0.07761133333333335,0.03765308333333334,-0.01980525000000001
wildcat_strike-long_rides,students,passengers_new,2.951990833333334,2.6074537777777778,2.083861388888889,-0.344537055555556,0.002050972222221503
wildcat_strike-long_rides,students,failed_requests,0.12984632592123563,0.22149702301182267,0.20616050350574341,0.09165069709058704,0.0036603680432686636
