scenario,personality,is_compound,mechanism,fr_mean,fr_p99,fr_peak,fr_mean_event,minutes_above_threshold,index_source
boycott_tncs,bank_tellers_drivers,False,demand collapse (requests -60%),0.08539482775632315,0.18273116810152704,0.31460909376070095,0.12593134162276237,9.333333333333334,rq1-healthiness
boycott_tncs,drivers,False,demand collapse (requests -60%),0.08388944567955736,0.21103478535057366,0.347383496103222,0.13716134278451025,12.666666666666666,rq1-healthiness
boycott_tncs,managers_drivers,False,demand collapse (requests -60%),0.08690449769223751,0.1860718298287477,0.3180244264943109,0.15510640559494404,11.0,rq1-healthiness
boycott_tncs,students_drivers,False,demand collapse (requests -60%),0.08270474094967192,0.18427796491682172,0.35000261680877987,0.12258474582004965,11.666666666666666,rq1-healthiness
boycott_tncs,bank_tellers,False,demand collapse (requests -60%),0.08220983563291781,0.1820716257465781,0.3411339884899553,0.1325576162280247,11.0,rq1-healthiness
boycott_tncs,baseline,False,demand collapse (requests -60%),0.08023458142910281,0.1796904885506488,0.3001460894578958,0.11516619779543094,9.333333333333334,rq1-healthiness
boycott_tncs,managers,False,demand collapse (requests -60%),0.082345174935339,0.19359833171900054,0.30296568802559504,0.12979481871965382,11.333333333333334,rq1-healthiness
boycott_tncs,students,False,demand collapse (requests -60%),0.08210258322608519,0.20529615158247566,0.32509344181027633,0.13861245268672318,13.333333333333334,rq1-healthiness
boycott_tncs-long_rides,bank_tellers_drivers,True,demand collapse (requests -60%) + ride lengths shifted to long/extreme,0.08946375802561433,0.25666348176292186,0.32658992487281613,0.1360931167984383,41.0,rq1-healthiness
boycott_tncs-long_rides,drivers,True,demand collapse (requests -60%) + ride lengths shifted to long/extreme,0.08596464474266843,0.2312758208338627,0.3056068092491798,0.11924370350026711,24.0,rq1-healthiness
boycott_tncs-long_rides,managers_drivers,True,demand collapse (requests -60%) + ride lengths shifted to long/extreme,0.09233079295174995,0.24548544903749028,0.3230950693161932,0.13724648098881367,31.666666666666668,rq1-healthiness
boycott_tncs-long_rides,students_drivers,True,demand collapse (requests -60%) + ride lengths shifted to long/extreme,0.09104468200375736,0.2549191509702803,0.36150163905687277,0.12739088310686103,29.333333333333332,rq1-healthiness
boycott_tncs-long_rides,bank_tellers,True,demand collapse (requests -60%) + ride lengths shifted to long/extreme,0.08902614112920482,0.23573857664075973,0.3968868507840046,0.1371578893010752,21.666666666666668,rq1-healthiness
boycott_tncs-long_rides,baseline,True,demand collapse (requests -60%) + ride lengths shifted to long/extreme,0.08663749656728159,0.20212902659458515,0.2899958203423265,0.1106522589491605,10.0,rq1-healthiness
boycott_tncs-long_rides,managers,True,demand collapse (requests -60%) + ride lengths shifted to long/extreme,0.08835799722791013,0.22608009883793267,0.3385190546795379,0.1289168780830169,17.0,rq1-healthiness
boycott_tncs-long_rides,students,True,demand collapse (requests -60%) + ride lengths shifted to long/extreme,0.08764023824675811,0.2217807488880116,0.34657335268316,0.12523737375376232,13.666666666666666,rq1-healthiness
flash_mob,bank_tellers_drivers,False,"traffic slowdown (downtown 90%, midtown 70%)",0.09577777757796685,0.2957109220246196,0.34059165154264975,0.25374831554247906,86.33333333333333,rq1-healthiness
flash_mob,drivers,False,"traffic slowdown (downtown 90%, midtown 70%)",0.09131731992970381,0.2663731788702652,0.2880789635823068,0.23746177701998633,71.33333333333333,rq1-healthiness
flash_mob,managers_drivers,False,"traffic slowdown (downtown 90%, midtown 70%)",0.09498585052325614,0.28391048664319657,0.3174500505658732,0.2309627240353078,74.0,rq1-healthiness
flash_mob,students_drivers,False,"traffic slowdown (downtown 90%, midtown 70%)",0.09422596386836432,0.2730305522549285,0.29401032126814314,0.2251622135071494,64.66666666666667,rq1-healthiness
flash_mob,bank_tellers,False,"traffic slowdown (downtown 90%, midtown 70%)",0.09204961061733734,0.282537738487618,0.3237075812274368,0.2394442881949729,64.33333333333333,rq1-healthiness
flash_mob,baseline,False,"traffic slowdown (downtown 90%, midtown 70%)",0.09120512811847961,0.26575833118732667,0.280963906581741,0.2162694780702931,75.0,rq1-healthiness
flash_mob,managers,False,"traffic slowdown (downtown 90%, midtown 70%)",0.09170078105930808,0.27086514091815356,0.3131443814120153,0.2284754674904993,62.666666666666664,rq1-healthiness
flash_mob,students,False,"traffic slowdown (downtown 90%, midtown 70%)",0.09191046200418086,0.2626809774525894,0.2914131905523693,0.22152168260198327,80.66666666666667,rq1-healthiness
flash_mob-boycott_tncs,bank_tellers_drivers,True,"traffic slowdown (downtown 90%, midtown 70%) + demand collapse (requests -60%)",0.08941322310164655,0.393525472052352,0.44136157033589785,0.25326853482577527,32.0,rq1-healthiness
flash_mob-boycott_tncs,drivers,True,"traffic slowdown (downtown 90%, midtown 70%) + demand collapse (requests -60%)",0.08898217892195137,0.36341315519206113,0.4175041881555791,0.24119014305982078,32.0,rq1-healthiness
flash_mob-boycott_tncs,managers_drivers,True,"traffic slowdown (downtown 90%, midtown 70%) + demand collapse (requests -60%)",0.09068329735058366,0.3919425230213943,0.4417949657869726,0.2623709949806378,33.333333333333336,rq1-healthiness
flash_mob-boycott_tncs,students_drivers,True,"traffic slowdown (downtown 90%, midtown 70%) + demand collapse (requests -60%)",0.08801019468354768,0.3185422486950933,0.3532292971977641,0.21815793253010524,31.0,rq1-healthiness
flash_mob-boycott_tncs,bank_tellers,True,"traffic slowdown (downtown 90%, midtown 70%) + demand collapse (requests -60%)",0.08799930990061218,0.34379589992046145,0.4368082053678586,0.23696832523934544,32.333333333333336,rq1-healthiness
flash_mob-boycott_tncs,baseline,True,"traffic slowdown (downtown 90%, midtown 70%) + demand collapse (requests -60%)",0.0863659510848371,0.321904255186591,0.41883224909695016,0.2227877460466708,31.0,rq1-healthiness
flash_mob-boycott_tncs,managers,True,"traffic slowdown (downtown 90%, midtown 70%) + demand collapse (requests -60%)",0.0882178661537501,0.35192101411300375,0.48377204339177793,0.2612264372243235,33.666666666666664,rq1-healthiness
flash_mob-boycott_tncs,students,True,"traffic slowdown (downtown 90%, midtown 70%) + demand collapse (requests -60%)",0.08705872860146006,0.32950955645648733,0.4400335093945268,0.22556475207230292,32.333333333333336,rq1-healthiness
flash_mob-long_rides,bank_tellers_drivers,True,"traffic slowdown (downtown 90%, midtown 70%) + ride lengths shifted to long/extreme",0.10496536884601347,0.3345182919483604,0.3532813939705927,0.2813204730519594,131.66666666666666,rq1-healthiness
flash_mob-long_rides,drivers,True,"traffic slowdown (downtown 90%, midtown 70%) + ride lengths shifted to long/extreme",0.10181788131103475,0.3102141468015309,0.33967593019629544,0.26658258279250635,142.0,rq1-healthiness
flash_mob-long_rides,managers_drivers,True,"traffic slowdown (downtown 90%, midtown 70%) + ride lengths shifted to long/extreme",0.10296169231395931,0.34140404316293343,0.37050715993079986,0.29305880982288524,137.0,rq1-healthiness
flash_mob-long_rides,students_drivers,True,"traffic slowdown (downtown 90%, midtown 70%) + ride lengths shifted to long/extreme",0.10328253402923308,0.3475851804736815,0.37050053563791724,0.27667921961870073,143.33333333333334,rq1-healthiness
flash_mob-long_rides,bank_tellers,True,"traffic slowdown (downtown 90%, midtown 70%) + ride lengths shifted to long/extreme",0.10251782338487762,0.323179652457537,0.3555404536154408,0.28003102013506737,127.33333333333333,rq1-healthiness
flash_mob-long_rides,baseline,True,"traffic slowdown (downtown 90%, midtown 70%) + ride lengths shifted to long/extreme",0.09862398676614129,0.29418034377609426,0.3140214592274678,0.24461270886345765,111.0,rq1-healthiness
flash_mob-long_rides,managers,True,"traffic slowdown (downtown 90%, midtown 70%) + ride lengths shifted to long/extreme",0.10137482636407769,0.30436028184746405,0.3349816285057233,0.2628420753582941,120.33333333333333,rq1-healthiness
flash_mob-long_rides,students,True,"traffic slowdown (downtown 90%, midtown 70%) + ride lengths shifted to long/extreme",0.09896453481891825,0.29097938035257964,0.3079679713309816,0.2496753605787861,115.0,rq1-healthiness
flash_mob-wildcat_strike,bank_tellers_drivers,True,"traffic slowdown (downtown 90%, midtown 70%) + supply collapse (drivers -60%)",0.09749447812688575,0.3376841044905757,0.35639882866034456,0.27194310033319924,86.33333333333333,rq1-healthiness
flash_mob-wildcat_strike,drivers,True,"traffic slowdown (downtown 90%, midtown 70%) + supply collapse (drivers -60%)",0.093325872177221,0.2893636032417883,0.31366644710015373,0.24676416059824088,74.33333333333333,rq1-healthiness
flash_mob-wildcat_strike,managers_drivers,True,"traffic slowdown (downtown 90%, midtown 70%) + supply collapse (drivers -60%)",0.09361989560387401,0.30158323328350545,0.3188617981110807,0.2469185210659658,79.0,rq1-healthiness
flash_mob-wildcat_strike,students_drivers,True,"traffic slowdown (downtown 90%, midtown 70%) + supply collapse (drivers -60%)",0.09381662035921244,0.29277520904481014,0.319070514583723,0.25269689546028334,80.0,rq1-healthiness
flash_mob-wildcat_strike,bank_tellers,True,"traffic slowdown (downtown 90%, midtown 70%) + supply collapse (drivers -60%)",0.09356083595138427,0.3283585356628582,0.3626817155756208,0.26394637737105914,82.33333333333333,rq1-healthiness
flash_mob-wildcat_strike,baseline,True,"traffic slowdown (downtown 90%, midtown 70%) + supply collapse (drivers -60%)",0.08968277613228058,0.29244434826188026,0.3410301953818828,0.25519705368197765,75.0,rq1-healthiness
flash_mob-wildcat_strike,managers,True,"traffic slowdown (downtown 90%, midtown 70%) + supply collapse (drivers -60%)",0.09186553992364635,0.304248304506852,0.3324490259986356,0.2476615701773901,70.33333333333333,rq1-healthiness
flash_mob-wildcat_strike,students,True,"traffic slowdown (downtown 90%, midtown 70%) + supply collapse (drivers -60%)",0.09293040958311126,0.3120477627550828,0.3380576356376533,0.2451605039056142,87.0,rq1-healthiness
long_rides,bank_tellers_drivers,False,ride lengths shifted to long/extreme,0.10146864123467074,0.3078614154604991,0.33457903722324545,0.2355477103023211,105.0,rq1-healthiness
long_rides,drivers,False,ride lengths shifted to long/extreme,0.0976517081355576,0.2693181631668244,0.2923002645120557,0.21756882325154991,99.66666666666667,rq1-healthiness
long_rides,managers_drivers,False,ride lengths shifted to long/extreme,0.09845685102857357,0.2919733690560273,0.3150534941841339,0.22213376209171218,84.0,rq1-healthiness
long_rides,students_drivers,False,ride lengths shifted to long/extreme,0.10006562606495274,0.2836719134607475,0.31546004938725536,0.21909304486173678,98.33333333333333,rq1-healthiness
long_rides,bank_tellers,False,ride lengths shifted to long/extreme,0.09594156709985727,0.2543219020104386,0.28343866943866947,0.21183670234826713,67.33333333333333,rq1-healthiness
long_rides,baseline,False,ride lengths shifted to long/extreme,0.09461849778939596,0.23596313067050925,0.2505543237250555,0.18274330434190142,41.333333333333336,rq1-healthiness
long_rides,managers,False,ride lengths shifted to long/extreme,0.09198930758198204,0.25389828768029643,0.2711727654870215,0.20873217688533455,48.0,rq1-healthiness
long_rides,students,False,ride lengths shifted to long/extreme,0.09428789238077996,0.24624470573073243,0.26323460947731614,0.1945621988562205,36.333333333333336,rq1-healthiness
normal,bank_tellers_drivers,False,none,0.08881317686279627,0.21558880190286445,0.24508953588395493,0.18338690595830826,9.333333333333334,rq1-healthiness
normal,drivers,False,none,0.08688412708306562,0.18184328878569672,0.20373960216998188,0.16390570987636457,0.0,rq1-healthiness
normal,managers_drivers,False,none,0.09094497795933817,0.22009374142322374,0.2505175983436853,0.1820937283904045,13.333333333333334,rq1-healthiness
normal,students_drivers,False,none,0.08864242146621974,0.17544594671418448,0.20701190476190479,0.16371726597520223,0.0,rq1-healthiness
normal,bank_tellers,False,none,0.08638164839353521,0.17769552944547684,0.19179761904761905,0.16755254074253864,0.0,rq1-healthiness
normal,baseline,False,none,0.08614763163381285,0.22247223044400008,0.24869433908315577,0.1769158279342266,14.333333333333334,rq1-healthiness
normal,managers,False,none,0.08703098372942807,0.1870696427817316,0.21433385848912265,0.18137473442072188,0.0,rq1-healthiness
normal,students,False,none,0.08541477697341829,0.18025257833900407,0.19916636851520572,0.17453762634538922,0.0,rq1-healthiness
underground_alarm,bank_tellers_drivers,False,demand surge +100% and traffic +100%,0.10222653085735808,0.5600091554023384,0.6180734430416283,0.20920931414100224,100.66666666666667,rq1-healthiness
underground_alarm,drivers,False,demand surge +100% and traffic +100%,0.10373630519848455,0.5976738036814545,0.6731182795698925,0.17685798578696788,81.0,rq1-healthiness
underground_alarm,managers_drivers,False,demand surge +100% and traffic +100%,0.09964149327357534,0.4995127170231122,0.6037896632041706,0.200938536776813,84.0,rq1-healthiness
underground_alarm,students_drivers,False,demand surge +100% and traffic +100%,0.10422565010059812,0.5934185957829121,0.6659387308533916,0.19168206766293375,102.0,rq1-healthiness
underground_alarm,bank_tellers,False,demand surge +100% and traffic +100%,0.10084922973159212,0.5936478346025883,0.6637505470459518,0.20816569636124474,98.0,rq1-healthiness
underground_alarm,baseline,False,demand surge +100% and traffic +100%,0.09102459091029658,0.3030791175051692,0.36542669584245074,0.1774443378191516,72.66666666666667,rq1-healthiness
underground_alarm,managers,False,demand surge +100% and traffic +100%,0.09973935220461434,0.5760915160960962,0.6627732303258838,0.19521784049136331,92.33333333333333,rq1-healthiness
underground_alarm,students,False,demand surge +100% and traffic +100%,0.10303058272916933,0.5206319166441665,0.6007322638427209,0.17886291841852833,111.66666666666667,rq1-healthiness
underground_alarm-flash_mob,bank_tellers_drivers,True,"demand surge +100% and traffic +100% + traffic slowdown (downtown 90%, midtown 70%)",0.12121985730008678,0.7583990641295368,0.9102844638949672,0.2651092552508693,179.33333333333334,rq1-healthiness
underground_alarm-flash_mob,drivers,True,"demand surge +100% and traffic +100% + traffic slowdown (downtown 90%, midtown 70%)",0.1103792240336944,0.6367157040889855,0.7277327586206898,0.22212642671437083,121.0,rq1-healthiness
underground_alarm-flash_mob,managers_drivers,True,"demand surge +100% and traffic +100% + traffic slowdown (downtown 90%, midtown 70%)",0.11057734796209187,0.6870108903827425,0.7755238587634197,0.24599656416594182,121.33333333333333,rq1-healthiness
underground_alarm-flash_mob,students_drivers,True,"demand surge +100% and traffic +100% + traffic slowdown (downtown 90%, midtown 70%)",0.11668480192868659,0.7020795294098492,0.7858187927913066,0.23233407340210893,142.66666666666666,rq1-healthiness
underground_alarm-flash_mob,bank_tellers,True,"demand surge +100% and traffic +100% + traffic slowdown (downtown 90%, midtown 70%)",0.11224702871367681,0.6797948449196649,0.7597695510413185,0.2531579346836246,126.0,rq1-healthiness
underground_alarm-flash_mob,baseline,True,"demand surge +100% and traffic +100% + traffic slowdown (downtown 90%, midtown 70%)",0.11149786817882423,0.6422272308479724,0.723818829008363,0.22517186081279722,136.66666666666666,rq1-healthiness
underground_alarm-flash_mob,managers,True,"demand surge +100% and traffic +100% + traffic slowdown (downtown 90%, midtown 70%)",0.1107749132467423,0.6852734518099151,0.7634806088865692,0.23928092237117,123.33333333333333,rq1-healthiness
underground_alarm-flash_mob,students,True,"demand surge +100% and traffic +100% + traffic slowdown (downtown 90%, midtown 70%)",0.11238149569310357,0.6380508816884491,0.768445918997927,0.2460555120747175,142.66666666666666,rq1-healthiness
underground_alarm-long_rides,bank_tellers_drivers,True,demand surge +100% and traffic +100% + ride lengths shifted to long/extreme,0.11343147905964128,0.6339124774011308,0.7532572406038214,0.3958383220531666,140.0,rq1-healthiness
underground_alarm-long_rides,drivers,True,demand surge +100% and traffic +100% + ride lengths shifted to long/extreme,0.11227976807794911,0.6236905806189668,0.7355495151018568,0.37450887347276735,133.0,rq1-healthiness
underground_alarm-long_rides,managers_drivers,True,demand surge +100% and traffic +100% + ride lengths shifted to long/extreme,0.11208773092892939,0.5930078323579466,0.708963440860215,0.37110168115333264,133.0,rq1-healthiness
underground_alarm-long_rides,students_drivers,True,demand surge +100% and traffic +100% + ride lengths shifted to long/extreme,0.11175563412698215,0.580194916964059,0.6763219749138668,0.3613652024874382,131.66666666666666,rq1-healthiness
underground_alarm-long_rides,bank_tellers,True,demand surge +100% and traffic +100% + ride lengths shifted to long/extreme,0.1073106964153707,0.5374570103446003,0.6204891774891774,0.34854739722022293,116.33333333333333,rq1-healthiness
underground_alarm-long_rides,baseline,True,demand surge +100% and traffic +100% + ride lengths shifted to long/extreme,0.10856851886670428,0.587059725228381,0.6982672912695967,0.35583487280161324,131.33333333333334,rq1-healthiness
underground_alarm-long_rides,managers,True,demand surge +100% and traffic +100% + ride lengths shifted to long/extreme,0.10764267761443273,0.6030661413101729,0.6740837414447358,0.3572310348463292,123.0,rq1-healthiness
underground_alarm-long_rides,students,True,demand surge +100% and traffic +100% + ride lengths shifted to long/extreme,0.10796164498394664,0.5634477440448602,0.6538730573887654,0.34246425541749653,121.33333333333333,rq1-healthiness
underground_alarm-wildcat_strike,bank_tellers_drivers,True,demand surge +100% and traffic +100% + supply collapse (drivers -60%),0.10642927631143911,0.6065320705504479,0.7015791988223801,0.2529666474418757,113.0,rq1-healthiness
underground_alarm-wildcat_strike,drivers,True,demand surge +100% and traffic +100% + supply collapse (drivers -60%),0.10384854035723881,0.5824515764677813,0.6906100699034113,0.2237706791089282,96.66666666666667,rq1-healthiness
underground_alarm-wildcat_strike,managers_drivers,True,demand surge +100% and traffic +100% + supply collapse (drivers -60%),0.1063263401205236,0.6244318693897921,0.7408191268191269,0.24444339866568932,103.0,rq1-healthiness
underground_alarm-wildcat_strike,students_drivers,True,demand surge +100% and traffic +100% + supply collapse (drivers -60%),0.10595728791618104,0.6202095954537735,0.7136929460580912,0.22284115369799637,96.33333333333333,rq1-healthiness
underground_alarm-wildcat_strike,bank_tellers,True,demand surge +100% and traffic +100% + supply collapse (drivers -60%),0.10485074474127606,0.593212178159286,0.6782875816993464,0.24777255049178587,100.0,rq1-healthiness
underground_alarm-wildcat_strike,baseline,True,demand surge +100% and traffic +100% + supply collapse (drivers -60%),0.10090158315917926,0.5772142575326046,0.682608695652174,0.20231580761364257,86.33333333333333,rq1-healthiness
underground_alarm-wildcat_strike,managers,True,demand surge +100% and traffic +100% + supply collapse (drivers -60%),0.10707493052966975,0.6314529890061791,0.6926229508196722,0.24661022799047824,104.33333333333333,rq1-healthiness
underground_alarm-wildcat_strike,students,True,demand surge +100% and traffic +100% + supply collapse (drivers -60%),0.09982343061741311,0.5627815035622585,0.6236196458834887,0.22058300901761863,77.66666666666667,rq1-healthiness
wildcat_strike,bank_tellers_drivers,False,supply collapse (drivers -60%),0.09143230814733093,0.25611177581265465,0.3079466119912424,0.20106104675496397,36.0,rq1-healthiness
wildcat_strike,drivers,False,supply collapse (drivers -60%),0.08800081375182482,0.20093560251338416,0.21512947240878225,0.16920549217770073,0.0,rq1-healthiness
wildcat_strike,managers_drivers,False,supply collapse (drivers -60%),0.09188428514182347,0.21529121159477843,0.25099039603921053,0.17882910009227213,13.333333333333334,rq1-healthiness
wildcat_strike,students_drivers,False,supply collapse (drivers -60%),0.08865170259797832,0.21258277694188457,0.23757826763549028,0.17328787595203488,8.0,rq1-healthiness
wildcat_strike,bank_tellers,False,supply collapse (drivers -60%),0.0876591676399225,0.24447509716632437,0.27886465748096895,0.21270835940919167,42.666666666666664,rq1-healthiness
wildcat_strike,baseline,False,supply collapse (drivers -60%),0.08842530129213863,0.19221708545893648,0.21995893189187365,0.17039804369246447,0.0,rq1-healthiness
wildcat_strike,managers,False,supply collapse (drivers -60%),0.0865817346019446,0.21576633828612915,0.22784178969281202,0.19469205535518744,3.3333333333333335,rq1-healthiness
wildcat_strike,students,False,supply collapse (drivers -60%),0.08594754281083666,0.19803859457578502,0.24158648507875496,0.17444538170025448,7.333333333333333,rq1-healthiness
wildcat_strike-boycott_tncs,bank_tellers_drivers,True,supply collapse (drivers -60%) + demand collapse (requests -60%),0.08842393055054565,0.2535015861215567,0.40244048527943654,0.18057460138400946,19.333333333333332,rq1-healthiness
wildcat_strike-boycott_tncs,drivers,True,supply collapse (drivers -60%) + demand collapse (requests -60%),0.08666597868468853,0.20807120013522626,0.32951404933704276,0.13603896801540688,12.333333333333334,rq1-healthiness
wildcat_strike-boycott_tncs,managers_drivers,True,supply collapse (drivers -60%) + demand collapse (requests -60%),0.08475828543428764,0.22326684290855103,0.3353986701356302,0.13941049489148916,14.666666666666666,rq1-healthiness
wildcat_strike-boycott_tncs,students_drivers,True,supply collapse (drivers -60%) + demand collapse (requests -60%),0.08688685772783833,0.21686801102246542,0.35954718119730705,0.13693121523005697,14.333333333333334,rq1-healthiness
wildcat_strike-boycott_tncs,bank_tellers,True,supply collapse (drivers -60%) + demand collapse (requests -60%),0.08288733984506719,0.19635294502624903,0.3357071297299071,0.11957760581786972,10.333333333333334,rq1-healthiness
wildcat_strike-boycott_tncs,baseline,True,supply collapse (drivers -60%) + demand collapse (requests -60%),0.0832573145886259,0.21029072401178964,0.3850319098710634,0.1378101749642492,13.666666666666666,rq1-healthiness
wildcat_strike-boycott_tncs,managers,True,supply collapse (drivers -60%) + demand collapse (requests -60%),0.08497802307823242,0.22669684279886612,0.38038831853507205,0.15048292917266112,15.0,rq1-healthiness
wildcat_strike-boycott_tncs,students,True,supply collapse (drivers -60%) + demand collapse (requests -60%),0.08349073803770464,0.22187576365850303,0.3298277413694808,0.14400000683078013,14.333333333333334,rq1-healthiness
wildcat_strike-long_rides,bank_tellers_drivers,True,supply collapse (drivers -60%) + ride lengths shifted to long/extreme,0.10096609808775449,0.33155038330483233,0.3471673164789682,0.2564379010417486,113.33333333333333,rq1-healthiness
wildcat_strike-long_rides,drivers,True,supply collapse (drivers -60%) + ride lengths shifted to long/extreme,0.0985644061216981,0.2873975086807126,0.30321239251323,0.22409621794116658,111.66666666666667,rq1-healthiness
wildcat_strike-long_rides,managers_drivers,True,supply collapse (drivers -60%) + ride lengths shifted to long/extreme,0.10247619774213712,0.3046631373193441,0.34864660940754433,0.250143853210805,128.0,rq1-healthiness
wildcat_strike-long_rides,students_drivers,True,supply collapse (drivers -60%) + ride lengths shifted to long/extreme,0.09859118396671084,0.29792687492455655,0.31976018099547515,0.22413796603714872,104.66666666666667,rq1-healthiness
wildcat_strike-long_rides,bank_tellers,True,supply collapse (drivers -60%) + ride lengths shifted to long/extreme,0.09697327075282122,0.3094652093104032,0.32505643340857787,0.23672242451631662,86.0,rq1-healthiness
wildcat_strike-long_rides,baseline,True,supply collapse (drivers -60%) + ride lengths shifted to long/extreme,0.096558231143307,0.2691699908485249,0.28216704288939054,0.21845868211515868,82.33333333333333,rq1-healthiness
wildcat_strike-long_rides,managers,True,supply collapse (drivers -60%) + ride lengths shifted to long/extreme,0.0966430297460921,0.2984306364956274,0.3235530474040632,0.24238535469601555,91.33333333333333,rq1-healthiness
wildcat_strike-long_rides,students,True,supply collapse (drivers -60%) + ride lengths shifted to long/extreme,0.09456234489012726,0.2753382707876167,0.30022573363431154,0.22149702301182267,78.33333333333333,rq1-healthiness
