personality,metric,family,n_fail,n_pass,separation,direction,median_fail,median_pass,gap_z,cut,accuracy,others_separation,specificity,specific
bank_tellers,drivers_passengers_served,supply,7,7,0.8775510204081632,high,2.4545925925925927,2.090240722222222,0.42310481511428333,2.305775486111111,0.9285714285714286,0.7186588921282798,0.15889212827988342,True
bank_tellers,passengers_pickup_reject,passenger_decisions,7,7,0.8775510204081632,high,0.35211111111111115,0.2506850555555556,2.052533370608521,0.3057083611111111,0.9285714285714286,0.7609207968901847,0.11663022351797858,False
bank_tellers,drivers_idle,supply,7,7,0.8571428571428572,low,7075.860267407407,7993.723407361111,-0.2785553554019508,7108.828846722222,0.8571428571428571,0.6550413022351798,0.20210155490767745,True
bank_tellers,drivers_pickup_reject,driver_decisions,7,7,0.8571428571428571,high,0.36993807407407414,0.2501297222222222,1.4692659314944503,0.3024162777777778,0.9285714285714286,0.7888362487852284,0.0683066083576287,False
bank_tellers,drivers_removed,supply,7,7,0.8571428571428571,high,0.5357164444444444,0.4396671666666668,0.6320424421025532,0.47447677777777775,0.9285714285714286,0.804251700680272,0.05289115646258513,False
bank_tellers_drivers,rides_offers_price_lyft_avg,market,12,2,0.7916666666666666,high,25.142296629629634,23.009747194444444,3.9837283817579556,21.898640138888886,0.8571428571428571,0.630187074829932,0.16147959183673466,False
bank_tellers_drivers,drivers_change_zone,driver_decisions,12,2,0.7916666666666666,high,1.6144676944444445,1.2767316666666666,0.6493168482696516,0.9407961388888888,0.7857142857142857,0.7358236151603499,0.05584305150631674,False
bank_tellers_drivers,drivers_change_provider,driver_decisions,12,2,0.7916666666666666,high,0.898935,0.6821431111111111,0.80488867608869,0.4669910277777778,0.7857142857142857,0.7735544217687076,0.01811224489795904,False
bank_tellers_drivers,drivers_reject,driver_decisions,12,2,0.7916666666666666,high,1.4612134444444442,1.0665323055555556,0.8704469186157474,0.7183101944444444,0.7857142857142857,0.7824222546161322,0.00924441205053439,False
bank_tellers_drivers,passengers_change_provider,passenger_decisions,12,2,0.7916666666666666,high,4.422088055555555,2.9768753611111114,1.267325746596698,1.856523222222222,0.7857142857142857,0.789382896015549,0.0022837706511176226,False
baseline,drivers_passengers_served,supply,4,10,1.0,high,2.557914375,2.1300345694444447,0.4968768400631243,2.379769736111111,1.0,0.7011661807580173,0.2988338192419827,True
baseline,drivers_pickup,supply,4,10,1.0,high,1346.047984638889,906.5841688749999,1.5372756357056758,1251.698736138889,1.0,0.7400388726919339,0.2599611273080661,True
baseline,drivers_removed,supply,4,10,0.975,high,0.5427402407407407,0.4562690277777778,0.5690149668707438,0.5092197777777778,0.9285714285714286,0.7874149659863946,0.18758503401360538,True
baseline,drivers_pickup_accept,driver_decisions,4,10,0.95,high,1.5287360416666669,1.1247938194444445,1.1120624336788993,1.3436342222222224,0.9285714285714286,0.7252186588921283,0.22478134110787162,True
baseline,drivers_pickup_reject,driver_decisions,4,10,0.95,high,0.3721574861111111,0.26083315277777774,1.3652224388768301,0.32660856944444444,0.9285714285714286,0.7755709426627793,0.1744290573372207,True
baseline,drivers_idle,supply,4,10,0.925,low,6679.600976833333,7719.262024273148,-0.3155188828933358,6734.712710069444,0.9285714285714286,0.6453474246841593,0.27965257531584076,True
drivers,rides_offers_uber,matching,6,8,0.7916666666666666,high,61.07141670833333,54.004176027777774,0.3758803385858092,56.45465736111112,0.7857142857142857,0.7587342079689019,0.03293245869776473,False
drivers,passengers_offers_discarded,passenger_decisions,6,8,0.7916666666666666,high,89.95217840277778,80.29774063888888,0.3606829260552865,87.02474538888889,0.8571428571428571,0.7787900874635569,0.012876579203109695,False
drivers,rides_offers_generated,matching,6,8,0.7916666666666666,high,100.14610508333332,89.08643752777778,0.3745270087345439,96.51881474999999,0.8571428571428571,0.7817662779397473,0.00990038872691934,False
drivers,passengers_change_provider,passenger_decisions,6,8,0.7916666666666666,high,3.6775200462962965,3.233509055555556,0.389358993662839,3.5937661666666667,0.8571428571428571,0.789382896015549,0.0022837706511176226,False
drivers,drivers_removed,supply,6,8,0.7916666666666666,high,0.5546362962962963,0.500310888888889,0.35748278342534257,0.5468005,0.8571428571428571,0.8136054421768707,-0.021938775510204067,False
drivers,traffic_length_avg,trip,6,8,0.7708333333333334,low,3880.0677821759264,3920.058997152777,-0.5016098770309264,3889.3431743055557,0.8571428571428571,0.5838192419825072,0.18701409135082614,False
managers,rides_length_avg,trip,7,7,0.8571428571428572,low,6065.501330444443,7177.866274083333,-0.9615052350419344,6075.340430444444,0.7857142857142857,0.6415330417881437,0.21560981535471346,True
managers,drivers_occupied_duration_avg,supply,7,7,0.8163265306122449,low,541.6627823333333,638.8609245,-0.8100757067387195,555.4795436666667,0.7857142857142857,0.634086491739553,0.1822400388726919,False
managers,drivers_total_length_avg,supply,7,7,0.8163265306122449,low,22216.02015666667,24295.957532583332,-0.3478939179469398,22221.743854166667,0.7857142857142857,0.6519436345966959,0.164382896015549,False
managers,drivers_idle_duration_avg,supply,7,7,0.8163265306122449,low,673.9456807777777,851.3913032222222,-1.4952864340317955,803.1309369583335,0.8571428571428571,0.6771137026239067,0.13921282798833823,False
managers,passengers_no_ratings_count,passenger_experience,7,7,0.7959183673469388,low,0.4162778888888889,0.46236625000000003,-0.24868938951091948,0.4570120092592593,0.8571428571428571,0.5883867832847425,0.2075315840621963,False
managers_drivers,drivers_acceptance_rate,driver_decisions,8,6,0.875,low,1.7788103333333334,1.9993165277777778,-1.0903514574988231,1.9795396203703701,0.8571428571428571,0.6800534499514092,0.19494655004859085,True
managers_drivers,passengers_reject,passenger_decisions,8,6,0.8333333333333334,high,7.812282296296296,6.65622238888889,0.6426489895228572,7.528449263888889,0.8571428571428571,0.771586491739553,0.06174684159378041,False
managers_drivers,passengers_change_provider,passenger_decisions,8,6,0.8333333333333334,high,4.553770833333333,3.8724025833333333,0.5975006512591425,4.265041666666667,0.8571428571428571,0.7834305150631681,0.049902818270165294,False
managers_drivers,drivers_removed,supply,8,6,0.8333333333333334,high,0.5489538055555556,0.4795923888888889,0.4564257034719279,0.5142544305555556,0.8571428571428571,0.8076530612244898,0.025680272108843605,False
managers_drivers,rides_offers_price_uber_avg,market,8,6,0.8125,high,25.77443991203704,22.15646916666667,5.787060889321169,20.937325740740743,0.7857142857142857,0.6153668610301263,0.19713313896987372,False
managers_drivers,passengers_acceptance_rate,passenger_decisions,8,6,0.8125,low,1.4987206805555555,1.6493441388888888,-1.2955130171670697,1.622271537037037,0.8571428571428571,0.6460155490767736,0.1664844509232264,False
managers_drivers,passengers_ratings_count,passenger_experience,8,6,0.7708333333333334,low,1.3677306064814816,1.5180537083333332,-0.259422884682623,1.4121412916666667,0.7857142857142857,0.5778790087463557,0.1929543245869777,False
students,rides_length_avg,trip,6,8,0.7291666666666667,low,6175.114070722222,6835.051512597222,-0.570436266255605,5925.2035689722225,0.7142857142857143,0.6598153547133139,0.06935131195335287,False
students,drivers_pickup_accept,driver_decisions,6,8,0.7291666666666666,high,1.5021209444444446,1.203479125,0.8221679494226757,1.4286267777777777,0.8571428571428571,0.7567662779397474,-0.02759961127308075,False
students,passengers_pickup_accept,passenger_decisions,6,8,0.7291666666666666,high,1.6031410787037035,1.2848194166666667,0.800123051297656,1.5295673472222222,0.8571428571428571,0.7567662779397474,-0.02759961127308075,False
students,drivers_pickup,supply,6,8,0.7291666666666666,high,1284.595047087963,973.0932499166668,1.0896554075506513,1234.872947601852,0.8571428571428571,0.7787293488824101,-0.04956268221574345,False
students,drivers_pickup_reject,driver_decisions,6,8,0.7291666666666666,high,0.35454946296296286,0.2768635416666667,0.9526988373777778,0.34158179629629626,0.8571428571428571,0.8071185617103983,-0.07795189504373168,False
students_drivers,rides_offers_radius_avg,matching,7,7,0.8775510204081632,high,2422.0617072592595,1803.6777234444444,1.3043374800161478,2303.3318756296294,0.8571428571428571,0.7230077745383868,0.1545432458697764,True
students_drivers,passengers_unassigned,demand,7,7,0.8775510204081632,high,38.60722207407407,25.81174111111111,1.591353222573069,29.919701374999995,0.8571428571428571,0.7887755102040815,0.0887755102040817,False
students_drivers,passengers_reject,passenger_decisions,7,7,0.8367346938775511,high,6.254268388888889,5.351759388888889,0.5017010737670089,5.8148450277777775,0.8571428571428571,0.771100583090379,0.06563411078717207,False
students_drivers,passengers_change_provider,passenger_decisions,7,7,0.8367346938775511,high,4.008620333333332,3.577147777777778,0.37836387730847504,3.739222263888889,0.8571428571428571,0.7829446064139941,0.05379008746355696,False
students_drivers,passengers_drivers_ratio,demand,7,7,0.8367346938775511,high,0.3058354814814815,0.19988733333333333,1.5148075656509439,0.2629286805555555,0.7857142857142857,0.7856778425655977,0.051056851311953366,False
students_drivers,passengers_acceptance_rate,passenger_decisions,7,7,0.8163265306122449,low,1.805313333333333,1.932303,-1.0922386727324689,1.8326264999999997,0.8571428571428571,0.6454689018464529,0.17085762876579202,False
students_drivers,traffic_length_avg,trip,7,7,0.7551020408163265,low,3895.3323996944446,3913.1990215000005,-0.2241010674977188,3901.4202395,0.7857142857142857,0.5860665694849369,0.16903547133138963,False
