personality,metric,family,n_fail,n_pass,separation,direction,median_fail,median_pass,gap_z,cut,accuracy,others_separation,specificity,specific,mean_separation
bank_tellers,drivers_removed,supply,7,7,0.8571428571428571,high,0.5357164444444444,0.4396671666666668,0.6320424421025532,0.47447677777777775,0.9285714285714286,0.804251700680272,0.05289115646258513,False,0.8108630952380952
bank_tellers_drivers,drivers_removed,supply,12,2,0.75,high,0.5315857222222222,0.37993508333333337,0.9979215082856343,0.23585699999999998,0.7857142857142857,0.8195578231292516,-0.06955782312925163,False,0.8108630952380952
baseline,drivers_removed,supply,4,10,0.975,high,0.5427402407407407,0.4562690277777778,0.5690149668707438,0.5092197777777778,0.9285714285714286,0.7874149659863946,0.18758503401360538,True,0.8108630952380952
drivers,drivers_removed,supply,6,8,0.7916666666666666,high,0.5546362962962963,0.500310888888889,0.35748278342534257,0.5468005,0.8571428571428571,0.8136054421768707,-0.021938775510204067,False,0.8108630952380952
managers,drivers_removed,supply,7,7,0.7551020408163265,high,0.5249997777777778,0.4537315833333333,0.46897305948642987,0.48951369444444437,0.8571428571428571,0.8188289601554908,-0.0637269193391643,False,0.8108630952380952
managers_drivers,drivers_removed,supply,8,6,0.8333333333333334,high,0.5489538055555556,0.4795923888888889,0.4564257034719279,0.5142544305555556,0.8571428571428571,0.8076530612244898,0.025680272108843605,False,0.8108630952380952
students,drivers_removed,supply,6,8,0.7083333333333334,high,0.5282123055555555,0.448608875,0.5238222276327712,0.5273720277777778,0.8571428571428571,0.8255102040816327,-0.1171768707482993,False,0.8108630952380952
students_drivers,drivers_removed,supply,7,7,0.8163265306122449,high,0.5512314444444445,0.4656487777777777,0.5631679789076329,0.5053079444444444,0.7857142857142857,0.8100826044703595,0.006243926141885403,False,0.8108630952380952
bank_tellers,passengers_unassigned,demand,7,7,0.8163265306122449,high,36.488865777777775,25.22631955555556,1.4007046141516226,26.712014166666663,0.8571428571428571,0.7975218658892127,0.018804664723032216,False,0.7998724489795919
bank_tellers_drivers,passengers_unassigned,demand,12,2,0.75,high,28.731011375,19.272027944444442,1.1763984337947255,11.271814777777777,0.7857142857142857,0.8069970845481048,-0.056997084548104815,False,0.7998724489795919
baseline,passengers_unassigned,demand,4,10,0.95,high,39.93228055555556,25.416898194444443,1.8052545710548702,39.0197465925926,0.9285714285714286,0.7784256559766763,0.1715743440233236,True,0.7998724489795919
drivers,passengers_unassigned,demand,6,8,0.7708333333333334,high,39.74838259259259,26.898046083333334,1.598175517930883,34.76249437962963,0.8571428571428571,0.8040208940719145,-0.03318756073858109,False,0.7998724489795919
managers,passengers_unassigned,demand,7,7,0.7551020408163265,high,36.23541977777778,25.87749983333333,1.288197710618035,29.30871543055555,0.8571428571428571,0.806268221574344,-0.05116618075801749,False,0.7998724489795919
managers_drivers,passengers_unassigned,demand,8,6,0.7708333333333334,high,33.758233958333335,26.238578527777783,0.9352073545879962,11.933064916666666,0.7142857142857143,0.8040208940719145,-0.03318756073858109,False,0.7998724489795919
students,passengers_unassigned,demand,6,8,0.7083333333333334,high,38.75092144907408,25.605766375,1.634841624859605,33.308481685185185,0.8571428571428571,0.8129494655004859,-0.10461613216715249,False,0.7998724489795919
students_drivers,passengers_unassigned,demand,7,7,0.8775510204081632,high,38.60722207407407,25.81174111111111,1.591353222573069,29.919701374999995,0.8571428571428571,0.7887755102040815,0.0887755102040817,False,0.7998724489795919
bank_tellers,drivers_pickup_reject,driver_decisions,7,7,0.8571428571428571,high,0.36993807407407414,0.2501297222222222,1.4692659314944503,0.3024162777777778,0.9285714285714286,0.7888362487852284,0.0683066083576287,False,0.7973745748299319
bank_tellers_drivers,drivers_pickup_reject,driver_decisions,12,2,0.75,high,0.32756491666666665,0.2017685833333333,1.5426993528976531,0.09801852777777778,0.7857142857142857,0.8041423712342077,-0.05414237123420773,False,0.7973745748299319
baseline,drivers_pickup_reject,driver_decisions,4,10,0.95,high,0.3721574861111111,0.26083315277777774,1.3652224388768301,0.32660856944444444,0.9285714285714286,0.7755709426627793,0.1744290573372207,True,0.7973745748299319
drivers,drivers_pickup_reject,driver_decisions,6,8,0.7708333333333334,high,0.36395060185185185,0.27930065277777777,1.0381019716477695,0.3510694166666667,0.8571428571428571,0.8011661807580175,-0.030332847424684117,False,0.7973745748299319
managers,drivers_pickup_reject,driver_decisions,7,7,0.7755102040816326,high,0.3515551111111112,0.2764717222222222,0.9207827635589687,0.32014369444444446,0.8571428571428571,0.8004980563654032,-0.02498785228377054,False,0.7973745748299319
managers_drivers,drivers_pickup_reject,driver_decisions,8,6,0.7708333333333334,high,0.3480326111111111,0.2806389166666667,0.8264804390866711,0.327051,0.7857142857142857,0.8011661807580174,-0.030332847424684006,False,0.7973745748299319
students,drivers_pickup_reject,driver_decisions,6,8,0.7291666666666666,high,0.35454946296296286,0.2768635416666667,0.9526988373777778,0.34158179629629626,0.8571428571428571,0.8071185617103983,-0.07795189504373168,False,0.7973745748299319
students_drivers,drivers_pickup_reject,driver_decisions,7,7,0.7755102040816326,high,0.3608148888888889,0.26074105555555555,1.227252288158804,0.3505881388888889,0.7857142857142857,0.8004980563654032,-0.02498785228377054,False,0.7973745748299319
bank_tellers,passengers_drivers_ratio,demand,7,7,0.8571428571428571,high,0.2954436296296296,0.18974430555555558,1.511249970765977,0.22738026388888888,0.8571428571428571,0.7827623906705539,0.07438046647230323,False,0.7920599489795919
bank_tellers_drivers,passengers_drivers_ratio,demand,12,2,0.75,high,0.24955197222222225,0.15319613888888892,1.377660184525707,0.08038752777777777,0.7857142857142857,0.7980685131195335,-0.04806851311953353,False,0.7920599489795919
baseline,passengers_drivers_ratio,demand,4,10,0.95,high,0.3577510231481481,0.2003014861111111,2.251155438587163,0.3217701851851852,0.9285714285714286,0.769497084548105,0.180502915451895,True,0.7920599489795919
drivers,passengers_drivers_ratio,demand,6,8,0.75,high,0.32863888888888887,0.21689272222222222,1.5977054970556053,0.29991660185185187,0.8571428571428571,0.7980685131195335,-0.04806851311953353,False,0.7920599489795919
managers,passengers_drivers_ratio,demand,7,7,0.7551020408163265,high,0.2824785925925926,0.21429799999999993,0.9748209788943755,0.26475434722222224,0.8571428571428571,0.7973396501457727,-0.0422376093294462,False,0.7920599489795919
managers_drivers,passengers_drivers_ratio,demand,8,6,0.7291666666666666,high,0.28031431481481484,0.20893661111111111,1.02053209498265,0.08884730555555556,0.7142857142857143,0.801044703595724,-0.07187803692905737,False,0.7920599489795919
students,passengers_drivers_ratio,demand,6,8,0.7083333333333334,high,0.3293146296296296,0.20490733333333333,1.778729661119633,0.28792924999999997,0.8571428571428571,0.8040208940719145,-0.09568756073858109,False,0.7920599489795919
students_drivers,passengers_drivers_ratio,demand,7,7,0.8367346938775511,high,0.3058354814814815,0.19988733333333333,1.5148075656509439,0.2629286805555555,0.7857142857142857,0.7856778425655977,0.051056851311953366,False,0.7920599489795919
bank_tellers,passengers_change_provider,passenger_decisions,7,7,0.8163265306122449,high,4.513824083333334,3.7719075555555555,0.650596220952685,4.310284583333333,0.8571428571428571,0.7858600583090378,0.030466472303207093,False,0.7896683673469388
bank_tellers_drivers,passengers_change_provider,passenger_decisions,12,2,0.7916666666666666,high,4.422088055555555,2.9768753611111114,1.267325746596698,1.856523222222222,0.7857142857142857,0.789382896015549,0.0022837706511176226,False,0.7896683673469388
baseline,passengers_change_provider,passenger_decisions,4,10,0.825,high,3.575736148148148,3.154534833333333,0.3693568931529451,3.2771155000000003,0.7857142857142857,0.7846209912536443,0.040379008746355693,False,0.7896683673469388
drivers,passengers_change_provider,passenger_decisions,6,8,0.7916666666666666,high,3.6775200462962965,3.233509055555556,0.389358993662839,3.5937661666666667,0.8571428571428571,0.789382896015549,0.0022837706511176226,False,0.7896683673469388
managers,passengers_change_provider,passenger_decisions,7,7,0.7142857142857143,high,4.3730088333333335,3.8992405555555556,0.41545354442057536,4.328752069444445,0.7857142857142857,0.8004373177842564,-0.08615160349854212,False,0.7896683673469388
managers_drivers,passengers_change_provider,passenger_decisions,8,6,0.8333333333333334,high,4.553770833333333,3.8724025833333333,0.5975006512591425,4.265041666666667,0.8571428571428571,0.7834305150631681,0.049902818270165294,False,0.7896683673469388
students,passengers_change_provider,passenger_decisions,6,8,0.7083333333333334,high,4.068243472222223,3.669939861111111,0.3492775999435806,3.985328625,0.8571428571428571,0.8012876579203109,-0.0929543245869775,False,0.7896683673469388
students_drivers,passengers_change_provider,passenger_decisions,7,7,0.8367346938775511,high,4.008620333333332,3.577147777777778,0.37836387730847504,3.739222263888889,0.8571428571428571,0.7829446064139941,0.05379008746355696,False,0.7896683673469388
bank_tellers,drivers_reject,driver_decisions,7,7,0.7959183673469388,high,1.4573148333333337,1.2784349722222224,0.39450941168590825,1.3198520833333334,0.7857142857142857,0.7818148688046647,0.014103498542274107,False,0.783577806122449
bank_tellers_drivers,drivers_reject,driver_decisions,12,2,0.7916666666666666,high,1.4612134444444442,1.0665323055555556,0.8704469186157474,0.7183101944444444,0.7857142857142857,0.7824222546161322,0.00924441205053439,False,0.783577806122449
baseline,drivers_reject,driver_decisions,4,10,0.9,high,1.4688146666666666,1.3075279027777778,0.35570883127534547,1.4100135833333334,0.9285714285714286,0.7669460641399416,0.13305393586005843,False,0.783577806122449
drivers,drivers_reject,driver_decisions,6,8,0.7708333333333334,high,1.5683595555555558,1.3577083333333333,0.46457935082019386,1.4253217083333332,0.7857142857142857,0.7853984450923226,-0.014565111758989224,False,0.783577806122449
managers,drivers_reject,driver_decisions,7,7,0.6938775510204082,high,1.5159902222222224,1.2976204166666667,0.48160224960246906,1.4663562777777779,0.7857142857142857,0.7963921282798834,-0.10251457725947521,False,0.783577806122449
managers_drivers,drivers_reject,driver_decisions,8,6,0.8125,high,1.5296088749999999,1.3525093055555555,0.39058307915365165,1.4067336944444444,0.7857142857142857,0.7794460641399417,0.03305393586005834,False,0.783577806122449
students,drivers_reject,driver_decisions,6,8,0.6875,high,1.486171361111111,1.2911781805555556,0.4300464259414491,1.4386247777777776,0.8571428571428571,0.7973032069970846,-0.10980320699708457,False,0.783577806122449
students_drivers,drivers_reject,driver_decisions,7,7,0.8163265306122449,high,1.496110833333333,1.3322503888888888,0.36138493810779065,1.4878124305555556,0.7857142857142857,0.778899416909621,0.03742711370262397,False,0.783577806122449
bank_tellers,rides_offers_generated,matching,7,7,0.7959183673469388,high,99.46124961111111,86.22756466666667,0.4481484105992352,88.83955311111112,0.7857142857142857,0.7811588921282799,0.014759475218658835,False,0.7830038265306123
bank_tellers_drivers,rides_offers_generated,matching,12,2,0.75,high,94.383956125,70.08416197222222,0.8228935608768273,45.36277777777778,0.7857142857142857,0.7877186588921282,-0.03771865889212822,False,0.7830038265306123
baseline,rides_offers_generated,matching,4,10,0.875,high,96.20268298611109,85.73908813888889,0.3543414717535298,89.56450934722221,0.8571428571428571,0.7698615160349853,0.10513848396501468,False,0.7830038265306123
drivers,rides_offers_generated,matching,6,8,0.7916666666666666,high,100.14610508333332,89.08643752777778,0.3745270087345439,96.51881474999999,0.8571428571428571,0.7817662779397473,0.00990038872691934,False,0.7830038265306123
managers,rides_offers_generated,matching,7,7,0.7346938775510204,high,97.81066672222224,88.18452791666667,0.32598167660991184,90.64192130555556,0.7857142857142857,0.789905247813411,-0.055211370262390536,False,0.7830038265306123
managers_drivers,rides_offers_generated,matching,8,6,0.8125,high,98.09045625,89.15070852777777,0.302737578360886,91.74412263888888,0.7857142857142857,0.7787900874635569,0.033709912536443065,False,0.7830038265306123
students,rides_offers_generated,matching,6,8,0.7083333333333334,high,98.80189362500002,87.64172918055556,0.37793025743018716,94.41387505555556,0.8571428571428571,0.7936710398445092,-0.08533770651117578,False,0.7830038265306123
students_drivers,rides_offers_generated,matching,7,7,0.7959183673469388,high,97.93450933333331,89.22013944444443,0.29510533396209193,96.3062826111111,0.7857142857142857,0.7811588921282799,0.014759475218658835,False,0.7830038265306123
bank_tellers,passengers_offers_discarded,passenger_decisions,7,7,0.7959183673469388,high,89.6320275,77.91371777777778,0.4377877140440249,80.33235420833333,0.7857142857142857,0.7781827016520895,0.0177356656948493,False,0.7803996598639455
bank_tellers_drivers,passengers_offers_discarded,passenger_decisions,12,2,0.75,high,85.22775477777779,63.852657305555546,0.7985584339084878,41.90082433333333,0.7857142857142857,0.7847424684159378,-0.034742468415937755,False,0.7803996598639455
baseline,passengers_offers_discarded,passenger_decisions,4,10,0.875,high,86.42012018055556,77.33170134722222,0.33953686151291923,80.84086123611112,0.8571428571428571,0.766885325558795,0.10811467444120504,False,0.7803996598639455
drivers,passengers_offers_discarded,passenger_decisions,6,8,0.7916666666666666,high,89.95217840277778,80.29774063888888,0.3606829260552865,87.02474538888889,0.8571428571428571,0.7787900874635569,0.012876579203109695,False,0.7803996598639455
managers,passengers_offers_discarded,passenger_decisions,7,7,0.7346938775510204,high,88.03214783333333,79.8303378611111,0.30641378525381147,82.01042806944444,0.7857142857142857,0.7869290573372206,-0.05223517978620018,False,0.7803996598639455
managers_drivers,passengers_offers_discarded,passenger_decisions,8,6,0.7916666666666666,high,88.43314115277778,80.514935,0.2958185483338242,82.86701143055555,0.7857142857142857,0.7787900874635569,0.012876579203109695,False,0.7803996598639455
students,passengers_offers_discarded,passenger_decisions,6,8,0.7083333333333334,high,88.83783091666666,79.23797913888887,0.3586436324502453,85.177273,0.8571428571428571,0.7906948493683188,-0.08236151603498543,False,0.7803996598639455
students_drivers,passengers_offers_discarded,passenger_decisions,7,7,0.7959183673469388,high,88.09840744444443,80.67134277777778,0.27746985184314954,86.80892588888888,0.7857142857142857,0.7781827016520895,0.0177356656948493,False,0.7803996598639455
bank_tellers,passengers_reject,passenger_decisions,7,7,0.8163265306122449,high,8.928814611111111,7.223018444444444,0.9482451348898621,8.742443333333332,0.8571428571428571,0.7740160349854227,0.04231049562682221,False,0.7793048469387756
bank_tellers_drivers,passengers_reject,passenger_decisions,12,2,0.75,high,8.999736796296297,5.793647833333333,1.7822517839834002,3.4988008611111114,0.7857142857142857,0.7834912536443148,-0.03349125364431482,False,0.7793048469387756
baseline,passengers_reject,passenger_decisions,4,10,0.825,high,5.721947444444444,5.045187597222222,0.3762080400680608,5.923123481481481,0.8571428571428571,0.7727769679300291,0.05222303206997081,False,0.7793048469387756
drivers,passengers_reject,passenger_decisions,6,8,0.7708333333333334,high,5.829225296296297,5.145620444444445,0.38001315023607646,5.613402666666667,0.8571428571428571,0.7805150631681244,-0.009681729834790986,False,0.7793048469387756
managers,passengers_reject,passenger_decisions,7,7,0.6938775510204082,high,7.596197555555555,6.585759333333334,0.5616984883963662,7.577925277777778,0.7857142857142857,0.7915087463556851,-0.09763119533527698,False,0.7793048469387756
managers_drivers,passengers_reject,passenger_decisions,8,6,0.8333333333333334,high,7.812282296296296,6.65622238888889,0.6426489895228572,7.528449263888889,0.8571428571428571,0.771586491739553,0.06174684159378041,False,0.7793048469387756
students,passengers_reject,passenger_decisions,6,8,0.7083333333333334,high,6.298289935185185,5.684974611111111,0.3409394882995339,6.260970574074074,0.8571428571428571,0.7894436345966958,-0.08111030126336238,False,0.7793048469387756
students_drivers,passengers_reject,passenger_decisions,7,7,0.8367346938775511,high,6.254268388888889,5.351759388888889,0.5017010737670089,5.8148450277777775,0.8571428571428571,0.771100583090379,0.06563411078717207,False,0.7793048469387756
bank_tellers,drivers_change_provider,driver_decisions,7,7,0.7755102040816326,high,0.9771666111111111,0.8381293611111112,0.5162070806849626,0.8509121111111111,0.7857142857142857,0.7758624878522838,-0.0003522837706512183,False,0.7758184523809524
bank_tellers_drivers,drivers_change_provider,driver_decisions,12,2,0.7916666666666666,high,0.898935,0.6821431111111111,0.80488867608869,0.4669910277777778,0.7857142857142857,0.7735544217687076,0.01811224489795904,False,0.7758184523809524
baseline,drivers_change_provider,driver_decisions,4,10,0.9,high,0.9579512361111111,0.8358724444444443,0.4532449876547318,0.9045419444444445,0.9285714285714286,0.7580782312925171,0.14192176870748296,False,0.7758184523809524
drivers,drivers_change_provider,driver_decisions,6,8,0.7708333333333334,high,0.9756454814814814,0.8826503888888889,0.34526520961289164,0.9511576666666667,0.8571428571428571,0.7765306122448979,-0.005697278911564574,False,0.7758184523809524
managers,drivers_change_provider,driver_decisions,7,7,0.7142857142857143,high,0.9606942222222222,0.8391573888888888,0.45123284537557345,0.943346722222222,0.7857142857142857,0.7846088435374149,-0.07032312925170059,False,0.7758184523809524
managers_drivers,drivers_change_provider,driver_decisions,8,6,0.7916666666666666,high,0.946555361111111,0.8635716666666667,0.3080956409424063,0.9203421944444445,0.7857142857142857,0.7735544217687076,0.01811224489795904,False,0.7758184523809524
students,drivers_change_provider,driver_decisions,6,8,0.6666666666666666,high,0.9634491249999999,0.8511874444444445,0.4167967533331617,0.9276017361111112,0.8571428571428571,0.7914115646258504,-0.12474489795918375,False,0.7758184523809524
students_drivers,drivers_change_provider,driver_decisions,7,7,0.7959183673469388,high,0.9675005,0.8725186666666667,0.3526414317249924,0.9387455833333334,0.7857142857142857,0.7729470359572401,0.022971331389698646,False,0.7758184523809524
bank_tellers,passengers_pickup_reject,passenger_decisions,7,7,0.8775510204081632,high,0.35211111111111115,0.2506850555555556,2.052533370608521,0.3057083611111111,0.9285714285714286,0.7609207968901847,0.11663022351797858,False,0.7754995748299319
bank_tellers_drivers,passengers_pickup_reject,passenger_decisions,12,2,0.7083333333333334,high,0.30701177777777783,0.18688875,2.4308992570195476,0.07811091666666667,0.7857142857142857,0.7850947521865889,-0.07676141885325549,False,0.7754995748299319
baseline,passengers_pickup_reject,passenger_decisions,4,10,0.9,high,0.23871522222222225,0.17067358333333332,1.3769413948454523,0.20835395833333337,0.8571428571428571,0.7577137998056366,0.14228620019436344,False,0.7754995748299319
drivers,passengers_pickup_reject,passenger_decisions,6,8,0.7083333333333334,high,0.2210223981481481,0.17128462500000002,1.0065307046315335,0.2294514722222222,0.7857142857142857,0.7850947521865889,-0.07676141885325549,False,0.7754995748299319
managers,passengers_pickup_reject,passenger_decisions,7,7,0.7551020408163265,high,0.31941970370370376,0.23563005555555555,1.6956298654581812,0.2758449305555555,0.7857142857142857,0.778413508260447,-0.023311467444120493,False,0.7754995748299319
managers_drivers,passengers_pickup_reject,passenger_decisions,8,6,0.75,high,0.2967985138888889,0.2425511388888889,1.0977903739382435,0.08597216666666667,0.7142857142857143,0.779142371234208,-0.029142371234208042,False,0.7754995748299319
students,passengers_pickup_reject,passenger_decisions,6,8,0.7291666666666666,high,0.25447254629629623,0.197930375,1.144229584761314,0.24434254629629626,0.8571428571428571,0.7821185617103985,-0.05295189504373188,False,0.7754995748299319
students_drivers,passengers_pickup_reject,passenger_decisions,7,7,0.7755102040816326,high,0.25380192592592593,0.17561183333333333,1.5823130793976323,0.24832671296296294,0.7857142857142857,0.7754980563654034,1.2147716229260475e-05,False,0.7754995748299319
bank_tellers,rides_partial_acceptances,matching,7,7,0.7959183673469388,high,6.779629444444446,5.797134611111111,0.45571266517452014,6.027173722222223,0.7857142857142857,0.7722910592808553,0.023627308066083486,False,0.7752444727891157
bank_tellers_drivers,rides_partial_acceptances,matching,12,2,0.75,high,6.5213079305555555,4.8011575,0.7978610274723099,3.057240888888888,0.7857142857142857,0.7788508260447037,-0.02885082604470368,False,0.7752444727891157
baseline,rides_partial_acceptances,matching,4,10,0.875,high,6.884085541666668,6.128373027777778,0.35052374030469907,6.429259513888889,0.8571428571428571,0.7609936831875608,0.11400631681243922,False,0.7752444727891157
drivers,rides_partial_acceptances,matching,6,8,0.7708333333333334,high,7.15361737037037,6.423058013888888,0.3388568978839661,6.6456064999999995,0.7857142857142857,0.7758746355685132,-0.005041302235179845,False,0.7752444727891157
managers,rides_partial_acceptances,matching,7,7,0.7142857142857143,high,6.637397999999998,6.049930527777779,0.2724862853084307,6.234886597222223,0.7857142857142857,0.7839528668610302,-0.06966715257531586,False,0.7752444727891157
managers_drivers,rides_partial_acceptances,matching,8,6,0.7916666666666666,high,6.808333291666668,6.094066916666667,0.3312996896802612,6.383828472222222,0.7857142857142857,0.7728984450923228,0.01876822157434388,False,0.7752444727891157
students,rides_partial_acceptances,matching,6,8,0.7083333333333334,high,6.950125069444445,6.124703875,0.3828568656545742,6.632166833333333,0.8571428571428571,0.7848032069970846,-0.07646987366375124,False,0.7752444727891157
students_drivers,rides_partial_acceptances,matching,7,7,0.7959183673469388,high,6.923583055555555,6.208379166666666,0.3317345387384425,6.839087972222221,0.7857142857142857,0.7722910592808553,0.023627308066083486,False,0.7752444727891157
bank_tellers,passengers_accept,passenger_decisions,7,7,0.7959183673469388,high,11.207333222222223,9.592935194444445,0.4727488253326058,9.970254680555556,0.7857142857142857,0.7722303206997084,0.023688046647230343,False,0.7751913265306123
bank_tellers_drivers,passengers_accept,passenger_decisions,12,2,0.75,high,10.599923555555556,8.001559944444445,0.7608863017694737,5.300027833333333,0.7857142857142857,0.7787900874635568,-0.028790087463556824,False,0.7751913265306123
baseline,passengers_accept,passenger_decisions,4,10,0.875,high,11.165932847222223,9.95590488888889,0.35433597296269476,10.435810277777776,0.8571428571428571,0.7609329446064139,0.11406705539358608,False,0.7751913265306123
drivers,passengers_accept,passenger_decisions,6,8,0.7708333333333334,high,11.593729333333332,10.360976888888889,0.36099044969672694,11.221462916666667,0.8571428571428571,0.7758138969873664,-0.004980563654032988,False,0.7751913265306123
managers,passengers_accept,passenger_decisions,7,7,0.7346938775510204,high,11.052565,9.914555833333333,0.333246502722722,10.267698750000001,0.7857142857142857,0.7809766763848396,-0.04628279883381914,False,0.7751913265306123
managers_drivers,passengers_accept,passenger_decisions,8,6,0.7708333333333334,high,10.994955847222222,10.060803444444446,0.27355053926986966,5.588643694444444,0.7142857142857143,0.7758138969873664,-0.004980563654032988,False,0.7751913265306123
students,passengers_accept,passenger_decisions,6,8,0.7083333333333334,high,11.253208194444444,10.06743313888889,0.34723392557300425,10.867486416666667,0.8571428571428571,0.7847424684159378,-0.07640913508260438,False,0.7751913265306123
students_drivers,passengers_accept,passenger_decisions,7,7,0.7959183673469388,high,11.276064777777778,10.321944000000002,0.2793979360472585,11.098356666666666,0.7857142857142857,0.7722303206997083,0.023688046647230454,False,0.7751913265306123
bank_tellers,drivers_pickup,supply,7,7,0.8367346938775511,high,1237.341837185185,818.7186320555555,1.4643736997281105,1009.8874780833332,0.8571428571428571,0.7633624878522837,0.0733722060252674,False,0.7725340136054422
bank_tellers_drivers,drivers_pickup,supply,12,2,0.6666666666666666,high,1032.9807082777777,763.3453402777777,0.9432036651992176,385.8184328055556,0.7857142857142857,0.7876579203109815,-0.12099125364431484,False,0.7725340136054422
baseline,drivers_pickup,supply,4,10,1.0,high,1346.047984638889,906.5841688749999,1.5372756357056758,1251.698736138889,1.0,0.7400388726919339,0.2599611273080661,True,0.7725340136054422
drivers,drivers_pickup,supply,6,8,0.7291666666666666,high,1294.9514912407408,941.7759664027778,1.2354330663543516,1238.7698966574076,0.8571428571428571,0.7787293488824101,-0.04956268221574345,False,0.7725340136054422
managers,drivers_pickup,supply,7,7,0.7755102040816326,high,1248.3985539999999,931.7176716111112,1.1077722154302925,1152.1918278333333,0.8571428571428571,0.7721088435374149,0.003401360544217691,False,0.7725340136054422
managers_drivers,drivers_pickup,supply,8,6,0.7083333333333334,high,1109.3347732083334,933.2459389166668,0.6159712471568555,414.3704543055556,0.7142857142857143,0.7817055393586007,-0.07337220602526728,False,0.7725340136054422
students,drivers_pickup,supply,6,8,0.7291666666666666,high,1284.595047087963,973.0932499166668,1.0896554075506513,1234.872947601852,0.8571428571428571,0.7787293488824101,-0.04956268221574345,False,0.7725340136054422
students_drivers,drivers_pickup,supply,7,7,0.7346938775510204,high,1237.4321169629632,955.2469972222223,0.9871035879986891,1222.3795962870372,0.7857142857142857,0.7779397473275024,-0.04324586977648193,False,0.7725340136054422
bank_tellers,rides_offers_lyft,matching,7,7,0.7959183673469388,high,38.60013416666666,33.285662111111115,0.4755111431063761,34.57646754166666,0.7857142857142857,0.7639577259475219,0.0319606413994169,False,0.767952806122449
bank_tellers_drivers,rides_offers_lyft,matching,12,2,0.75,high,35.82764333333333,26.02342136111111,0.8772304658948274,16.997879583333333,0.8571428571428571,0.7705174927113703,-0.020517492711370267,False,0.767952806122449
baseline,rides_offers_lyft,matching,4,10,0.9,high,38.05931496759259,32.32934945833333,0.512687322613677,35.151203611111114,0.9285714285714286,0.7490889212827988,0.15091107871720122,True,0.767952806122449
drivers,rides_offers_lyft,matching,6,8,0.75,high,38.11842882407407,34.03423606944445,0.36543219065203975,37.19523896296296,0.8571428571428571,0.7705174927113703,-0.020517492711370267,False,0.767952806122449
managers,rides_offers_lyft,matching,7,7,0.7346938775510204,high,38.46181466666667,33.30617630555556,0.4612995354773302,35.33921297222223,0.7857142857142857,0.772704081632653,-0.03801020408163258,False,0.767952806122449
managers_drivers,rides_offers_lyft,matching,8,6,0.75,high,37.13491894444445,34.568168819444445,0.22965936658398697,17.375875055555554,0.7142857142857143,0.7705174927113703,-0.020517492711370267,False,0.767952806122449
students,rides_offers_lyft,matching,6,8,0.6875,high,38.767583430555554,33.56071998611111,0.46588288781730364,37.19108804166667,0.8571428571428571,0.7794460641399417,-0.09194606413994166,False,0.767952806122449
students_drivers,rides_offers_lyft,matching,7,7,0.7755102040816326,high,38.97603733333333,33.98970361111112,0.4461510425452594,37.43353730555556,0.7857142857142857,0.7668731778425657,0.008637026239066925,False,0.767952806122449
bank_tellers,rides_offers_uber,matching,7,7,0.8163265306122449,high,59.60679627777778,51.78893977777778,0.4158028120253956,58.119974166666665,0.8571428571428571,0.7552113702623907,0.0611151603498542,False,0.7628507653061224
bank_tellers_drivers,rides_offers_uber,matching,12,2,0.7916666666666666,high,58.946039347222225,44.06090258333334,0.7916852559019972,28.48703227777778,0.7857142857142857,0.7587342079689019,0.03293245869776473,False,0.7628507653061224
baseline,rides_offers_uber,matching,4,10,0.775,high,57.759810208333334,52.36201158333334,0.2870889030799951,58.413837791666666,0.7857142857142857,0.7611151603498543,0.013884839650145753,False,0.7628507653061224
drivers,rides_offers_uber,matching,6,8,0.7916666666666666,high,61.07141670833333,54.004176027777774,0.3758803385858092,56.45465736111112,0.7857142857142857,0.7587342079689019,0.03293245869776473,False,0.7628507653061224
managers,rides_offers_uber,matching,7,7,0.673469387755102,high,59.34855550000001,53.980426,0.2855109122834991,58.89589825000001,0.7857142857142857,0.7756195335276967,-0.10215014577259474,False,0.7628507653061224
managers_drivers,rides_offers_uber,matching,8,6,0.7916666666666666,high,60.571067097222226,54.56055351388889,0.3196769408170687,56.021213097222216,0.7857142857142857,0.7587342079689018,0.032932458697764844,False,0.7628507653061224
students,rides_offers_uber,matching,6,8,0.6875,high,60.03439325,54.256249805555555,0.30731803435968724,57.6608145,0.8571428571428571,0.7736151603498541,-0.08611516034985411,False,0.7628507653061224
students_drivers,rides_offers_uber,matching,7,7,0.7755102040816326,high,58.95828688888889,54.57643516666667,0.23305445271070424,35.41455545833333,0.7142857142857143,0.7610422740524782,0.014467930029154474,False,0.7628507653061224
bank_tellers,drivers_pickup_accept,driver_decisions,7,7,0.8163265306122449,high,1.4819721666666668,1.0344536111111111,1.2320291037409614,1.1750231944444445,0.7857142857142857,0.7443148688046648,0.07201166180758012,False,0.7533163265306122
bank_tellers_drivers,drivers_pickup_accept,driver_decisions,12,2,0.625,high,1.2073357083333331,0.8616483888888888,0.9516853168714758,0.3958376805555555,0.7857142857142857,0.7716472303206998,-0.14664723032069982,False,0.7533163265306122
baseline,drivers_pickup_accept,driver_decisions,4,10,0.95,high,1.5287360416666669,1.1247938194444445,1.1120624336788993,1.3436342222222224,0.9285714285714286,0.7252186588921283,0.22478134110787162,True,0.7533163265306122
drivers,drivers_pickup_accept,driver_decisions,6,8,0.7291666666666666,high,1.463866962962963,1.1543238472222221,0.8521794743947915,1.3892153055555556,0.8571428571428571,0.7567662779397474,-0.02759961127308075,False,0.7533163265306122
managers,drivers_pickup_accept,driver_decisions,7,7,0.7755102040816326,high,1.50706925,1.1763428055555556,0.9104976762952133,1.322967361111111,0.8571428571428571,0.7501457725947522,0.02536443148688039,False,0.7533163265306122
managers_drivers,drivers_pickup_accept,driver_decisions,8,6,0.6666666666666666,high,1.2963704444444444,1.167705875,0.354216584335969,0.41882183333333334,0.7142857142857143,0.7656948493683188,-0.09902818270165215,False,0.7533163265306122
students,drivers_pickup_accept,driver_decisions,6,8,0.7291666666666666,high,1.5021209444444446,1.203479125,0.8221679494226757,1.4286267777777777,0.8571428571428571,0.7567662779397474,-0.02759961127308075,False,0.7533163265306122
students_drivers,drivers_pickup_accept,driver_decisions,7,7,0.7346938775510204,high,1.4131527222222222,1.1700552222222222,0.6692531322524962,1.382363361111111,0.7857142857142857,0.7559766763848398,-0.02128279883381934,False,0.7533163265306122
bank_tellers,passengers_pickup_accept,passenger_decisions,7,7,0.8163265306122449,high,1.4483653888888888,1.0337920555555553,1.0420581443644024,1.1607319166666668,0.7857142857142857,0.7443148688046648,0.07201166180758012,False,0.7533163265306122
bank_tellers_drivers,passengers_pickup_accept,passenger_decisions,12,2,0.625,high,1.2236365694444444,0.8763845277777779,0.8728415193916234,0.41261129166666666,0.7857142857142857,0.7716472303206998,-0.14664723032069982,False,0.7533163265306122
baseline,passengers_pickup_accept,passenger_decisions,4,10,0.95,high,1.6651851249999998,1.220944388888889,1.1166291700455575,1.4480048888888888,0.9285714285714286,0.7252186588921283,0.22478134110787162,True,0.7533163265306122
drivers,passengers_pickup_accept,passenger_decisions,6,8,0.7291666666666666,high,1.6380674583333334,1.2692572222222223,0.9270295008471557,1.542044125,0.8571428571428571,0.7567662779397474,-0.02759961127308075,False,0.7533163265306122
managers,passengers_pickup_accept,passenger_decisions,7,7,0.7755102040816326,high,1.5351573888888888,1.1999260277777777,0.842626724887106,1.3693930555555553,0.8571428571428571,0.7501457725947522,0.02536443148688039,False,0.7533163265306122
managers_drivers,passengers_pickup_accept,passenger_decisions,8,6,0.6666666666666666,high,1.3491506111111113,1.20566,0.3606733668707397,0.4471179444444444,0.7142857142857143,0.7656948493683188,-0.09902818270165215,False,0.7533163265306122
students,passengers_pickup_accept,passenger_decisions,6,8,0.7291666666666666,high,1.6031410787037035,1.2848194166666667,0.800123051297656,1.5295673472222222,0.8571428571428571,0.7567662779397474,-0.02759961127308075,False,0.7533163265306122
students_drivers,passengers_pickup_accept,passenger_decisions,7,7,0.7346938775510204,high,1.5508192222222223,1.2551385555555554,0.7432133763976528,1.499840388888889,0.7857142857142857,0.7559766763848398,-0.02128279883381934,False,0.7533163265306122
bank_tellers,drivers_change_zone,driver_decisions,7,7,0.7346938775510204,high,1.5933891666666669,1.4248332777777777,0.32405834595365124,1.5364445,0.7857142857142857,0.7439625850340137,-0.009268707482993244,False,0.7428039965986395
bank_tellers_drivers,drivers_change_zone,driver_decisions,12,2,0.7916666666666666,high,1.6144676944444445,1.2767316666666666,0.6493168482696516,0.9407961388888888,0.7857142857142857,0.7358236151603499,0.05584305150631674,False,0.7428039965986395
baseline,drivers_change_zone,driver_decisions,4,10,0.8,high,1.6094514305555556,1.4443311250000002,0.3174532403134683,1.5456066111111113,0.7857142857142857,0.7346331389698736,0.06536686103012646,False,0.7428039965986395
drivers,drivers_change_zone,driver_decisions,6,8,0.7708333333333334,high,1.715607689814815,1.5042873055555555,0.4062755365046144,1.5452546666666667,0.7857142857142857,0.7387998056365402,0.03203352769679313,False,0.7428039965986395
managers,drivers_change_zone,driver_decisions,7,7,0.6530612244897959,high,1.5756942777777776,1.4521019166666669,0.237613389708231,1.5455045277777777,0.7142857142857143,0.7556243926141885,-0.10256316812439259,False,0.7428039965986395
managers_drivers,drivers_change_zone,driver_decisions,8,6,0.75,high,1.638930625,1.4568375277777776,0.35008440395878987,1.55225925,0.7857142857142857,0.7417759961127308,0.008224003887269182,False,0.7428039965986395
students,drivers_change_zone,driver_decisions,6,8,0.6666666666666666,high,1.6351250833333335,1.4615696388888888,0.33367027772605407,1.5563889722222224,0.7857142857142857,0.7536807580174927,-0.08701409135082605,False,0.7428039965986395
students_drivers,drivers_change_zone,driver_decisions,7,7,0.7755102040816326,high,1.6298240555555557,1.4780369444444443,0.2918194106891994,1.1344767222222223,0.7142857142857143,0.7381316812439261,0.037378522837706485,False,0.7428039965986395
bank_tellers,drivers_waiting,supply,7,7,0.7755102040816326,high,3.2802821666666664,2.901583361111111,0.3523156482373051,3.235604222222222,0.7857142857142857,0.7300898931000972,0.04542031098153543,False,0.7357674319727892
bank_tellers_drivers,drivers_waiting,supply,12,2,0.625,high,3.013657444444444,2.4370602777777775,0.5364268425614526,1.7066018611111113,0.7857142857142857,0.7515913508260448,-0.12659135082604478,False,0.7357674319727892
baseline,drivers_waiting,supply,4,10,0.85,high,3.261733722222222,2.9123540972222224,0.3250390739474453,3.213705972222222,0.8571428571428571,0.7194484936831876,0.13055150631681234,False,0.7357674319727892
drivers,drivers_waiting,supply,6,8,0.75,high,3.2684699166666666,2.900430638888889,0.34239874756627714,3.1658450555555557,0.8571428571428571,0.7337342079689019,0.016265792031098125,False,0.7357674319727892
managers,drivers_waiting,supply,7,7,0.7142857142857143,high,3.3030187499999997,2.9466758333333334,0.33151724758152396,3.2421390416666664,0.7857142857142857,0.7388362487852284,-0.024550534499514054,False,0.7357674319727892
managers_drivers,drivers_waiting,supply,8,6,0.6875,high,3.0881551527777775,3.030569541666667,0.05357374148035429,1.7418334166666667,0.7142857142857143,0.7426627793974733,-0.05516277939747327,False,0.7357674319727892
students,drivers_waiting,supply,6,8,0.7083333333333334,high,3.272066555555556,2.9286991250000005,0.3194457365723361,3.181608555555556,0.8571428571428571,0.7396865889212828,-0.031353255587949436,False,0.7357674319727892
students_drivers,drivers_waiting,supply,7,7,0.7755102040816326,high,3.201796583333333,2.918226944444444,0.26381393254989044,3.188453986111111,0.7857142857142857,0.7300898931000973,0.04542031098153532,False,0.7357674319727892
bank_tellers,drivers_acceptance_rate,driver_decisions,7,7,0.7142857142857143,low,1.9804785925925927,2.102441111111111,-0.6030760730415583,1.9313518935185185,0.7142857142857143,0.7030126336248784,0.011273080660835877,False,0.704421768707483
bank_tellers_drivers,drivers_acceptance_rate,driver_decisions,12,2,0.75,low,1.8361513472222222,1.9926499444444445,-0.7738488889515667,2.100882527777778,0.8571428571428571,0.6979105928085519,0.052089407191448056,False,0.704421768707483
baseline,drivers_acceptance_rate,driver_decisions,4,10,0.825,low,1.9082788333333336,2.040803189814815,-0.6553018866782104,1.9318975833333334,0.8571428571428571,0.6871963070942663,0.1378036929057337,False,0.704421768707483
drivers,drivers_acceptance_rate,driver_decisions,6,8,0.5625,low,1.8434955185185187,1.847265,-0.01863920257525205,1.6501864166666667,0.6428571428571429,0.7246963070942662,-0.16219630709426625,False,0.704421768707483
managers,drivers_acceptance_rate,driver_decisions,7,7,0.6326530612244898,low,1.9932020000000001,2.001973833333333,-0.043374660217747114,1.8882251712962963,0.6428571428571429,0.7146744412050534,-0.08202137998056358,False,0.704421768707483
managers_drivers,drivers_acceptance_rate,driver_decisions,8,6,0.875,low,1.7788103333333334,1.9993165277777778,-1.0903514574988231,1.9795396203703701,0.8571428571428571,0.6800534499514092,0.19494655004859085,True,0.704421768707483
students,drivers_acceptance_rate,driver_decisions,6,8,0.5208333333333333,low,1.9979584722222223,2.0064044166666664,-0.04176321603189159,1.85425987962963,0.7142857142857143,0.7306486880466473,-0.20981535471331403,False,0.704421768707483
students_drivers,drivers_acceptance_rate,driver_decisions,7,7,0.7551020408163265,low,1.7961276666666666,1.8763389444444445,-0.3966259716793485,1.8265560277777777,0.7142857142857143,0.6971817298347911,0.05792031098153538,False,0.704421768707483
