scenario,personality,hardiness_peak,consistency_peak,resilience_ticks,rebuilt_matches,p99_h,p99_c,p99_r
boycott_tncs-long_rides,bank_tellers_drivers,0.2798050990150646,0.029752770342791876,3772.0,True,0.22255903755107478,0.028211478200948603,2894.0
boycott_tncs-long_rides,managers_drivers,0.2564511992722593,0.013982492629289717,3677.0,True,0.22255903755107478,0.028211478200948603,2894.0
boycott_tncs-long_rides,students_drivers,0.36530539034722953,0.06522519142291414,3156.0,True,0.22255903755107478,0.028211478200948603,2894.0
boycott_tncs,bank_tellers_drivers,0.314895334724072,0.04440668315433478,3041.0,True,0.22255903755107478,0.028211478200948603,2894.0
boycott_tncs,drivers,0.3483706378002431,0.05412851356424015,3375.0,True,0.22255903755107478,0.028211478200948603,2894.0
flash_mob-boycott_tncs,managers_drivers,0.4426282590379208,0.08936194213977565,2938.0,True,0.22255903755107478,0.028211478200948603,2894.0
flash_mob-boycott_tncs,managers,0.4851201141718686,0.10830412244433969,4958.0,True,0.22255903755107478,0.028211478200948603,2894.0
flash_mob-boycott_tncs,students,0.44125969913487756,0.08380907855706586,3809.0,True,0.22255903755107478,0.028211478200948603,2894.0
flash_mob-long_rides,bank_tellers_drivers,0.3550238611713666,0.030026271217286443,8537.0,True,0.22255903755107478,0.028211478200948603,2894.0
flash_mob-long_rides,managers_drivers,0.37050715993079986,0.03035096116771845,7990.0,True,0.22255903755107478,0.028211478200948603,2894.0
flash_mob-long_rides,bank_tellers,0.3564043715846994,0.03437444123904769,7991.0,True,0.22255903755107478,0.028211478200948603,2894.0
flash_mob-wildcat_strike,bank_tellers_drivers,0.35749680170575693,0.03140755522266994,6096.0,True,0.22255903755107478,0.028211478200948603,2894.0
flash_mob-wildcat_strike,bank_tellers,0.3637771528711741,0.0337207462601641,7673.0,True,0.22255903755107478,0.028211478200948603,2894.0
flash_mob-wildcat_strike,baseline,0.34125843193630434,0.028809315405333102,7292.0,True,0.22255903755107478,0.028211478200948603,2894.0
flash_mob-wildcat_strike,managers,0.3335588172899497,0.02910192845337086,4956.0,True,0.22255903755107478,0.028211478200948603,2894.0
flash_mob,bank_tellers_drivers,0.34100382676701785,0.028367866291579242,3272.0,True,0.22255903755107478,0.028211478200948603,2894.0
long_rides,bank_tellers_drivers,0.3348295964125561,0.029168841215046867,9304.0,True,0.22255903755107478,0.028211478200948603,2894.0
long_rides,drivers,0.29310580261268604,0.0317246625097289,3822.0,True,0.22255903755107478,0.028211478200948603,2894.0
long_rides,managers_drivers,0.3163538477466684,0.03026662367726636,3460.0,True,0.22255903755107478,0.028211478200948603,2894.0
long_rides,students_drivers,0.3187900334835095,0.030909974832667823,5412.0,True,0.22255903755107478,0.028211478200948603,2894.0
underground_alarm-flash_mob,bank_tellers_drivers,0.9136150605928834,0.07644402393855271,10232.0,True,0.22255903755107478,0.028211478200948603,2894.0
underground_alarm-flash_mob,drivers,0.7303551112399262,0.07510905656937257,8028.0,True,0.22255903755107478,0.028211478200948603,2894.0
underground_alarm-flash_mob,managers_drivers,0.7764850849273077,0.07556966003786744,7657.0,True,0.22255903755107478,0.028211478200948603,2894.0
underground_alarm-flash_mob,students_drivers,0.788097549930987,0.06861643245268315,9059.0,True,0.22255903755107478,0.028211478200948603,2894.0
underground_alarm-flash_mob,bank_tellers,0.7620087336244542,0.059511830126775196,7899.0,True,0.22255903755107478,0.028211478200948603,2894.0
underground_alarm-flash_mob,baseline,0.7248577586206897,0.061276327466606724,9026.0,True,0.22255903755107478,0.028211478200948603,2894.0
underground_alarm-flash_mob,managers,0.7634806088865692,0.06355503832458849,8034.0,True,0.22255903755107478,0.028211478200948603,2894.0
underground_alarm-flash_mob,students,0.7712650605059539,0.07288239202470367,8756.0,True,0.22255903755107478,0.028211478200948603,2894.0
underground_alarm-long_rides,bank_tellers_drivers,0.75599128540305,0.059308386929109475,8867.0,True,0.22255903755107478,0.028211478200948603,2894.0
underground_alarm-long_rides,drivers,0.738752193393043,0.06070371183755527,8845.0,True,0.22255903755107478,0.028211478200948603,2894.0
underground_alarm-long_rides,managers_drivers,0.709980315893301,0.0625613100260858,8713.0,True,0.22255903755107478,0.028211478200948603,2894.0
underground_alarm-long_rides,students_drivers,0.6782875816993464,0.06124273278536609,8753.0,True,0.22255903755107478,0.028211478200948603,2894.0
underground_alarm-long_rides,bank_tellers,0.6236397732266472,0.05711016126171558,7793.0,True,0.22255903755107478,0.028211478200948603,2894.0
underground_alarm-long_rides,baseline,0.6997863666227218,0.054460100071880166,8885.0,True,0.22255903755107478,0.028211478200948603,2894.0
underground_alarm-long_rides,managers,0.6743345425370848,0.06390536688750613,8812.0,True,0.22255903755107478,0.028211478200948603,2894.0
underground_alarm-long_rides,students,0.6562765138165537,0.05544949451992877,8763.0,True,0.22255903755107478,0.028211478200948603,2894.0
underground_alarm-wildcat_strike,bank_tellers_drivers,0.7048188483166061,0.0582226123338738,7468.0,True,0.22255903755107478,0.028211478200948603,2894.0
underground_alarm-wildcat_strike,drivers,0.6906100699034113,0.08106714032296318,6873.0,True,0.22255903755107478,0.028211478200948603,2894.0
underground_alarm-wildcat_strike,managers_drivers,0.7433939591182767,0.07086847063833958,7199.0,True,0.22255903755107478,0.028211478200948603,2894.0
underground_alarm-wildcat_strike,students_drivers,0.7170592469615076,0.0691004475617858,6924.0,True,0.22255903755107478,0.028211478200948603,2894.0
underground_alarm-wildcat_strike,bank_tellers,0.6807584828593545,0.053917931248885345,7047.0,True,0.22255903755107478,0.028211478200948603,2894.0
underground_alarm-wildcat_strike,baseline,0.6850899125964909,0.06806870804932098,5960.0,True,0.22255903755107478,0.028211478200948603,2894.0
underground_alarm-wildcat_strike,managers,0.6949956202938721,0.07438745894946076,6943.0,True,0.22255903755107478,0.028211478200948603,2894.0
underground_alarm-wildcat_strike,students,0.6243950103950103,0.05267646223202815,5934.0,True,0.22255903755107478,0.028211478200948603,2894.0
underground_alarm,bank_tellers_drivers,0.6203359478214308,0.05698559890549517,6414.0,True,0.22255903755107478,0.028211478200948603,2894.0
underground_alarm,drivers,0.6741011883436139,0.07010592126057388,6311.0,True,0.22255903755107478,0.028211478200948603,2894.0
underground_alarm,managers_drivers,0.6052631578947368,0.04700822174471264,6104.0,True,0.22255903755107478,0.028211478200948603,2894.0
underground_alarm,students_drivers,0.6676417750486455,0.06368655744531854,7174.0,True,0.22255903755107478,0.028211478200948603,2894.0
underground_alarm,bank_tellers,0.6661791124756771,0.06667744092265013,6185.0,True,0.22255903755107478,0.028211478200948603,2894.0
underground_alarm,managers,0.6644703296703297,0.05636830663737485,6597.0,True,0.22255903755107478,0.028211478200948603,2894.0
underground_alarm,students,0.6021978021978022,0.05519101795625557,7669.0,True,0.22255903755107478,0.028211478200948603,2894.0
wildcat_strike-boycott_tncs,bank_tellers_drivers,0.4028236020965089,0.06818194056074817,2904.0,True,0.22255903755107478,0.028211478200948603,2894.0
wildcat_strike-boycott_tncs,managers,0.38291754314684845,0.06742007605534013,3200.0,True,0.22255903755107478,0.028211478200948603,2894.0
wildcat_strike-boycott_tncs,students,0.3338830669654268,0.05524583279684052,3293.0,True,0.22255903755107478,0.028211478200948603,2894.0
wildcat_strike-long_rides,bank_tellers_drivers,0.3476916099773242,0.03283873122873417,5477.0,True,0.22255903755107478,0.028211478200948603,2894.0
wildcat_strike-long_rides,students_drivers,0.32024271866658816,0.030261119329694504,6455.0,True,0.22255903755107478,0.028211478200948603,2894.0
