scenario,personality,start_ts,end_ts,duration_min,peak,mean,position,d_not_served,d_cancel,fr_rise,share_not_served,not_served_pre,not_served_spike,cancel_pre,cancel_spike,hardiness_peak,consistency_peak,resilience_ticks
boycott_tncs,bank_tellers_drivers,79520.0,80100.0,9.666666666666666,0.31460909376070095,0.2628272147243909,during,-0.027848304484751524,0.0022030888835307496,0.12068148378467422,0.8770362692006906,0.38113894444444446,0.32793172413793104,0.041768,0.045977241379310356,0.314895334724072,0.04440668315433478,3041.0
boycott_tncs,drivers,79520.0,80280.0,12.666666666666666,0.347383496103222,0.2827609116850836,during,-0.02038492265187633,0.003819199995038172,0.13964660126423187,0.8769964370864476,0.38300011111111115,0.3446042105263158,0.041139,0.04833263157894737,0.3483706378002431,0.05412851356424015,3375.0
boycott_tncs-long_rides,bank_tellers_drivers,85200.0,87340.0,35.666666666666664,0.2785135892337368,0.24085038811334877,during,0.13710056385696717,0.04673406900977454,0.15045463647469587,0.7864495242967786,0.14512061111111113,0.421791401869159,0.020222166666666663,0.11453214953271029,0.2798050990150646,0.029752770342791876,3772.0
boycott_tncs-long_rides,managers_drivers,85760.0,87600.0,30.666666666666668,0.25501243787079053,0.23190041403604605,during,0.0886237872999555,0.0392369505568971,0.11427128251284933,0.7685604791930085,0.20295344444444446,0.3893484782608696,0.03472216666666666,0.11724597826086955,0.2564511992722593,0.013982492629289717,3677.0
boycott_tncs-long_rides,students_drivers,79460.0,80100.0,10.666666666666666,0.36150163905687277,0.30420028054960335,during,0.015624770102840241,0.0022407471977277473,0.168190973956371,0.8927426210994048,0.3692687222222222,0.39968812500000006,0.043657555555555554,0.04802,0.36530539034722953,0.06522519142291414,3156.0
flash_mob,bank_tellers_drivers,79780.0,84980.0,86.66666666666667,0.34059165154264975,0.26988161834522384,during,0.09123708491137483,0.012890621791159873,0.12654884989727372,0.8790836758535131,0.37492605555555547,0.6315769230769231,0.05061077777777777,0.08687223076923077,0.34100382676701785,0.028367866291579242,3272.0
flash_mob-boycott_tncs,managers_drivers,79460.0,81480.0,33.666666666666664,0.4417949657869726,0.37035135278507353,during,0.019807900909367387,0.01996673747199527,0.22825243830912603,0.8386921526590031,0.37110183333333335,0.40719425742574256,0.04193488888888888,0.07831673267326732,0.4426282590379208,0.08936194213977565,2938.0
flash_mob-boycott_tncs,managers,79460.0,81480.0,33.666666666666664,0.48377204339177793,0.3574345571930171,during,0.019348111248774683,0.013562160695175879,0.21798802054291627,0.8621397943944059,0.3707041111111111,0.40597386138613867,0.040194611111111105,0.0649171287128713,0.4851201141718686,0.10830412244433969,4958.0
flash_mob-boycott_tncs,students,79420.0,81360.0,32.333333333333336,0.4400335093945268,0.32983642129838,during,0.019385600039138796,0.0034724246662492706,0.1949446864188581,0.8929666811606914,0.3589349444444444,0.39463824742268033,0.040907055555555544,0.04730237113402062,0.44125969913487756,0.08380907855706586,3809.0
flash_mob-long_rides,bank_tellers_drivers,80200.0,88660.0,141.0,0.3532813939705927,0.2828408752557244,during,0.05885331053014684,0.0288896758696135,0.1292022842635731,0.8225158297675483,0.41301850000000007,0.5703784633569741,0.045833222222222206,0.12307744680851065,0.3550238611713666,0.030026271217286443,8537.0
flash_mob-long_rides,managers_drivers,80080.0,89040.0,149.33333333333334,0.37050715993079986,0.29220285227718623,during,0.06163615756015468,0.030310564733196526,0.13614714196146474,0.8202327911186559,0.4203977222222222,0.5848584598214286,0.04730494444444444,0.12818113839285714,0.37050715993079986,0.03035096116771845,7990.0
flash_mob-long_rides,bank_tellers,79960.0,87640.0,128.0,0.3555404536154408,0.28978747718937453,during,0.09121151675056723,0.018908250054055286,0.1461592207201035,0.8707174468650535,0.38323155555555555,0.6310548958333334,0.042323833333333324,0.093697890625,0.3564043715846994,0.03437444123904769,7991.0
flash_mob-wildcat_strike,bank_tellers_drivers,79940.0,85120.0,86.33333333333333,0.35639882866034456,0.2957673149661934,during,0.1112566184151658,0.014874687166320741,0.152205333160115,0.8876431049791376,0.37992611111111113,0.6905338996138995,0.04587966666666666,0.08740702702702705,0.35749680170575693,0.03140755522266994,6096.0
flash_mob-wildcat_strike,bank_tellers,79780.0,84820.0,84.0,0.3626817155756208,0.28888850720506454,during,0.10862299071972564,0.007802128660203027,0.14047026995397502,0.9114127512463424,0.39062061111111107,0.6955552380952381,0.04570366666666666,0.06760638888888888,0.3637771528711741,0.0337207462601641,7673.0
flash_mob-wildcat_strike,baseline,80140.0,84660.0,75.33333333333333,0.3410301953818828,0.2713572366655277,during,0.08377205640236629,0.014975163304633138,0.1228266366231337,0.8737637555752109,0.39474122222222213,0.6294838053097345,0.04898133333333333,0.09094411504424779,0.34125843193630434,0.028809315405333102,7292.0
flash_mob-wildcat_strike,managers,80120.0,84340.0,70.33333333333333,0.3324490259986356,0.28018806071057695,during,0.09509491028225436,0.01003875416214102,0.12762408301293088,0.8969226217233881,0.40239838888888896,0.6700631753554503,0.04874972222222222,0.07700592417061612,0.3335588172899497,0.02910192845337086,4956.0
long_rides,bank_tellers_drivers,83000.0,89320.0,105.33333333333333,0.33457903722324545,0.2749542151254177,during,0.015028891805564631,0.019861813485481508,0.08793954051099093,0.7997592171908902,0.4553609999999999,0.49284278481012656,0.07386116666666667,0.12339617088607595,0.3348295964125561,0.029168841215046867,9304.0
long_rides,drivers,83040.0,89260.0,103.66666666666667,0.2923002645120557,0.2495977144355995,during,-0.003725594159570448,0.021142800660147596,0.06731922881622446,0.7694582118760244,0.4392228333333334,0.429935691318328,0.07611083333333334,0.12881549839228296,0.29310580261268604,0.0317246625097289,3822.0
long_rides,managers_drivers,83080.0,88140.0,84.33333333333333,0.3150534941841339,0.26938458670866894,during,0.009106907803114309,0.02915447752165748,0.08654753033243612,0.7879138681574744,0.45861099999999994,0.4815152173913044,0.05628688888888889,0.1296115019762846,0.3163538477466684,0.03026662367726636,3460.0
long_rides,students_drivers,82960.0,89040.0,101.33333333333333,0.31546004938725536,0.2528505074483543,during,-0.004856326629428874,0.021867373489611767,0.06630088096883904,0.7800024252261472,0.4556390555555555,0.443497730263158,0.07041661111111111,0.1250873355263158,0.3187900334835095,0.030909974832667823,5412.0
underground_alarm,bank_tellers_drivers,80420.0,87040.0,110.33333333333333,0.6180734430416283,0.36952241856129264,during,0.14361762604834596,0.04167357755747386,0.21848331066942533,0.8293085421110111,0.40122238888888895,0.8291035951661632,0.04649083333333333,0.1706492749244713,0.6203359478214308,0.05698559890549517,6414.0
underground_alarm,drivers,81520.0,86380.0,81.0,0.6731182795698925,0.43233392331597187,during,0.12738303412084642,0.059592164140063277,0.2591497242593417,0.7881017637874728,0.49519466666666667,0.8752739917695472,0.057528166666666665,0.23533637860082304,0.6741011883436139,0.07010592126057388,6311.0
underground_alarm,managers_drivers,81080.0,86140.0,84.33333333333333,0.6037896632041706,0.38101825130703576,during,0.11690715816813446,0.04762889797642229,0.2127673875485071,0.8139508222158858,0.4789725555555555,0.8312059683794467,0.046490611111111094,0.18999328063241105,0.6052631578947368,0.04700822174471264,6104.0
underground_alarm,students_drivers,81080.0,87340.0,104.33333333333333,0.6659387308533916,0.3964039688180802,during,0.13149342322722887,0.04858514359446139,0.2379188866480244,0.8142276502573473,0.44785216666666655,0.8360698402555913,0.04731433333333332,0.19075581469648564,0.6676417750486455,0.06368655744531854,7174.0
underground_alarm,bank_tellers,80520.0,87000.0,108.0,0.6637505470459518,0.3692991939412143,during,0.1532529831763277,0.025977072933579554,0.21466895561988267,0.8713886952382996,0.4090181666666666,0.8657406172839506,0.05036116666666667,0.1277776851851852,0.6661791124756771,0.06667744092265013,6185.0
underground_alarm,managers,81260.0,86860.0,93.33333333333333,0.6627732303258838,0.38319598032593605,during,0.12826514384937526,0.030217003940712476,0.21858693971806387,0.8670449811075068,0.4889631666666666,0.8709462499999999,0.043564777777777786,0.13355324999999998,0.6644703296703297,0.05636830663737485,6597.0
underground_alarm,students,81300.0,88500.0,120.0,0.6007322638427209,0.3483184217662973,during,0.09303607432083871,0.026748135624704416,0.18961244839487215,0.8527560155014443,0.47422177777777785,0.7429166111111111,0.05102766666666665,0.12827819444444444,0.6021978021978022,0.05519101795625557,7669.0
underground_alarm-flash_mob,bank_tellers_drivers,80060.0,90860.0,180.0,0.9102844638949672,0.4213128378578117,during,0.1706389362369369,0.0554443832938839,0.28260593962430325,0.8152983661886509,0.39289833333333335,0.8709200740740741,0.04198255555555555,0.19730244444444445,0.9136150605928834,0.07644402393855271,10232.0
underground_alarm-flash_mob,drivers,80500.0,87760.0,121.0,0.7277327586206898,0.41669962501335645,during,0.14992324351563227,0.06881039317118638,0.2635732059010035,0.7766656466773095,0.4118151666666666,0.8525525344352618,0.04287044444444444,0.24515603305785125,0.7303551112399262,0.07510905656937257,8028.0
underground_alarm-flash_mob,managers_drivers,80240.0,87520.0,121.33333333333333,0.7755238587634197,0.4410535344425668,during,0.18094661609648457,0.06357576568886432,0.28275834222669527,0.8006366783655641,0.4113701666666667,0.9454073626373627,0.047777611111111104,0.2354120879120879,0.7764850849273077,0.07556966003786744,7657.0
underground_alarm-flash_mob,students_drivers,80300.0,88860.0,142.66666666666666,0.7858187927913066,0.42953399682636684,during,0.152896967388486,0.07192384078916335,0.2744859507888834,0.7727028631686405,0.4153800555555556,0.8569509813084113,0.04436127777777777,0.2520794392523365,0.788097549930987,0.06861643245268315,9059.0
underground_alarm-flash_mob,bank_tellers,80160.0,87760.0,126.66666666666667,0.7597695510413185,0.4236223711273058,during,0.19077951988742206,0.042249199992999455,0.2700618701691928,0.8560428875205349,0.4124440555555556,0.9727502105263158,0.039500333333333325,0.16358328947368422,0.7620087336244542,0.059511830126775196,7899.0
underground_alarm-flash_mob,baseline,80480.0,88680.0,136.66666666666666,0.723818829008363,0.4008879213877353,during,0.13178624078444667,0.051300341414293495,0.2349229713379665,0.8077841995106531,0.45538949999999995,0.8367397560975609,0.05065794444444444,0.1991059024390244,0.7248577586206897,0.061276327466606724,9026.0
underground_alarm-flash_mob,managers,80300.0,87700.0,123.33333333333333,0.7634806088865692,0.42698587606760785,during,0.17519033325574715,0.05173999251537148,0.2673649382336293,0.8250364241989621,0.4219356111111111,0.9376350540540541,0.04653755555555556,0.1988421081081081,0.7634806088865692,0.06355503832458849,8034.0
underground_alarm-flash_mob,students,80160.0,88800.0,144.0,0.768445918997927,0.40701781817096927,during,0.15763355347147767,0.04680276175314435,0.2492893884908782,0.8242631936851823,0.4216575,0.8771026620370371,0.051776833333333334,0.18700243055555557,0.7712650605059539,0.07288239202470367,8756.0
underground_alarm-long_rides,bank_tellers_drivers,80400.0,88800.0,140.0,0.7532572406038214,0.4033094567307158,during,0.12760317778463323,0.06871770891816266,0.24573833236824885,0.7624078143035615,0.4221383888888889,0.7908766666666666,0.04788866666666666,0.2464640476190476,0.75599128540305,0.059308386929109475,8867.0
underground_alarm-long_rides,drivers,80980.0,88960.0,133.0,0.7355495151018568,0.397450213999565,during,0.08188574499019464,0.07874748224918306,0.22851225356605695,0.7157591342377545,0.4748148888888889,0.7106140100250626,0.0554355,0.28219764411027565,0.738752193393043,0.06070371183755527,8845.0
underground_alarm-long_rides,managers_drivers,80320.0,88540.0,137.0,0.708963440860215,0.3771943664500073,during,0.11549453082882176,0.059835550942218964,0.21860605691995152,0.77723090678314,0.42266633333333337,0.7578754744525547,0.043555888888888894,0.2172214598540146,0.709980315893301,0.0625613100260858,8713.0
underground_alarm-long_rides,students_drivers,80720.0,88620.0,131.66666666666666,0.6763219749138668,0.37811655390042276,during,0.09712306541972543,0.07080650065997779,0.22153536860144898,0.7345102107632075,0.4255556111111111,0.7067257721518989,0.05046305555555555,0.25544706329113925,0.6782875816993464,0.06124273278536609,8753.0
underground_alarm-long_rides,bank_tellers,80660.0,87640.0,116.33333333333333,0.6204891774891774,0.3720901637437581,during,0.1330206150745512,0.03929126779086885,0.21699746657047944,0.8374547951195869,0.43085249999999997,0.8225451002865332,0.04395422222222223,0.15965131805157592,0.6236397732266472,0.05711016126171558,7793.0
underground_alarm-long_rides,baseline,81160.0,89060.0,131.66666666666666,0.6982672912695967,0.38411388616775927,during,0.08994592069198613,0.058519152712377565,0.22096378027583521,0.7709746900171467,0.4727133888888889,0.7309914936708861,0.049111222222222216,0.21714792405063288,0.6997863666227218,0.054460100071880166,8885.0
underground_alarm-long_rides,managers,80740.0,88720.0,133.0,0.6740837414447358,0.3686090078461624,during,0.10785250938333059,0.0433846823709586,0.20620278453418414,0.817349507363176,0.4529718333333335,0.764795388471178,0.04547244444444445,0.1709063909774436,0.6743345425370848,0.06390536688750613,8812.0
underground_alarm-long_rides,students,81380.0,88660.0,121.33333333333333,0.6538730573887654,0.36960896443356334,during,0.06885565807372417,0.06336686000829737,0.20840660977656744,0.7529964997223817,0.491806111111111,0.6903437362637362,0.04374038888888888,0.22645167582417583,0.6562765138165537,0.05544949451992877,8763.0
underground_alarm-wildcat_strike,bank_tellers_drivers,80620.0,87400.0,113.0,0.7015791988223801,0.4165884414792456,during,0.16031537327726805,0.05463305808974348,0.26301494326610775,0.808839730612332,0.4092497777777778,0.8825614159292035,0.0472861111111111,0.20858356932153396,0.7048188483166061,0.0582226123338738,7468.0
underground_alarm-wildcat_strike,drivers,81260.0,87060.0,96.66666666666667,0.6906100699034113,0.40688256310083765,during,0.09768235045264595,0.08039020425167526,0.24462599425878373,0.7200845778678873,0.46223177777777774,0.7507585172413793,0.05438866666666667,0.2918391724137931,0.6906100699034113,0.08106714032296318,6873.0
underground_alarm-wildcat_strike,managers_drivers,81100.0,87280.0,103.0,0.7408191268191269,0.41670901592311194,during,0.10549549989007323,0.07858368916453146,0.24990587897989305,0.735369562843528,0.4787318333333333,0.7895905501618123,0.052583500000000005,0.284142427184466,0.7433939591182767,0.07086847063833958,7199.0
underground_alarm-wildcat_strike,students_drivers,81260.0,87040.0,96.33333333333333,0.7136929460580912,0.4219525094782159,during,0.10742511460640573,0.08514942057508729,0.26073732848724485,0.7191708284539018,0.4598242777777778,0.7770819723183392,0.05197183333333333,0.30344290657439443,0.7170592469615076,0.0691004475617858,6924.0
underground_alarm-wildcat_strike,bank_tellers,80960.0,86960.0,100.0,0.6782875816993464,0.41481270209121424,during,0.14022496847573038,0.04909729536894906,0.2467985477998758,0.8226771547201488,0.4743147777777778,0.8909780333333334,0.04615738888888888,0.19204466666666667,0.6807584828593545,0.053917931248885345,7047.0
underground_alarm-wildcat_strike,baseline,81600.0,86920.0,88.66666666666667,0.682608695652174,0.39960841266518016,during,0.08278474060869633,0.07714769671211226,0.23710947439236835,0.7231443565220749,0.48650011111111113,0.7301627443609023,0.052471666666666666,0.2795426315789474,0.6850899125964909,0.06806870804932098,5960.0
underground_alarm-wildcat_strike,managers,80780.0,87040.0,104.33333333333333,0.6926229508196722,0.4168609379076022,during,0.13468028933872567,0.06377752339838155,0.2502345256743846,0.7844308684381999,0.4586856111111111,0.8587804792332269,0.04653716666666664,0.2360011182108626,0.6949956202938721,0.07438745894946076,6943.0
underground_alarm-wildcat_strike,students,81520.0,86200.0,78.0,0.6236196458834887,0.4152029039867497,during,0.09708191715049991,0.0726155336458289,0.2413051338752296,0.7478386463989338,0.5108615555555556,0.8004908974358975,0.05327744444444444,0.26991499999999996,0.6243950103950103,0.05267646223202815,5934.0
wildcat_strike-boycott_tncs,bank_tellers_drivers,79360.0,80520.0,19.333333333333332,0.40244048527943654,0.3069928657283654,during,-0.007015733541172288,0.008211300931284896,0.16172107687907988,0.8719252190847128,0.39948188888888897,0.3859772413793104,0.040889166666666664,0.0566951724137931,0.4028236020965089,0.06818194056074817,2904.0
wildcat_strike-boycott_tncs,managers,79440.0,80340.0,15.0,0.38038831853507205,0.3025434083571561,during,0.002103821550942672,0.006077677482979604,0.16524298813151575,0.8882047164910796,0.3755924444444445,0.37959244444444445,0.0362225,0.04777800000000001,0.38291754314684845,0.06742007605534013,3200.0
wildcat_strike-boycott_tncs,students,79520.0,80420.0,15.0,0.3298277413694808,0.27483188990407176,during,-0.01755791847735524,0.003196491602426505,0.14065021816232515,0.8728359815824129,0.35519449999999997,0.32285155555555556,0.04114827777777778,0.04703644444444444,0.3338830669654268,0.05524583279684052,3293.0
wildcat_strike-long_rides,bank_tellers_drivers,81440.0,89080.0,127.33333333333333,0.3471673164789682,0.2817383013255055,during,0.03906056171771665,0.026756107054755906,0.11441782452196919,0.8063413039162641,0.429574388888889,0.5314357853403141,0.05786066666666668,0.12763473821989527,0.3476916099773242,0.03283873122873417,5477.0
wildcat_strike-long_rides,students_drivers,82820.0,89100.0,104.66666666666667,0.31976018099547515,0.27059462284692154,during,0.007340119556390953,0.040232611985366096,0.09755688886288955,0.7447030400868935,0.43634266666666666,0.4547827707006369,0.05483355555555555,0.15590732484076433,0.32024271866658816,0.030261119329694504,6455.0
