personality,metric,family,mean_z,abs_mean_z,direction,sign_consistency,n,is_trait
bank_tellers,passengers_acceptance_rate,passenger_decisions,-5.806982471411867,5.806982471411867,down,1.0,15,True
bank_tellers,passengers_pickup_reject,passenger_decisions,1.8249935919842668,1.8249935919842668,up,1.0,15,True
bank_tellers,passengers_reject,passenger_decisions,1.4105200640960756,1.4105200640960756,up,1.0,15,True
bank_tellers,passengers_change_provider,passenger_decisions,0.6084274560936586,0.6084274560936586,up,1.0,15,False
bank_tellers,passengers_pickup_accept,passenger_decisions,-0.2236641377249829,0.2236641377249829,down,0.9333333333333333,15,False
bank_tellers,passengers_no_ratings_count,passenger_experience,0.2018092406899458,0.2018092406899458,up,0.9333333333333333,15,False
bank_tellers,drivers_idle_duration_avg,supply,0.18748433770969544,0.18748433770969544,up,0.7333333333333333,15,False
bank_tellers,rides_offers_price_lyft_avg,market,-0.186625980309915,0.186625980309915,down,0.5333333333333333,15,False
bank_tellers,passengers_drivers_ratio,demand,-0.1586697821276011,0.1586697821276011,down,0.8,15,False
bank_tellers,rides_offers_price_no_surge_avg,market,-0.15295540534363233,0.15295540534363233,up,0.6,15,False
bank_tellers,rides_offers_price_uber_avg,market,-0.14242948630635915,0.14242948630635915,up,0.5333333333333333,15,False
bank_tellers,drivers_pickup,supply,-0.11908432698225546,0.11908432698225546,down,0.8,15,False
bank_tellers,passengers_rating_avg,passenger_experience,0.1109856161072414,0.1109856161072414,up,0.6,15,False
bank_tellers,passengers_ratings_count,passenger_experience,-0.08701828697590973,0.08701828697590973,down,0.8,15,False
bank_tellers,passengers_unassigned,demand,-0.07979288780985812,0.07979288780985812,down,0.6,15,False
bank_tellers,rides_offers_lyft,matching,0.07638076499237716,0.07638076499237716,up,0.9333333333333333,15,False
bank_tellers,rides_offers_radius_avg,matching,-0.06828056879245213,0.06828056879245213,down,0.7333333333333333,15,False
bank_tellers,rides_partial_acceptances,matching,-0.06434320765922176,0.06434320765922176,down,0.8666666666666667,15,False
bank_tellers,passengers_offers_discarded,passenger_decisions,0.06064470447272414,0.06064470447272414,up,0.8666666666666667,15,False
bank_tellers,rides_offers_generated,matching,0.05761748804526311,0.05761748804526311,up,0.8666666666666667,15,False
bank_tellers,drivers_busy,supply,-0.05278933891511327,0.05278933891511327,down,0.6,15,False
bank_tellers,rides_in_progress,matching,-0.052564955376865036,0.052564955376865036,down,0.6,15,False
bank_tellers,rides_offers_uber,matching,0.04510100389189136,0.04510100389189136,up,0.6666666666666666,15,False
bank_tellers,drivers_shift_duration_avg,supply,0.042828692209318925,0.042828692209318925,down,0.5333333333333333,15,False
bank_tellers,drivers_occupied_distance_avg,supply,0.040091845794053935,0.040091845794053935,up,0.5333333333333333,15,False
bank_tellers,drivers_removed,supply,-0.039516624298248246,0.039516624298248246,down,0.6,15,False
bank_tellers,traffic_length_avg,trip,0.03824448657743009,0.03824448657743009,up,0.5333333333333333,15,False
bank_tellers,passengers_departures,demand,-0.03751883819803102,0.03751883819803102,down,0.6666666666666666,15,False
bank_tellers,drivers_passengers_served,supply,-0.03637458899048742,0.03637458899048742,down,0.6666666666666666,15,False
bank_tellers,passengers_accept,passenger_decisions,-0.03464160740661313,0.03464160740661313,down,0.9333333333333333,15,False
bank_tellers,traffic_speed_avg,trip,0.03385979335240215,0.03385979335240215,down,0.5333333333333333,15,False
bank_tellers,drivers_acceptance_rate,driver_decisions,-0.03097391135027904,0.03097391135027904,down,0.5333333333333333,15,False
bank_tellers,drivers_idle,supply,0.02646430901938363,0.02646430901938363,up,0.6666666666666666,15,False
bank_tellers,drivers_starting,supply,0.022962778181837774,0.022962778181837774,up,0.6,15,False
bank_tellers,drivers_change_provider,driver_decisions,0.020256829540972947,0.020256829540972947,up,0.6,15,False
bank_tellers,drivers_total_length_avg,supply,0.019366093508755237,0.019366093508755237,up,0.5333333333333333,15,False
bank_tellers,rides_waiting_duration_avg,passenger_experience,-0.017545970974973433,0.017545970974973433,down,0.6,15,False
bank_tellers,passengers_arrivals,demand,-0.01648055471267835,0.01648055471267835,down,0.5333333333333333,15,False
bank_tellers,drivers_change_zone,driver_decisions,0.01535038895494702,0.01535038895494702,up,0.7333333333333333,15,False
bank_tellers,drivers_accept,driver_decisions,0.01519406400080495,0.01519406400080495,up,0.8666666666666667,15,False
bank_tellers,rides_dispatched,matching,0.01519406400080495,0.01519406400080495,up,0.8666666666666667,15,False
bank_tellers,drivers_reject,driver_decisions,0.014645285113197997,0.014645285113197997,up,0.6,15,False
bank_tellers,drivers_waiting,supply,0.013649970134617308,0.013649970134617308,up,0.7333333333333333,15,False
bank_tellers,traffic_duration_avg,trip,-0.013515646561915819,0.013515646561915819,up,0.6,15,False
bank_tellers,rides_duration_avg,trip,-0.012827489017349956,0.012827489017349956,up,0.6,15,False
bank_tellers,rides_length_avg,trip,-0.00905447343313085,0.00905447343313085,up,0.5333333333333333,15,False
bank_tellers,drivers_pickup_reject,driver_decisions,-0.008129218500638137,0.008129218500638137,down,0.6,15,False
bank_tellers,drivers_pickup_accept,driver_decisions,0.005940307584780062,0.005940307584780062,down,0.5333333333333333,15,False
bank_tellers,drivers_occupied_duration_avg,supply,-0.002632942501589843,0.002632942501589843,down,0.6,15,False
bank_tellers_drivers,passengers_acceptance_rate,passenger_decisions,-5.968912597699632,5.968912597699632,down,1.0,15,True
bank_tellers_drivers,passengers_pickup_reject,passenger_decisions,1.8108696296132605,1.8108696296132605,up,1.0,15,True
bank_tellers_drivers,passengers_reject,passenger_decisions,1.5978392516500577,1.5978392516500577,up,1.0,15,True
bank_tellers_drivers,passengers_change_provider,passenger_decisions,0.765970922287866,0.765970922287866,up,1.0,15,False
bank_tellers_drivers,drivers_acceptance_rate,driver_decisions,-0.7439210961917557,0.7439210961917557,down,0.8666666666666667,15,False
bank_tellers_drivers,passengers_rating_avg,passenger_experience,-0.6630315661681719,0.6630315661681719,down,0.6666666666666666,15,False
bank_tellers_drivers,drivers_starting,supply,-0.3648570924190331,0.3648570924190331,down,1.0,15,False
bank_tellers_drivers,drivers_removed,supply,0.25456597342177395,0.25456597342177395,up,0.9333333333333333,15,False
bank_tellers_drivers,passengers_pickup_accept,passenger_decisions,-0.23062274977745953,0.23062274977745953,down,0.8666666666666667,15,False
bank_tellers_drivers,drivers_reject,driver_decisions,0.17260719913977288,0.17260719913977288,up,0.8666666666666667,15,False
bank_tellers_drivers,passengers_no_ratings_count,passenger_experience,0.17140604843343285,0.17140604843343285,up,0.8666666666666667,15,False
bank_tellers_drivers,drivers_pickup_reject,driver_decisions,0.16684750740463683,0.16684750740463683,up,1.0,15,False
bank_tellers_drivers,rides_offers_generated,matching,0.15546790655078332,0.15546790655078332,up,1.0,15,False
bank_tellers_drivers,rides_offers_uber,matching,0.15532052731621354,0.15532052731621354,up,1.0,15,False
bank_tellers_drivers,passengers_offers_discarded,passenger_decisions,0.15526269172705037,0.15526269172705037,up,1.0,15,False
bank_tellers_drivers,drivers_change_zone,driver_decisions,0.15220520331490098,0.15220520331490098,up,1.0,15,False
bank_tellers_drivers,rides_offers_lyft,matching,0.14947968294714842,0.14947968294714842,up,1.0,15,False
bank_tellers_drivers,drivers_pickup,supply,-0.14902287057348337,0.14902287057348337,down,0.8666666666666667,15,False
bank_tellers_drivers,passengers_ratings_count,passenger_experience,-0.1379739029311197,0.1379739029311197,down,0.9333333333333333,15,False
bank_tellers_drivers,passengers_departures,demand,-0.10198494034075883,0.10198494034075883,down,1.0,15,False
bank_tellers_drivers,drivers_change_provider,driver_decisions,0.09792868077047863,0.09792868077047863,up,0.7333333333333333,15,False
bank_tellers_drivers,rides_in_progress,matching,-0.07499273607381808,0.07499273607381808,down,0.6,15,False
bank_tellers_drivers,rides_offers_radius_avg,matching,-0.07325427798837862,0.07325427798837862,down,0.7333333333333333,15,False
bank_tellers_drivers,drivers_idle_duration_avg,supply,0.0690710260012299,0.0690710260012299,up,0.5333333333333333,15,False
bank_tellers_drivers,drivers_busy,supply,-0.06488303959565982,0.06488303959565982,down,0.6,15,False
bank_tellers_drivers,passengers_arrivals,demand,-0.06255545142694025,0.06255545142694025,down,0.8666666666666667,15,False
bank_tellers_drivers,rides_partial_acceptances,matching,0.04789749198689165,0.04789749198689165,up,0.8,15,False
bank_tellers_drivers,passengers_unassigned,demand,0.04581215350925227,0.04581215350925227,up,0.7333333333333333,15,False
bank_tellers_drivers,passengers_accept,passenger_decisions,0.045578825668585086,0.045578825668585086,up,0.7333333333333333,15,False
bank_tellers_drivers,drivers_pickup_accept,driver_decisions,-0.04296270261530796,0.04296270261530796,down,0.6666666666666666,15,False
bank_tellers_drivers,rides_length_avg,trip,-0.04270910947421832,0.04270910947421832,down,0.6666666666666666,15,False
bank_tellers_drivers,drivers_accept,driver_decisions,-0.02870027459868898,0.02870027459868898,down,0.9333333333333333,15,False
bank_tellers_drivers,rides_dispatched,matching,-0.02870027459868898,0.02870027459868898,down,0.9333333333333333,15,False
bank_tellers_drivers,passengers_drivers_ratio,demand,-0.026571088801457723,0.026571088801457723,up,0.6,15,False
bank_tellers_drivers,rides_waiting_duration_avg,passenger_experience,-0.017637391124104403,0.017637391124104403,down,0.6,15,False
bank_tellers_drivers,drivers_total_length_avg,supply,-0.01712083023415417,0.01712083023415417,down,0.5333333333333333,15,False
bank_tellers_drivers,drivers_passengers_served,supply,0.01659012067207024,0.01659012067207024,up,0.6,15,False
bank_tellers_drivers,drivers_occupied_distance_avg,supply,0.016120841173696034,0.016120841173696034,up,0.6,15,False
bank_tellers_drivers,drivers_idle,supply,0.012787255097005446,0.012787255097005446,up,0.6666666666666666,15,False
bank_tellers_drivers,drivers_occupied_duration_avg,supply,-0.012640936309803638,0.012640936309803638,down,0.5333333333333333,15,False
bank_tellers_drivers,rides_duration_avg,trip,-0.008812077793688122,0.008812077793688122,up,0.5333333333333333,15,False
bank_tellers_drivers,drivers_shift_duration_avg,supply,-0.006935039610045466,0.006935039610045466,up,0.5333333333333333,15,False
bank_tellers_drivers,rides_offers_price_lyft_avg,market,0.005897573283176153,0.005897573283176153,up,0.5333333333333333,15,False
bank_tellers_drivers,rides_offers_price_uber_avg,market,0.004909553934664612,0.004909553934664612,up,0.5333333333333333,15,False
bank_tellers_drivers,drivers_waiting,supply,-0.0047767303501948955,0.0047767303501948955,down,0.8,15,False
bank_tellers_drivers,traffic_duration_avg,trip,-0.003119380873592699,0.003119380873592699,down,0.6,15,False
bank_tellers_drivers,rides_offers_price_no_surge_avg,market,0.0030786075827337425,0.0030786075827337425,up,0.5333333333333333,15,False
bank_tellers_drivers,traffic_length_avg,trip,-0.001737279637093155,0.001737279637093155,up,0.5333333333333333,15,False
bank_tellers_drivers,traffic_speed_avg,trip,0.0012699573222253438,0.0012699573222253438,down,0.6,15,False
drivers,drivers_acceptance_rate,driver_decisions,-0.8206648573023132,0.8206648573023132,down,0.9333333333333333,15,False
drivers,passengers_rating_avg,passenger_experience,-0.7917527074188045,0.7917527074188045,down,0.8,15,False
drivers,drivers_starting,supply,-0.3511466858394926,0.3511466858394926,down,1.0,15,False
drivers,drivers_removed,supply,0.23516779384410305,0.23516779384410305,up,0.9333333333333333,15,False
drivers,drivers_idle_duration_avg,supply,0.22806594151599224,0.22806594151599224,up,0.6,15,False
drivers,passengers_acceptance_rate,passenger_decisions,-0.21063045160828744,0.21063045160828744,down,0.8666666666666667,15,False
drivers,drivers_change_zone,driver_decisions,0.16216094766151487,0.16216094766151487,up,1.0,15,False
drivers,drivers_pickup_reject,driver_decisions,0.16124008191996847,0.16124008191996847,up,0.9333333333333333,15,False
drivers,drivers_reject,driver_decisions,0.15825543404012685,0.15825543404012685,up,0.8666666666666667,15,False
drivers,rides_partial_acceptances,matching,0.13283449806905676,0.13283449806905676,up,0.9333333333333333,15,False
drivers,passengers_reject,passenger_decisions,0.1187408416371411,0.1187408416371411,up,1.0,15,False
drivers,rides_offers_uber,matching,0.10513971774796652,0.10513971774796652,up,0.9333333333333333,15,False
drivers,drivers_change_provider,driver_decisions,0.10279814655973005,0.10279814655973005,up,0.6666666666666666,15,False
drivers,passengers_unassigned,demand,0.10182061622914813,0.10182061622914813,up,0.8666666666666667,15,False
drivers,passengers_change_provider,passenger_decisions,0.09893536016289592,0.09893536016289592,up,0.9333333333333333,15,False
drivers,rides_offers_generated,matching,0.09893367070975144,0.09893367070975144,up,0.9333333333333333,15,False
drivers,passengers_offers_discarded,passenger_decisions,0.0940349269263555,0.0940349269263555,up,0.9333333333333333,15,False
drivers,passengers_accept,passenger_decisions,0.09219809379331527,0.09219809379331527,up,0.9333333333333333,15,False
drivers,rides_offers_lyft,matching,0.08453645866809338,0.08453645866809338,up,0.7333333333333333,15,False
drivers,passengers_drivers_ratio,demand,0.07577598114977681,0.07577598114977681,up,0.7333333333333333,15,False
drivers,traffic_length_avg,trip,-0.07161944698285078,0.07161944698285078,down,0.6666666666666666,15,False
drivers,rides_in_progress,matching,-0.06556415288702615,0.06556415288702615,down,0.8,15,False
drivers,drivers_busy,supply,-0.05962723596676569,0.05962723596676569,down,0.8,15,False
drivers,rides_offers_price_uber_avg,market,-0.05886449496834843,0.05886449496834843,down,0.5333333333333333,15,False
drivers,drivers_pickup,supply,-0.05392320698447212,0.05392320698447212,down,0.6666666666666666,15,False
drivers,rides_waiting_duration_avg,passenger_experience,0.05052487390377862,0.05052487390377862,up,0.7333333333333333,15,False
drivers,drivers_pickup_accept,driver_decisions,-0.050372004850623625,0.050372004850623625,down,0.6666666666666666,15,False
drivers,drivers_accept,driver_decisions,-0.047855754834061945,0.047855754834061945,down,0.8666666666666667,15,False
drivers,rides_dispatched,matching,-0.047855754834061945,0.047855754834061945,down,0.8666666666666667,15,False
drivers,rides_offers_price_no_surge_avg,market,-0.04493638003745311,0.04493638003745311,down,0.5333333333333333,15,False
drivers,passengers_departures,demand,-0.04436183847975148,0.04436183847975148,down,0.7333333333333333,15,False
drivers,traffic_duration_avg,trip,-0.04114490751209446,0.04114490751209446,down,0.5333333333333333,15,False
drivers,passengers_ratings_count,passenger_experience,-0.039430437012775814,0.039430437012775814,down,0.7333333333333333,15,False
drivers,drivers_total_length_avg,supply,-0.03902795169736236,0.03902795169736236,up,0.6,15,False
drivers,traffic_speed_avg,trip,0.0312752443949795,0.0312752443949795,up,0.6,15,False
drivers,passengers_arrivals,demand,-0.03056648588676508,0.03056648588676508,down,0.7333333333333333,15,False
drivers,drivers_waiting,supply,-0.028676231054749292,0.028676231054749292,down,0.8666666666666667,15,False
drivers,drivers_passengers_served,supply,0.023862139781197993,0.023862139781197993,up,0.6,15,False
drivers,rides_length_avg,trip,-0.019990204127235258,0.019990204127235258,down,0.6,15,False
drivers,rides_offers_price_lyft_avg,market,-0.017137276691287395,0.017137276691287395,down,0.5333333333333333,15,False
drivers,rides_duration_avg,trip,-0.01478536091083163,0.01478536091083163,down,0.6,15,False
drivers,drivers_occupied_duration_avg,supply,-0.014109211688510233,0.014109211688510233,up,0.5333333333333333,15,False
drivers,rides_offers_radius_avg,matching,0.012797891662187599,0.012797891662187599,up,0.5333333333333333,15,False
drivers,passengers_pickup_accept,passenger_decisions,-0.012786678757346752,0.012786678757346752,down,0.5333333333333333,15,False
drivers,drivers_occupied_distance_avg,supply,-0.00893608752250156,0.00893608752250156,up,0.5333333333333333,15,False
drivers,drivers_idle,supply,-0.006259117822961,0.006259117822961,up,0.5333333333333333,15,False
drivers,passengers_no_ratings_count,passenger_experience,-0.005059709919011196,0.005059709919011196,down,0.5333333333333333,15,False
drivers,passengers_pickup_reject,passenger_decisions,0.0028639992966926725,0.0028639992966926725,up,0.5333333333333333,15,False
drivers,drivers_shift_duration_avg,supply,-0.0018528982185100204,0.0018528982185100204,up,0.6,15,False
managers,passengers_acceptance_rate,passenger_decisions,-4.13379071864588,4.13379071864588,down,1.0,15,True
managers,passengers_pickup_reject,passenger_decisions,1.2615293435254562,1.2615293435254562,up,1.0,15,True
managers,passengers_reject,passenger_decisions,0.8390960526474481,0.8390960526474481,up,1.0,15,False
managers,passengers_change_provider,passenger_decisions,0.581126598963502,0.581126598963502,up,1.0,15,False
managers,passengers_no_ratings_count,passenger_experience,0.12964330263984036,0.12964330263984036,up,0.8666666666666667,15,False
managers,rides_offers_price_lyft_avg,market,-0.12964086278791065,0.12964086278791065,down,0.5333333333333333,15,False
managers,passengers_pickup_accept,passenger_decisions,-0.12593503010541193,0.12593503010541193,down,0.8,15,False
managers,drivers_occupied_distance_avg,supply,0.12442459822115325,0.12442459822115325,down,0.5333333333333333,15,False
managers,rides_offers_price_no_surge_avg,market,-0.11553001846426758,0.11553001846426758,up,0.6,15,False
managers,rides_offers_price_uber_avg,market,-0.10332757367125459,0.10332757367125459,up,0.5333333333333333,15,False
managers,drivers_occupied_duration_avg,supply,0.09889307030687967,0.09889307030687967,up,0.5333333333333333,15,False
managers,drivers_idle_duration_avg,supply,0.0865375595179098,0.0865375595179098,up,0.6666666666666666,15,False
managers,passengers_rating_avg,passenger_experience,0.07975397850037412,0.07975397850037412,up,0.6,15,False
managers,passengers_ratings_count,passenger_experience,-0.07486138512158697,0.07486138512158697,down,0.8,15,False
managers,rides_offers_uber,matching,0.06192959956924685,0.06192959956924685,up,0.8666666666666667,15,False
managers,passengers_drivers_ratio,demand,-0.05751111011345427,0.05751111011345427,down,0.5333333333333333,15,False
managers,passengers_offers_discarded,passenger_decisions,0.05673589053038793,0.05673589053038793,up,0.8,15,False
managers,rides_offers_generated,matching,0.0533497181244421,0.0533497181244421,up,0.8,15,False
managers,traffic_duration_avg,trip,0.052980739826043996,0.052980739826043996,up,0.6666666666666666,15,False
managers,traffic_length_avg,trip,0.04785535172825291,0.04785535172825291,up,0.6,15,False
managers,drivers_total_length_avg,supply,0.04759118722829977,0.04759118722829977,down,0.6,15,False
managers,drivers_pickup_reject,driver_decisions,0.04725828968825514,0.04725828968825514,up,0.5333333333333333,15,False
managers,drivers_removed,supply,-0.044843342463431864,0.044843342463431864,down,0.7333333333333333,15,False
managers,rides_partial_acceptances,matching,-0.04303811666178176,0.04303811666178176,down,0.7333333333333333,15,False
managers,drivers_pickup,supply,-0.04146947917153686,0.04146947917153686,down,0.6,15,False
managers,drivers_shift_duration_avg,supply,0.039106903130612394,0.039106903130612394,down,0.5333333333333333,15,False
managers,rides_offers_lyft,matching,0.03677349489897919,0.03677349489897919,up,0.8,15,False
managers,rides_offers_radius_avg,matching,-0.036167776369359014,0.036167776369359014,down,0.6,15,False
managers,passengers_unassigned,demand,-0.03504639335215469,0.03504639335215469,down,0.6,15,False
managers,passengers_departures,demand,-0.033476100943447704,0.033476100943447704,down,0.8,15,False
managers,rides_length_avg,trip,-0.030998312269177056,0.030998312269177056,down,0.8,15,False
managers,passengers_arrivals,demand,-0.024820234641901483,0.024820234641901483,down,0.6666666666666666,15,False
managers,drivers_pickup_accept,driver_decisions,0.023978853448639526,0.023978853448639526,up,0.6666666666666666,15,False
managers,passengers_accept,passenger_decisions,-0.021577011047399747,0.021577011047399747,down,0.6,15,False
managers,drivers_acceptance_rate,driver_decisions,-0.02140106175288987,0.02140106175288987,up,0.5333333333333333,15,False
managers,drivers_passengers_served,supply,-0.018279274000782893,0.018279274000782893,down,0.6,15,False
managers,rides_in_progress,matching,-0.018264465254577877,0.018264465254577877,down,0.5333333333333333,15,False
managers,drivers_change_provider,driver_decisions,0.017688508444688247,0.017688508444688247,up,0.5333333333333333,15,False
managers,drivers_reject,driver_decisions,0.01485981213373333,0.01485981213373333,down,0.5333333333333333,15,False
managers,drivers_accept,driver_decisions,0.01348326753738083,0.01348326753738083,up,0.8,15,False
managers,rides_dispatched,matching,0.01348326753738083,0.01348326753738083,up,0.8,15,False
managers,drivers_waiting,supply,0.012422805839062823,0.012422805839062823,up,0.7333333333333333,15,False
managers,drivers_busy,supply,-0.01136971466090548,0.01136971466090548,up,0.5333333333333333,15,False
managers,drivers_starting,supply,0.011268163171726091,0.011268163171726091,up,0.6,15,False
managers,traffic_speed_avg,trip,-0.007716153288505457,0.007716153288505457,down,0.5333333333333333,15,False
managers,rides_waiting_duration_avg,passenger_experience,0.006948072858390724,0.006948072858390724,up,0.6,15,False
managers,drivers_change_zone,driver_decisions,0.00509351399180179,0.00509351399180179,up,0.5333333333333333,15,False
managers,rides_duration_avg,trip,-0.004394619185986944,0.004394619185986944,down,0.5333333333333333,15,False
managers,drivers_idle,supply,0.0020204392562495218,0.0020204392562495218,up,0.5333333333333333,15,False
managers_drivers,passengers_acceptance_rate,passenger_decisions,-4.222855254654255,4.222855254654255,down,1.0,15,True
managers_drivers,passengers_pickup_reject,passenger_decisions,1.2186804563114906,1.2186804563114906,up,1.0,15,True
managers_drivers,passengers_reject,passenger_decisions,0.9689522803341757,0.9689522803341757,up,1.0,15,False
managers_drivers,drivers_acceptance_rate,driver_decisions,-0.7969515040874418,0.7969515040874418,down,0.9333333333333333,15,False
managers_drivers,passengers_change_provider,passenger_decisions,0.6904460300778801,0.6904460300778801,up,1.0,15,False
managers_drivers,passengers_rating_avg,passenger_experience,-0.5395492003256478,0.5395492003256478,down,0.6666666666666666,15,False
managers_drivers,drivers_idle_duration_avg,supply,0.4203193198920795,0.4203193198920795,up,0.7333333333333333,15,False
managers_drivers,drivers_starting,supply,-0.3418819902085036,0.3418819902085036,down,1.0,15,False
managers_drivers,drivers_removed,supply,0.1888076128539214,0.1888076128539214,up,0.8,15,False
managers_drivers,drivers_reject,driver_decisions,0.18017761645707417,0.18017761645707417,up,0.9333333333333333,15,False
managers_drivers,passengers_pickup_accept,passenger_decisions,-0.16029457596537278,0.16029457596537278,down,0.8666666666666667,15,False
managers_drivers,rides_offers_uber,matching,0.15159793673852104,0.15159793673852104,up,1.0,15,False
managers_drivers,drivers_change_zone,driver_decisions,0.15033631508276804,0.15033631508276804,up,0.9333333333333333,15,False
managers_drivers,passengers_no_ratings_count,passenger_experience,0.1477962338434484,0.1477962338434484,up,0.9333333333333333,15,False
managers_drivers,drivers_pickup_reject,driver_decisions,0.14172179549894354,0.14172179549894354,up,0.8,15,False
managers_drivers,rides_offers_generated,matching,0.13985650167320787,0.13985650167320787,up,0.9333333333333333,15,False
managers_drivers,passengers_offers_discarded,passenger_decisions,0.13907219997456727,0.13907219997456727,up,0.9333333333333333,15,False
managers_drivers,drivers_pickup,supply,-0.11606937114630204,0.11606937114630204,down,0.6666666666666666,15,False
managers_drivers,rides_offers_lyft,matching,0.11450760284120438,0.11450760284120438,up,0.9333333333333333,15,False
managers_drivers,drivers_change_provider,driver_decisions,0.10760977175962205,0.10760977175962205,up,0.9333333333333333,15,False
managers_drivers,drivers_shift_duration_avg,supply,0.10144713719734018,0.10144713719734018,up,0.7333333333333333,15,False
managers_drivers,rides_in_progress,matching,-0.09101406621760204,0.09101406621760204,down,0.6666666666666666,15,False
managers_drivers,passengers_ratings_count,passenger_experience,-0.08112486826766659,0.08112486826766659,down,0.7333333333333333,15,False
managers_drivers,passengers_departures,demand,-0.06674381100860706,0.06674381100860706,down,0.8,15,False
managers_drivers,drivers_occupied_distance_avg,supply,0.06582769617296495,0.06582769617296495,up,0.6666666666666666,15,False
managers_drivers,drivers_occupied_duration_avg,supply,0.06520901579451706,0.06520901579451706,up,0.6666666666666666,15,False
managers_drivers,rides_offers_radius_avg,matching,-0.06426132040258517,0.06426132040258517,down,0.7333333333333333,15,False
managers_drivers,rides_partial_acceptances,matching,0.0630756034249146,0.0630756034249146,up,0.8666666666666667,15,False
managers_drivers,drivers_busy,supply,-0.060099056069136424,0.060099056069136424,down,0.6666666666666666,15,False
managers_drivers,passengers_unassigned,demand,0.058562190114014374,0.058562190114014374,up,0.8,15,False
managers_drivers,passengers_accept,passenger_decisions,0.055515039736827435,0.055515039736827435,up,0.9333333333333333,15,False
managers_drivers,drivers_total_length_avg,supply,0.04411442674225459,0.04411442674225459,up,0.7333333333333333,15,False
managers_drivers,rides_offers_price_lyft_avg,market,-0.04387452409568704,0.04387452409568704,down,0.5333333333333333,15,False
managers_drivers,drivers_pickup_accept,driver_decisions,-0.04095936819402048,0.04095936819402048,down,0.7333333333333333,15,False
managers_drivers,rides_waiting_duration_avg,passenger_experience,0.03540066107684243,0.03540066107684243,up,0.6,15,False
managers_drivers,drivers_accept,driver_decisions,-0.031004506215293957,0.031004506215293957,down,0.8666666666666667,15,False
managers_drivers,rides_dispatched,matching,-0.031004506215293957,0.031004506215293957,down,0.8666666666666667,15,False
managers_drivers,drivers_passengers_served,supply,-0.027584353756557753,0.027584353756557753,down,0.7333333333333333,15,False
managers_drivers,rides_length_avg,trip,-0.025287145875635946,0.025287145875635946,down,0.8,15,False
managers_drivers,passengers_arrivals,demand,-0.025009010138488677,0.025009010138488677,down,0.5333333333333333,15,False
managers_drivers,traffic_length_avg,trip,-0.022681214351144088,0.022681214351144088,down,0.5333333333333333,15,False
managers_drivers,traffic_duration_avg,trip,0.020594847531132946,0.020594847531132946,up,0.6,15,False
managers_drivers,passengers_drivers_ratio,demand,-0.016022111043311322,0.016022111043311322,up,0.5333333333333333,15,False
managers_drivers,rides_offers_price_uber_avg,market,0.014136323415857835,0.014136323415857835,up,0.5333333333333333,15,False
managers_drivers,drivers_idle,supply,0.014030630863020376,0.014030630863020376,up,0.6,15,False
managers_drivers,rides_duration_avg,trip,-0.011811129556941085,0.011811129556941085,up,0.6,15,False
managers_drivers,rides_offers_price_no_surge_avg,market,-0.010560274729738573,0.010560274729738573,up,0.6,15,False
managers_drivers,traffic_speed_avg,trip,0.007440563749530834,0.007440563749530834,down,0.6,15,False
managers_drivers,drivers_waiting,supply,-0.005274160537529921,0.005274160537529921,up,0.5333333333333333,15,False
students,passengers_acceptance_rate,passenger_decisions,-1.5811097508314889,1.5811097508314889,down,1.0,15,True
students,passengers_change_provider,passenger_decisions,0.35068158848055214,0.35068158848055214,up,1.0,15,False
students,passengers_pickup_reject,passenger_decisions,0.3417411853250716,0.3417411853250716,up,0.9333333333333333,15,False
students,passengers_reject,passenger_decisions,0.2622661897728712,0.2622661897728712,up,1.0,15,False
students,passengers_rating_avg,passenger_experience,0.15815407239502371,0.15815407239502371,up,0.7333333333333333,15,False
students,rides_offers_price_lyft_avg,market,-0.1061168004222106,0.1061168004222106,up,0.5333333333333333,15,False
students,drivers_acceptance_rate,driver_decisions,-0.08163756210596478,0.08163756210596478,down,0.6666666666666666,15,False
students,drivers_idle_duration_avg,supply,0.07794586775364302,0.07794586775364302,up,0.6,15,False
students,rides_offers_price_no_surge_avg,market,-0.05422590363604863,0.05422590363604863,up,0.6,15,False
students,passengers_no_ratings_count,passenger_experience,0.05354333478223943,0.05354333478223943,up,0.6666666666666666,15,False
students,rides_waiting_duration_avg,passenger_experience,0.052566955033510894,0.052566955033510894,up,0.6666666666666666,15,False
students,passengers_ratings_count,passenger_experience,-0.050339139462944195,0.050339139462944195,down,0.7333333333333333,15,False
students,drivers_pickup_reject,driver_decisions,0.045015861509408735,0.045015861509408735,up,0.6,15,False
students,drivers_busy,supply,0.0443854123266056,0.0443854123266056,up,0.6666666666666666,15,False
students,rides_offers_lyft,matching,0.042871019975897026,0.042871019975897026,up,0.7333333333333333,15,False
students,rides_offers_radius_avg,matching,0.04050069112513772,0.04050069112513772,up,0.6,15,False
students,passengers_offers_discarded,passenger_decisions,0.035470792111159534,0.035470792111159534,up,0.8666666666666667,15,False
students,rides_offers_generated,matching,0.03469283390449636,0.03469283390449636,up,0.8666666666666667,15,False
students,rides_offers_price_uber_avg,market,-0.03257541623234491,0.03257541623234491,up,0.6,15,False
students,rides_duration_avg,trip,0.03210563836959506,0.03210563836959506,up,0.6666666666666666,15,False
students,rides_offers_uber,matching,0.029013865826579017,0.029013865826579017,up,0.6,15,False
students,traffic_length_avg,trip,-0.026811167669374518,0.026811167669374518,down,0.5333333333333333,15,False
students,passengers_arrivals,demand,-0.025303410125769827,0.025303410125769827,down,0.5333333333333333,15,False
students,traffic_duration_avg,trip,0.023775928034779372,0.023775928034779372,up,0.6,15,False
students,drivers_pickup_accept,driver_decisions,0.0214384772150088,0.0214384772150088,up,0.7333333333333333,15,False
students,drivers_change_zone,driver_decisions,0.020497791514364743,0.020497791514364743,up,0.7333333333333333,15,False
students,drivers_total_length_avg,supply,-0.018486825567574004,0.018486825567574004,down,0.6,15,False
students,drivers_occupied_duration_avg,supply,-0.01791750880720703,0.01791750880720703,down,0.6,15,False
students,traffic_speed_avg,trip,-0.01742635996413745,0.01742635996413745,down,0.5333333333333333,15,False
students,drivers_removed,supply,-0.01742088381808322,0.01742088381808322,down,0.6,15,False
students,drivers_pickup,supply,0.01602585282206229,0.01602585282206229,up,0.6,15,False
students,passengers_departures,demand,-0.015435961098664802,0.015435961098664802,down,0.5333333333333333,15,False
students,passengers_pickup_accept,passenger_decisions,-0.01390141500532127,0.01390141500532127,down,0.5333333333333333,15,False
students,drivers_idle,supply,-0.012310508721388825,0.012310508721388825,down,0.5333333333333333,15,False
students,rides_length_avg,trip,0.01098382662709496,0.01098382662709496,up,0.6666666666666666,15,False
students,drivers_starting,supply,-0.010877561250779547,0.010877561250779547,down,0.7333333333333333,15,False
students,drivers_change_provider,driver_decisions,0.009593103989116407,0.009593103989116407,down,0.5333333333333333,15,False
students,passengers_drivers_ratio,demand,-0.00852911960320008,0.00852911960320008,up,0.6,15,False
students,drivers_shift_duration_avg,supply,-0.005205241800393842,0.005205241800393842,down,0.6,15,False
students,passengers_unassigned,demand,-0.005131371441633366,0.005131371441633366,up,0.6,15,False
students,rides_partial_acceptances,matching,-0.004559351814780174,0.004559351814780174,down,0.5333333333333333,15,False
students,drivers_accept,driver_decisions,-0.004362602410043928,0.004362602410043928,down,0.6,15,False
students,rides_dispatched,matching,-0.004362602410043928,0.004362602410043928,down,0.6,15,False
students,drivers_waiting,supply,-0.0042829749745837324,0.0042829749745837324,down,0.6,15,False
students,drivers_reject,driver_decisions,0.003608843296803814,0.003608843296803814,up,0.5333333333333333,15,False
students,passengers_accept,passenger_decisions,-0.003563445005873501,0.003563445005873501,down,0.6,15,False
students,drivers_occupied_distance_avg,supply,-0.0031605300480332813,0.0031605300480332813,down,0.5333333333333333,15,False
students,drivers_passengers_served,supply,-0.0016562497179775236,0.0016562497179775236,down,0.5333333333333333,15,False
students,rides_in_progress,matching,0.0005344822132438796,0.0005344822132438796,up,0.5333333333333333,15,False
students_drivers,passengers_acceptance_rate,passenger_decisions,-1.7145005076977553,1.7145005076977553,down,1.0,15,True
students_drivers,drivers_acceptance_rate,driver_decisions,-0.8659225575381295,0.8659225575381295,down,1.0,15,False
students_drivers,passengers_rating_avg,passenger_experience,-0.629721066632939,0.629721066632939,down,0.7333333333333333,15,False
students_drivers,passengers_change_provider,passenger_decisions,0.44028011151152474,0.44028011151152474,up,1.0,15,False
students_drivers,passengers_reject,passenger_decisions,0.3585629894967509,0.3585629894967509,up,1.0,15,False
students_drivers,passengers_pickup_reject,passenger_decisions,0.3516930800853718,0.3516930800853718,up,0.8666666666666667,15,False
students_drivers,drivers_starting,supply,-0.3428833849491254,0.3428833849491254,down,1.0,15,False
students_drivers,drivers_removed,supply,0.23139023939364792,0.23139023939364792,up,0.8666666666666667,15,False
students_drivers,drivers_reject,driver_decisions,0.17550783916015425,0.17550783916015425,up,0.9333333333333333,15,False
students_drivers,drivers_change_zone,driver_decisions,0.15438991904564248,0.15438991904564248,up,1.0,15,False
students_drivers,drivers_occupied_duration_avg,supply,-0.15160682686919646,0.15160682686919646,down,0.6,15,False
students_drivers,rides_offers_price_lyft_avg,market,-0.12193840308832281,0.12193840308832281,down,0.5333333333333333,15,False
students_drivers,rides_offers_price_no_surge_avg,market,-0.11967941271733054,0.11967941271733054,down,0.5333333333333333,15,False
students_drivers,rides_offers_price_uber_avg,market,-0.11558600376806694,0.11558600376806694,down,0.5333333333333333,15,False
students_drivers,rides_offers_generated,matching,0.11012234113803075,0.11012234113803075,up,1.0,15,False
students_drivers,drivers_pickup,supply,-0.10968739266228804,0.10968739266228804,down,0.8666666666666667,15,False
students_drivers,drivers_occupied_distance_avg,supply,-0.10867972675869245,0.10867972675869245,down,0.6,15,False
students_drivers,rides_offers_uber,matching,0.10860453422280841,0.10860453422280841,up,0.9333333333333333,15,False
students_drivers,passengers_offers_discarded,passenger_decisions,0.10833224558791,0.10833224558791,up,1.0,15,False
students_drivers,rides_offers_lyft,matching,0.10824688374457918,0.10824688374457918,up,0.8666666666666667,15,False
students_drivers,drivers_pickup_reject,driver_decisions,0.1051624432644262,0.1051624432644262,up,0.6666666666666666,15,False
students_drivers,drivers_change_provider,driver_decisions,0.10022588126603302,0.10022588126603302,up,0.8666666666666667,15,False
students_drivers,passengers_unassigned,demand,0.09889197628847356,0.09889197628847356,up,0.9333333333333333,15,False
students_drivers,rides_in_progress,matching,-0.09771928791740025,0.09771928791740025,down,0.8,15,False
students_drivers,rides_partial_acceptances,matching,0.08594731633844173,0.08594731633844173,up,0.8,15,False
students_drivers,drivers_idle_duration_avg,supply,-0.08571120384580724,0.08571120384580724,down,0.6,15,False
students_drivers,passengers_pickup_accept,passenger_decisions,-0.08162128598100846,0.08162128598100846,down,0.8666666666666667,15,False
students_drivers,drivers_total_length_avg,supply,-0.08132811965717276,0.08132811965717276,down,0.6,15,False
students_drivers,drivers_shift_duration_avg,supply,-0.07949095171950386,0.07949095171950386,down,0.6666666666666666,15,False
students_drivers,drivers_busy,supply,-0.07832201158140145,0.07832201158140145,down,0.7333333333333333,15,False
students_drivers,passengers_drivers_ratio,demand,0.07724559231406838,0.07724559231406838,up,0.6666666666666666,15,False
students_drivers,traffic_speed_avg,trip,0.06678104938053693,0.06678104938053693,up,0.6,15,False
students_drivers,drivers_pickup_accept,driver_decisions,-0.06520881326435292,0.06520881326435292,down,0.9333333333333333,15,False
students_drivers,passengers_accept,passenger_decisions,0.06474102055104695,0.06474102055104695,up,0.8666666666666667,15,False
students_drivers,passengers_departures,demand,-0.05251390730359375,0.05251390730359375,down,0.8,15,False
students_drivers,rides_duration_avg,trip,-0.05246650030811468,0.05246650030811468,down,0.6666666666666666,15,False
students_drivers,traffic_duration_avg,trip,-0.0502030883066936,0.0502030883066936,up,0.5333333333333333,15,False
students_drivers,drivers_accept,driver_decisions,-0.048317733908713176,0.048317733908713176,down,0.9333333333333333,15,False
students_drivers,rides_dispatched,matching,-0.048317733908713176,0.048317733908713176,down,0.9333333333333333,15,False
students_drivers,passengers_no_ratings_count,passenger_experience,0.04625264924981649,0.04625264924981649,up,0.6666666666666666,15,False
students_drivers,traffic_length_avg,trip,-0.041843773297822344,0.041843773297822344,up,0.5333333333333333,15,False
students_drivers,rides_waiting_duration_avg,passenger_experience,0.03851284056955462,0.03851284056955462,up,0.6666666666666666,15,False
students_drivers,passengers_ratings_count,passenger_experience,-0.038103377441948125,0.038103377441948125,down,0.5333333333333333,15,False
students_drivers,drivers_waiting,supply,-0.021746174741518468,0.021746174741518468,down,0.7333333333333333,15,False
students_drivers,drivers_passengers_served,supply,-0.020818324254382146,0.020818324254382146,down,0.6666666666666666,15,False
students_drivers,rides_length_avg,trip,-0.020146131971111318,0.020146131971111318,down,0.8,15,False
students_drivers,rides_offers_radius_avg,matching,-0.016538260703470156,0.016538260703470156,down,0.5333333333333333,15,False
students_drivers,passengers_arrivals,demand,-0.01641569373176618,0.01641569373176618,down,0.5333333333333333,15,False
students_drivers,drivers_idle,supply,0.0049108020072638385,0.0049108020072638385,up,0.5333333333333333,15,False
