scenario,metric,family,mean_z,abs_mean_z,direction,sign_consistency,n,is_trait
boycott_tncs,passengers_pickup_reject,passenger_decisions,-2.370859500402129,2.370859500402129,down,1.0,8,True
boycott_tncs,rides_offers_radius_avg,matching,-2.3441542549223717,2.3441542549223717,down,1.0,8,True
boycott_tncs,passengers_reject,passenger_decisions,-1.8913817638232198,1.8913817638232198,down,1.0,8,True
boycott_tncs,drivers_pickup_reject,driver_decisions,-1.8558254710875106,1.8558254710875106,down,1.0,8,True
boycott_tncs,passengers_change_provider,passenger_decisions,-1.7519127158083618,1.7519127158083618,down,1.0,8,True
boycott_tncs,drivers_pickup_accept,driver_decisions,-1.7367051524058517,1.7367051524058517,down,1.0,8,True
boycott_tncs,rides_offers_lyft,matching,-1.6806673853543717,1.6806673853543717,down,1.0,8,True
boycott_tncs,rides_partial_acceptances,matching,-1.680492278018235,1.680492278018235,down,1.0,8,True
boycott_tncs,passengers_pickup_accept,passenger_decisions,-1.6724365061876232,1.6724365061876232,down,1.0,8,True
boycott_tncs,rides_offers_generated,matching,-1.6713157919598656,1.6713157919598656,down,1.0,8,True
boycott_tncs,passengers_unassigned,demand,-1.6668739732770739,1.6668739732770739,down,1.0,8,True
boycott_tncs,drivers_removed,supply,-1.6374082080224555,1.6374082080224555,down,1.0,8,True
boycott_tncs,passengers_offers_discarded,passenger_decisions,-1.6330648747212093,1.6330648747212093,down,1.0,8,True
boycott_tncs,rides_offers_uber,matching,-1.6258874558648289,1.6258874558648289,down,1.0,8,True
boycott_tncs,passengers_accept,passenger_decisions,-1.6204002531524377,1.6204002531524377,down,1.0,8,True
boycott_tncs,drivers_pickup,supply,-1.6139268710401677,1.6139268710401677,down,1.0,8,True
boycott_tncs,drivers_change_provider,driver_decisions,-1.5644153291061085,1.5644153291061085,down,1.0,8,True
boycott_tncs,passengers_drivers_ratio,demand,-1.5565662471733683,1.5565662471733683,down,1.0,8,True
boycott_tncs,drivers_reject,driver_decisions,-1.4440936860678555,1.4440936860678555,down,1.0,8,True
boycott_tncs,drivers_accept,driver_decisions,-1.388870844111057,1.388870844111057,down,1.0,8,True
boycott_tncs,rides_dispatched,matching,-1.388870844111057,1.388870844111057,down,1.0,8,True
boycott_tncs,drivers_waiting,supply,-1.3629631826247053,1.3629631826247053,down,1.0,8,True
boycott_tncs,drivers_change_zone,driver_decisions,-1.1917073907976663,1.1917073907976663,down,1.0,8,True
boycott_tncs,passengers_departures,demand,-1.0485875147397725,1.0485875147397725,down,1.0,8,True
boycott_tncs,rides_in_progress,matching,-0.7659913648173254,0.7659913648173254,down,1.0,8,False
boycott_tncs,drivers_passengers_served,supply,-0.7631936983053236,0.7631936983053236,down,1.0,8,False
boycott_tncs,drivers_busy,supply,-0.6946736994933929,0.6946736994933929,down,1.0,8,False
boycott_tncs,drivers_idle_duration_avg,supply,0.6648089962408474,0.6648089962408474,up,0.75,8,False
boycott_tncs,drivers_acceptance_rate,driver_decisions,0.6415296727170535,0.6415296727170535,up,0.875,8,False
boycott_tncs,passengers_acceptance_rate,passenger_decisions,0.5325092624120066,0.5325092624120066,up,1.0,8,False
boycott_tncs,passengers_ratings_count,passenger_experience,-0.48171124052967934,0.48171124052967934,down,1.0,8,False
boycott_tncs,passengers_arrivals,demand,-0.4816114344981405,0.4816114344981405,down,1.0,8,False
boycott_tncs,passengers_no_ratings_count,passenger_experience,-0.4812304585038298,0.4812304585038298,down,1.0,8,False
boycott_tncs,rides_offers_price_no_surge_avg,market,-0.46168241411249716,0.46168241411249716,down,1.0,8,False
boycott_tncs,drivers_idle,supply,0.4601055469482137,0.4601055469482137,up,1.0,8,False
boycott_tncs,rides_offers_price_uber_avg,market,-0.4349990270898386,0.4349990270898386,down,1.0,8,False
boycott_tncs,rides_offers_price_lyft_avg,market,-0.42709064219888604,0.42709064219888604,down,1.0,8,False
boycott_tncs,drivers_occupied_duration_avg,supply,0.33993670827474076,0.33993670827474076,up,0.875,8,False
boycott_tncs,drivers_occupied_distance_avg,supply,0.3343015738899554,0.3343015738899554,up,0.875,8,False
boycott_tncs,drivers_shift_duration_avg,supply,0.30821973791485335,0.30821973791485335,up,0.875,8,False
boycott_tncs,rides_waiting_duration_avg,passenger_experience,-0.2936359184364971,0.2936359184364971,down,1.0,8,False
boycott_tncs,drivers_total_length_avg,supply,0.2633983819742491,0.2633983819742491,up,0.875,8,False
boycott_tncs,passengers_rating_avg,passenger_experience,-0.2591775622349396,0.2591775622349396,down,0.625,8,False
boycott_tncs,rides_length_avg,trip,-0.2126033475548782,0.2126033475548782,down,1.0,8,False
boycott_tncs,rides_duration_avg,trip,-0.08971383983332706,0.08971383983332706,down,0.875,8,False
boycott_tncs,traffic_duration_avg,trip,-0.06275435830574609,0.06275435830574609,down,0.75,8,False
boycott_tncs,traffic_length_avg,trip,-0.04500204843689072,0.04500204843689072,down,0.625,8,False
boycott_tncs,traffic_speed_avg,trip,-0.02045281081191537,0.02045281081191537,down,0.625,8,False
boycott_tncs,drivers_starting,supply,-0.004994934181835671,0.004994934181835671,up,0.5,8,False
boycott_tncs-long_rides,rides_offers_price_lyft_avg,market,11.236820015644481,11.236820015644481,up,1.0,8,True
boycott_tncs-long_rides,rides_offers_price_no_surge_avg,market,9.670001537166463,9.670001537166463,up,1.0,8,True
boycott_tncs-long_rides,rides_offers_price_uber_avg,market,9.009278794080004,9.009278794080004,up,1.0,8,True
boycott_tncs-long_rides,passengers_pickup_reject,passenger_decisions,-1.3844904039394452,1.3844904039394452,down,1.0,8,True
boycott_tncs-long_rides,rides_offers_lyft,matching,-1.1436780569609182,1.1436780569609182,down,1.0,8,True
boycott_tncs-long_rides,passengers_reject,passenger_decisions,-1.1236766812310435,1.1236766812310435,down,1.0,8,True
boycott_tncs-long_rides,drivers_pickup,supply,-1.1031938542384383,1.1031938542384383,down,1.0,8,True
boycott_tncs-long_rides,drivers_pickup_reject,driver_decisions,-1.0898577114051617,1.0898577114051617,down,1.0,8,True
boycott_tncs-long_rides,passengers_drivers_ratio,demand,-1.086787881349899,1.086787881349899,down,1.0,8,True
boycott_tncs-long_rides,rides_partial_acceptances,matching,-1.080501623877348,1.080501623877348,down,1.0,8,True
boycott_tncs-long_rides,passengers_change_provider,passenger_decisions,-1.0722473781903004,1.0722473781903004,down,1.0,8,True
boycott_tncs-long_rides,drivers_idle_duration_avg,supply,1.058393305296521,1.058393305296521,up,0.875,8,False
boycott_tncs-long_rides,passengers_accept,passenger_decisions,-1.0495686090328986,1.0495686090328986,down,1.0,8,True
boycott_tncs-long_rides,drivers_pickup_accept,driver_decisions,-1.0486010644871284,1.0486010644871284,down,1.0,8,True
boycott_tncs-long_rides,passengers_offers_discarded,passenger_decisions,-1.04616826626459,1.04616826626459,down,1.0,8,True
boycott_tncs-long_rides,rides_offers_generated,matching,-1.046043982136152,1.046043982136152,down,1.0,8,True
boycott_tncs-long_rides,passengers_no_ratings_count,passenger_experience,-1.0187280603144628,1.0187280603144628,down,1.0,8,True
boycott_tncs-long_rides,passengers_pickup_accept,passenger_decisions,-1.0084602186363307,1.0084602186363307,down,1.0,8,True
boycott_tncs-long_rides,passengers_unassigned,demand,-0.9912428455890319,0.9912428455890319,down,1.0,8,False
boycott_tncs-long_rides,drivers_removed,supply,-0.9891274237341051,0.9891274237341051,down,1.0,8,False
boycott_tncs-long_rides,passengers_departures,demand,-0.9861850303241789,0.9861850303241789,down,1.0,8,False
boycott_tncs-long_rides,passengers_arrivals,demand,-0.9713187627080381,0.9713187627080381,down,1.0,8,False
boycott_tncs-long_rides,rides_offers_uber,matching,-0.9630681965925049,0.9630681965925049,down,1.0,8,False
boycott_tncs-long_rides,passengers_ratings_count,passenger_experience,-0.9585594509858771,0.9585594509858771,down,1.0,8,False
boycott_tncs-long_rides,drivers_accept,driver_decisions,-0.9566983267284841,0.9566983267284841,down,1.0,8,False
boycott_tncs-long_rides,rides_dispatched,matching,-0.9566983267284841,0.9566983267284841,down,1.0,8,False
boycott_tncs-long_rides,drivers_change_provider,driver_decisions,-0.9338484274009277,0.9338484274009277,down,1.0,8,False
boycott_tncs-long_rides,drivers_waiting,supply,-0.9315470925055035,0.9315470925055035,down,1.0,8,False
boycott_tncs-long_rides,rides_offers_radius_avg,matching,-0.8934355683072372,0.8934355683072372,down,1.0,8,False
boycott_tncs-long_rides,drivers_reject,driver_decisions,-0.8586925484704426,0.8586925484704426,down,1.0,8,False
boycott_tncs-long_rides,passengers_rating_avg,passenger_experience,-0.7797860307167381,0.7797860307167381,down,1.0,8,False
boycott_tncs-long_rides,drivers_change_zone,driver_decisions,-0.7538214661882907,0.7538214661882907,down,1.0,8,False
boycott_tncs-long_rides,rides_waiting_duration_avg,passenger_experience,-0.7202498659899481,0.7202498659899481,down,1.0,8,False
boycott_tncs-long_rides,drivers_busy,supply,-0.6846707391823862,0.6846707391823862,down,1.0,8,False
boycott_tncs-long_rides,rides_in_progress,matching,-0.6755116449388632,0.6755116449388632,down,1.0,8,False
boycott_tncs-long_rides,rides_length_avg,trip,0.6153025137321714,0.6153025137321714,up,1.0,8,False
boycott_tncs-long_rides,drivers_passengers_served,supply,-0.570700962813776,0.570700962813776,down,1.0,8,False
boycott_tncs-long_rides,drivers_shift_duration_avg,supply,0.5370465318209261,0.5370465318209261,up,1.0,8,False
boycott_tncs-long_rides,drivers_idle,supply,0.523982700879621,0.523982700879621,up,1.0,8,False
boycott_tncs-long_rides,drivers_total_length_avg,supply,0.44005957720963795,0.44005957720963795,up,1.0,8,False
boycott_tncs-long_rides,drivers_occupied_distance_avg,supply,0.38026601252609515,0.38026601252609515,up,0.875,8,False
boycott_tncs-long_rides,passengers_acceptance_rate,passenger_decisions,-0.3563569009510309,0.3563569009510309,down,1.0,8,False
boycott_tncs-long_rides,drivers_occupied_duration_avg,supply,0.3185971979379502,0.3185971979379502,up,0.875,8,False
boycott_tncs-long_rides,drivers_acceptance_rate,driver_decisions,-0.24857295752593442,0.24857295752593442,down,0.75,8,False
boycott_tncs-long_rides,traffic_duration_avg,trip,-0.22848059980431298,0.22848059980431298,down,0.875,8,False
boycott_tncs-long_rides,traffic_length_avg,trip,-0.1870653419659922,0.1870653419659922,down,0.75,8,False
boycott_tncs-long_rides,traffic_speed_avg,trip,0.11523499179424655,0.11523499179424655,up,0.625,8,False
boycott_tncs-long_rides,rides_duration_avg,trip,0.05103179882507478,0.05103179882507478,up,0.625,8,False
boycott_tncs-long_rides,drivers_starting,supply,-0.002281536368613139,0.002281536368613139,down,0.625,8,False
flash_mob,rides_offers_price_uber_avg,market,4.68970059648219,4.68970059648219,up,1.0,8,True
flash_mob,rides_offers_price_no_surge_avg,market,4.664366078949204,4.664366078949204,up,1.0,8,True
flash_mob,rides_offers_price_lyft_avg,market,4.628983826031068,4.628983826031068,up,1.0,8,True
flash_mob,passengers_pickup_reject,passenger_decisions,1.4780787512628693,1.4780787512628693,up,1.0,8,True
flash_mob,traffic_speed_avg,trip,-0.9843662700769198,0.9843662700769198,down,1.0,8,False
flash_mob,drivers_pickup,supply,0.8753752029960713,0.8753752029960713,up,1.0,8,False
flash_mob,drivers_acceptance_rate,driver_decisions,-0.8389807927703986,0.8389807927703986,down,1.0,8,False
flash_mob,drivers_pickup_reject,driver_decisions,0.8368711736275476,0.8368711736275476,up,1.0,8,False
flash_mob,passengers_ratings_count,passenger_experience,-0.7375907787801027,0.7375907787801027,down,1.0,8,False
flash_mob,passengers_arrivals,demand,-0.7084103997943563,0.7084103997943563,down,1.0,8,False
flash_mob,passengers_departures,demand,-0.7016142116189861,0.7016142116189861,down,1.0,8,False
flash_mob,drivers_pickup_accept,driver_decisions,0.6535812400413198,0.6535812400413198,up,1.0,8,False
flash_mob,passengers_no_ratings_count,passenger_experience,-0.6146865116836789,0.6146865116836789,down,1.0,8,False
flash_mob,passengers_acceptance_rate,passenger_decisions,-0.6090661449228651,0.6090661449228651,down,0.875,8,False
flash_mob,passengers_pickup_accept,passenger_decisions,0.5836361788632394,0.5836361788632394,up,1.0,8,False
flash_mob,rides_offers_radius_avg,matching,0.4689255165327113,0.4689255165327113,up,1.0,8,False
flash_mob,traffic_duration_avg,trip,0.4178413830055081,0.4178413830055081,up,1.0,8,False
flash_mob,rides_waiting_duration_avg,passenger_experience,-0.375907996040048,0.375907996040048,down,1.0,8,False
flash_mob,drivers_idle_duration_avg,supply,-0.302952259244375,0.302952259244375,down,0.625,8,False
flash_mob,rides_length_avg,trip,-0.2680887372193602,0.2680887372193602,down,1.0,8,False
flash_mob,traffic_length_avg,trip,0.24916251673200523,0.24916251673200523,up,0.875,8,False
flash_mob,passengers_drivers_ratio,demand,0.20183588894359322,0.20183588894359322,up,1.0,8,False
flash_mob,passengers_unassigned,demand,0.1597007977531797,0.1597007977531797,up,1.0,8,False
flash_mob,passengers_reject,passenger_decisions,0.15955629758865794,0.15955629758865794,up,0.875,8,False
flash_mob,drivers_reject,driver_decisions,0.1566729235635444,0.1566729235635444,up,0.875,8,False
flash_mob,passengers_rating_avg,passenger_experience,0.1466497437417659,0.1466497437417659,up,0.75,8,False
flash_mob,drivers_occupied_duration_avg,supply,-0.1334342417353634,0.1334342417353634,down,0.625,8,False
flash_mob,drivers_busy,supply,-0.1324891760170323,0.1324891760170323,down,0.875,8,False
flash_mob,passengers_change_provider,passenger_decisions,0.13016075140413658,0.13016075140413658,up,1.0,8,False
flash_mob,drivers_accept,driver_decisions,-0.11567576418328754,0.11567576418328754,down,1.0,8,False
flash_mob,rides_dispatched,matching,-0.11567576418328754,0.11567576418328754,down,1.0,8,False
flash_mob,drivers_occupied_distance_avg,supply,-0.11497365464321005,0.11497365464321005,down,0.625,8,False
flash_mob,drivers_shift_duration_avg,supply,-0.10767352433574076,0.10767352433574076,down,0.625,8,False
flash_mob,rides_duration_avg,trip,-0.09060848076977429,0.09060848076977429,down,0.75,8,False
flash_mob,drivers_total_length_avg,supply,-0.0835035563768108,0.0835035563768108,down,0.625,8,False
flash_mob,drivers_passengers_served,supply,0.07481729270744789,0.07481729270744789,up,0.5,8,False
flash_mob,drivers_idle,supply,-0.05091103666495696,0.05091103666495696,down,0.875,8,False
flash_mob,rides_in_progress,matching,-0.04772558011990423,0.04772558011990423,up,0.5,8,False
flash_mob,drivers_starting,supply,-0.04111342365085764,0.04111342365085764,down,0.75,8,False
flash_mob,drivers_removed,supply,-0.03638996460111643,0.03638996460111643,down,0.625,8,False
flash_mob,drivers_waiting,supply,-0.03419834835044404,0.03419834835044404,down,0.75,8,False
flash_mob,rides_offers_lyft,matching,0.03354847400321016,0.03354847400321016,up,0.75,8,False
flash_mob,rides_offers_generated,matching,0.01649674095425428,0.01649674095425428,down,0.625,8,False
flash_mob,passengers_offers_discarded,passenger_decisions,0.014298220069697108,0.014298220069697108,down,0.625,8,False
flash_mob,drivers_change_zone,driver_decisions,-0.01198866646862509,0.01198866646862509,down,0.625,8,False
flash_mob,rides_partial_acceptances,matching,0.009491300117772467,0.009491300117772467,up,0.5,8,False
flash_mob,drivers_change_provider,driver_decisions,-0.00686843820761434,0.00686843820761434,down,0.625,8,False
flash_mob,rides_offers_uber,matching,0.005971389925077189,0.005971389925077189,down,0.75,8,False
flash_mob,passengers_accept,passenger_decisions,-0.0034074928784278632,0.0034074928784278632,down,0.75,8,False
flash_mob-boycott_tncs,rides_offers_price_uber_avg,market,4.551630294437155,4.551630294437155,up,1.0,8,True
flash_mob-boycott_tncs,rides_offers_price_no_surge_avg,market,4.431745916709376,4.431745916709376,up,1.0,8,True
flash_mob-boycott_tncs,rides_offers_price_lyft_avg,market,4.270914257458999,4.270914257458999,up,1.0,8,True
flash_mob-boycott_tncs,rides_offers_radius_avg,matching,-2.239515315485068,2.239515315485068,down,1.0,8,True
flash_mob-boycott_tncs,passengers_reject,passenger_decisions,-1.6959658208085864,1.6959658208085864,down,1.0,8,True
flash_mob-boycott_tncs,rides_offers_lyft,matching,-1.6075116169145516,1.6075116169145516,down,1.0,8,True
flash_mob-boycott_tncs,drivers_removed,supply,-1.5646338538793456,1.5646338538793456,down,1.0,8,True
flash_mob-boycott_tncs,passengers_change_provider,passenger_decisions,-1.5619180310789065,1.5619180310789065,down,1.0,8,True
flash_mob-boycott_tncs,passengers_unassigned,demand,-1.5550131168329018,1.5550131168329018,down,1.0,8,True
flash_mob-boycott_tncs,passengers_pickup_reject,passenger_decisions,-1.5373558354981145,1.5373558354981145,down,1.0,8,True
flash_mob-boycott_tncs,rides_offers_generated,matching,-1.5361693770038354,1.5361693770038354,down,1.0,8,True
flash_mob-boycott_tncs,rides_partial_acceptances,matching,-1.5161073033797263,1.5161073033797263,down,1.0,8,True
flash_mob-boycott_tncs,drivers_change_provider,driver_decisions,-1.5121962380476832,1.5121962380476832,down,1.0,8,True
flash_mob-boycott_tncs,passengers_accept,passenger_decisions,-1.4992206120124947,1.4992206120124947,down,1.0,8,True
flash_mob-boycott_tncs,passengers_offers_discarded,passenger_decisions,-1.4978655885401009,1.4978655885401009,down,1.0,8,True
flash_mob-boycott_tncs,rides_offers_uber,matching,-1.4571131281788081,1.4571131281788081,down,1.0,8,True
flash_mob-boycott_tncs,passengers_drivers_ratio,demand,-1.4157552303972345,1.4157552303972345,down,1.0,8,True
flash_mob-boycott_tncs,drivers_accept,driver_decisions,-1.393305098707853,1.393305098707853,down,1.0,8,True
flash_mob-boycott_tncs,rides_dispatched,matching,-1.393305098707853,1.393305098707853,down,1.0,8,True
flash_mob-boycott_tncs,drivers_waiting,supply,-1.325318225257173,1.325318225257173,down,1.0,8,True
flash_mob-boycott_tncs,drivers_reject,driver_decisions,-1.3037394815830108,1.3037394815830108,down,1.0,8,True
flash_mob-boycott_tncs,drivers_pickup_accept,driver_decisions,-1.281972085565194,1.281972085565194,down,1.0,8,True
flash_mob-boycott_tncs,passengers_departures,demand,-1.26020915783011,1.26020915783011,down,1.0,8,True
flash_mob-boycott_tncs,passengers_pickup_accept,passenger_decisions,-1.222876629854976,1.222876629854976,down,1.0,8,True
flash_mob-boycott_tncs,drivers_pickup_reject,driver_decisions,-1.182828981164675,1.182828981164675,down,1.0,8,True
flash_mob-boycott_tncs,drivers_change_zone,driver_decisions,-1.1526751529001555,1.1526751529001555,down,1.0,8,True
flash_mob-boycott_tncs,drivers_pickup,supply,-1.0048586871975902,1.0048586871975902,down,1.0,8,True
flash_mob-boycott_tncs,passengers_ratings_count,passenger_experience,-0.9568927839961083,0.9568927839961083,down,1.0,8,False
flash_mob-boycott_tncs,passengers_arrivals,demand,-0.9415736278852018,0.9415736278852018,down,1.0,8,False
flash_mob-boycott_tncs,passengers_no_ratings_count,passenger_experience,-0.8999964027159496,0.8999964027159496,down,1.0,8,False
flash_mob-boycott_tncs,traffic_speed_avg,trip,-0.8840675476568147,0.8840675476568147,down,1.0,8,False
flash_mob-boycott_tncs,traffic_duration_avg,trip,0.8529003037087428,0.8529003037087428,up,1.0,8,False
flash_mob-boycott_tncs,drivers_passengers_served,supply,-0.648397454072787,0.648397454072787,down,1.0,8,False
flash_mob-boycott_tncs,rides_length_avg,trip,-0.5368455150975506,0.5368455150975506,down,1.0,8,False
flash_mob-boycott_tncs,traffic_length_avg,trip,0.45875367002183826,0.45875367002183826,up,1.0,8,False
flash_mob-boycott_tncs,rides_duration_avg,trip,0.41100471728711685,0.41100471728711685,up,1.0,8,False
flash_mob-boycott_tncs,rides_waiting_duration_avg,passenger_experience,-0.3772237412882146,0.3772237412882146,down,1.0,8,False
flash_mob-boycott_tncs,rides_in_progress,matching,-0.36088953773717664,0.36088953773717664,down,1.0,8,False
flash_mob-boycott_tncs,drivers_acceptance_rate,driver_decisions,-0.33247629061648526,0.33247629061648526,down,0.75,8,False
flash_mob-boycott_tncs,drivers_busy,supply,-0.2823509262761726,0.2823509262761726,down,1.0,8,False
flash_mob-boycott_tncs,drivers_idle,supply,0.24671546087312154,0.24671546087312154,up,1.0,8,False
flash_mob-boycott_tncs,drivers_occupied_duration_avg,supply,0.22246980897592603,0.22246980897592603,up,0.875,8,False
flash_mob-boycott_tncs,passengers_rating_avg,passenger_experience,0.20806354164267915,0.20806354164267915,up,0.625,8,False
flash_mob-boycott_tncs,drivers_occupied_distance_avg,supply,0.19674883692776465,0.19674883692776465,up,0.875,8,False
flash_mob-boycott_tncs,passengers_acceptance_rate,passenger_decisions,-0.13322244928109184,0.13322244928109184,down,0.75,8,False
flash_mob-boycott_tncs,drivers_total_length_avg,supply,0.1166366218628659,0.1166366218628659,up,0.875,8,False
flash_mob-boycott_tncs,drivers_shift_duration_avg,supply,0.11589579234038899,0.11589579234038899,up,0.75,8,False
flash_mob-boycott_tncs,drivers_idle_duration_avg,supply,0.10092001222863756,0.10092001222863756,down,0.625,8,False
flash_mob-boycott_tncs,drivers_starting,supply,-0.01985764140930745,0.01985764140930745,down,0.75,8,False
flash_mob-long_rides,rides_offers_price_lyft_avg,market,15.215793685380696,15.215793685380696,up,1.0,8,True
flash_mob-long_rides,rides_offers_price_no_surge_avg,market,13.731863201724623,13.731863201724623,up,1.0,8,True
flash_mob-long_rides,rides_offers_price_uber_avg,market,13.020539397066479,13.020539397066479,up,1.0,8,True
flash_mob-long_rides,passengers_pickup_reject,passenger_decisions,2.0045181060441584,2.0045181060441584,up,1.0,8,True
flash_mob-long_rides,passengers_acceptance_rate,passenger_decisions,-1.6878866834747943,1.6878866834747943,down,1.0,8,True
flash_mob-long_rides,traffic_length_avg,trip,1.556686502641619,1.556686502641619,up,1.0,8,True
flash_mob-long_rides,rides_duration_avg,trip,1.5521078262161747,1.5521078262161747,up,1.0,8,True
flash_mob-long_rides,traffic_duration_avg,trip,1.4349899409514015,1.4349899409514015,up,1.0,8,True
flash_mob-long_rides,rides_offers_radius_avg,matching,1.3495595037332802,1.3495595037332802,up,1.0,8,True
flash_mob-long_rides,drivers_pickup_reject,driver_decisions,1.3392658713126135,1.3392658713126135,up,1.0,8,True
flash_mob-long_rides,passengers_drivers_ratio,demand,1.111555151853991,1.111555151853991,up,1.0,8,True
flash_mob-long_rides,drivers_acceptance_rate,driver_decisions,-1.0833030889488984,1.0833030889488984,down,1.0,8,True
flash_mob-long_rides,rides_length_avg,trip,1.0786336557735505,1.0786336557735505,up,1.0,8,True
flash_mob-long_rides,drivers_pickup,supply,1.0371768289267331,1.0371768289267331,up,1.0,8,True
flash_mob-long_rides,rides_in_progress,matching,0.9467157086003859,0.9467157086003859,up,1.0,8,False
flash_mob-long_rides,traffic_speed_avg,trip,-0.9366583192379162,0.9366583192379162,down,1.0,8,False
flash_mob-long_rides,drivers_pickup_accept,driver_decisions,0.9257468646885888,0.9257468646885888,up,1.0,8,False
flash_mob-long_rides,passengers_pickup_accept,passenger_decisions,0.8707984514091429,0.8707984514091429,up,1.0,8,False
flash_mob-long_rides,drivers_busy,supply,0.8265408857306953,0.8265408857306953,up,1.0,8,False
flash_mob-long_rides,passengers_no_ratings_count,passenger_experience,-0.7665656616754353,0.7665656616754353,down,1.0,8,False
flash_mob-long_rides,passengers_arrivals,demand,-0.7423130233666777,0.7423130233666777,down,1.0,8,False
flash_mob-long_rides,passengers_ratings_count,passenger_experience,-0.7369250096235422,0.7369250096235422,down,1.0,8,False
flash_mob-long_rides,passengers_unassigned,demand,0.6723399163249344,0.6723399163249344,up,1.0,8,False
flash_mob-long_rides,passengers_rating_avg,passenger_experience,0.6457271370210843,0.6457271370210843,up,1.0,8,False
flash_mob-long_rides,passengers_reject,passenger_decisions,0.6232361960494448,0.6232361960494448,up,1.0,8,False
flash_mob-long_rides,passengers_departures,demand,-0.5447070514496639,0.5447070514496639,down,1.0,8,False
flash_mob-long_rides,passengers_change_provider,passenger_decisions,0.45742272977582077,0.45742272977582077,up,1.0,8,False
flash_mob-long_rides,drivers_total_length_avg,supply,-0.40218156666535576,0.40218156666535576,down,0.875,8,False
flash_mob-long_rides,drivers_idle,supply,-0.39402995067569957,0.39402995067569957,down,1.0,8,False
flash_mob-long_rides,drivers_occupied_distance_avg,supply,-0.33887595345591476,0.33887595345591476,down,0.75,8,False
flash_mob-long_rides,drivers_shift_duration_avg,supply,-0.3265312195582332,0.3265312195582332,down,0.875,8,False
flash_mob-long_rides,drivers_removed,supply,0.23074502531076826,0.23074502531076826,up,1.0,8,False
flash_mob-long_rides,drivers_occupied_duration_avg,supply,-0.2238183597669947,0.2238183597669947,down,0.625,8,False
flash_mob-long_rides,drivers_reject,driver_decisions,0.22201686548305333,0.22201686548305333,up,1.0,8,False
flash_mob-long_rides,rides_waiting_duration_avg,passenger_experience,0.15152500644023598,0.15152500644023598,up,1.0,8,False
flash_mob-long_rides,rides_offers_uber,matching,0.13704637086016602,0.13704637086016602,up,1.0,8,False
flash_mob-long_rides,drivers_change_provider,driver_decisions,0.134546474328269,0.134546474328269,up,0.875,8,False
flash_mob-long_rides,rides_offers_generated,matching,0.1339391450689779,0.1339391450689779,up,1.0,8,False
flash_mob-long_rides,rides_partial_acceptances,matching,0.13111758348589575,0.13111758348589575,up,1.0,8,False
flash_mob-long_rides,passengers_offers_discarded,passenger_decisions,0.12578485261903943,0.12578485261903943,up,1.0,8,False
flash_mob-long_rides,drivers_accept,driver_decisions,-0.12392154425457963,0.12392154425457963,down,1.0,8,False
flash_mob-long_rides,rides_dispatched,matching,-0.12392154425457963,0.12392154425457963,down,1.0,8,False
flash_mob-long_rides,rides_offers_lyft,matching,0.12333020080626969,0.12333020080626969,up,1.0,8,False
flash_mob-long_rides,drivers_passengers_served,supply,0.10873305845708807,0.10873305845708807,up,0.75,8,False
flash_mob-long_rides,drivers_change_zone,driver_decisions,0.08774455154100862,0.08774455154100862,up,1.0,8,False
flash_mob-long_rides,passengers_accept,passenger_decisions,0.07946451845663938,0.07946451845663938,up,1.0,8,False
flash_mob-long_rides,drivers_waiting,supply,-0.050796131679202994,0.050796131679202994,down,1.0,8,False
flash_mob-long_rides,drivers_starting,supply,-0.03198397709729157,0.03198397709729157,down,0.625,8,False
flash_mob-long_rides,drivers_idle_duration_avg,supply,-0.010569471393354957,0.010569471393354957,up,0.5,8,False
flash_mob-wildcat_strike,rides_offers_price_uber_avg,market,4.8434473253996355,4.8434473253996355,up,1.0,8,True
flash_mob-wildcat_strike,rides_offers_price_no_surge_avg,market,4.72158578781797,4.72158578781797,up,1.0,8,True
flash_mob-wildcat_strike,rides_offers_price_lyft_avg,market,4.473226978099133,4.473226978099133,up,1.0,8,True
flash_mob-wildcat_strike,passengers_pickup_reject,passenger_decisions,1.8464600518237893,1.8464600518237893,up,1.0,8,True
flash_mob-wildcat_strike,drivers_starting,supply,-1.5745910052196308,1.5745910052196308,down,1.0,8,True
flash_mob-wildcat_strike,rides_offers_radius_avg,matching,1.498385688658646,1.498385688658646,up,1.0,8,True
flash_mob-wildcat_strike,drivers_pickup,supply,1.2124159492967397,1.2124159492967397,up,1.0,8,True
flash_mob-wildcat_strike,drivers_pickup_reject,driver_decisions,1.1726251793532247,1.1726251793532247,up,1.0,8,True
flash_mob-wildcat_strike,passengers_drivers_ratio,demand,1.097916601582658,1.097916601582658,up,1.0,8,True
flash_mob-wildcat_strike,drivers_pickup_accept,driver_decisions,0.9807355650565454,0.9807355650565454,up,1.0,8,False
flash_mob-wildcat_strike,passengers_acceptance_rate,passenger_decisions,-0.9574118374980408,0.9574118374980408,down,1.0,8,False
flash_mob-wildcat_strike,passengers_pickup_accept,passenger_decisions,0.9057399663552149,0.9057399663552149,up,1.0,8,False
flash_mob-wildcat_strike,traffic_speed_avg,trip,-0.887033520579802,0.887033520579802,down,1.0,8,False
flash_mob-wildcat_strike,traffic_duration_avg,trip,0.8554059118775021,0.8554059118775021,up,1.0,8,False
flash_mob-wildcat_strike,passengers_ratings_count,passenger_experience,-0.7434772195774924,0.7434772195774924,down,1.0,8,False
flash_mob-wildcat_strike,passengers_arrivals,demand,-0.7364720935976373,0.7364720935976373,down,1.0,8,False
flash_mob-wildcat_strike,passengers_no_ratings_count,passenger_experience,-0.7229671597943553,0.7229671597943553,down,1.0,8,False
flash_mob-wildcat_strike,passengers_rating_avg,passenger_experience,0.63928475119824,0.63928475119824,up,1.0,8,False
flash_mob-wildcat_strike,passengers_departures,demand,-0.6175808178258017,0.6175808178258017,down,1.0,8,False
flash_mob-wildcat_strike,passengers_unassigned,demand,0.5863678173811744,0.5863678173811744,up,1.0,8,False
flash_mob-wildcat_strike,drivers_acceptance_rate,driver_decisions,-0.5439392282872462,0.5439392282872462,down,0.875,8,False
flash_mob-wildcat_strike,drivers_idle_duration_avg,supply,-0.5352628957643246,0.5352628957643246,down,0.75,8,False
flash_mob-wildcat_strike,rides_length_avg,trip,-0.4735843336803931,0.4735843336803931,down,1.0,8,False
flash_mob-wildcat_strike,drivers_passengers_served,supply,0.4232606139118233,0.4232606139118233,up,1.0,8,False
flash_mob-wildcat_strike,drivers_occupied_duration_avg,supply,-0.3614728640982355,0.3614728640982355,down,0.875,8,False
flash_mob-wildcat_strike,drivers_occupied_distance_avg,supply,-0.3599764390057185,0.3599764390057185,down,0.875,8,False
flash_mob-wildcat_strike,traffic_length_avg,trip,0.34493982794269873,0.34493982794269873,up,1.0,8,False
flash_mob-wildcat_strike,drivers_idle,supply,-0.34105999008146815,0.34105999008146815,down,1.0,8,False
flash_mob-wildcat_strike,drivers_shift_duration_avg,supply,-0.339762356329093,0.339762356329093,down,0.875,8,False
flash_mob-wildcat_strike,drivers_total_length_avg,supply,-0.32592296365849727,0.32592296365849727,down,0.875,8,False
flash_mob-wildcat_strike,rides_duration_avg,trip,0.3177550322703991,0.3177550322703991,up,1.0,8,False
flash_mob-wildcat_strike,drivers_removed,supply,0.3125523461493886,0.3125523461493886,up,0.875,8,False
flash_mob-wildcat_strike,drivers_change_zone,driver_decisions,-0.2921059785279552,0.2921059785279552,down,1.0,8,False
flash_mob-wildcat_strike,rides_offers_uber,matching,-0.20118953656166952,0.20118953656166952,down,1.0,8,False
flash_mob-wildcat_strike,passengers_reject,passenger_decisions,0.14426136943647772,0.14426136943647772,up,0.875,8,False
flash_mob-wildcat_strike,drivers_accept,driver_decisions,-0.1411280308162421,0.1411280308162421,down,1.0,8,False
flash_mob-wildcat_strike,rides_dispatched,matching,-0.1411280308162421,0.1411280308162421,down,1.0,8,False
flash_mob-wildcat_strike,rides_waiting_duration_avg,passenger_experience,-0.11923980969202355,0.11923980969202355,down,0.875,8,False
flash_mob-wildcat_strike,rides_partial_acceptances,matching,-0.11423003403770468,0.11423003403770468,down,0.875,8,False
flash_mob-wildcat_strike,passengers_accept,passenger_decisions,-0.10612480380124586,0.10612480380124586,down,0.875,8,False
flash_mob-wildcat_strike,passengers_offers_discarded,passenger_decisions,-0.1041534187944326,0.1041534187944326,down,1.0,8,False
flash_mob-wildcat_strike,rides_offers_generated,matching,-0.10035324262364434,0.10035324262364434,down,0.875,8,False
flash_mob-wildcat_strike,drivers_waiting,supply,-0.07400632780871169,0.07400632780871169,down,1.0,8,False
flash_mob-wildcat_strike,rides_offers_lyft,matching,0.0733082203925276,0.0733082203925276,up,0.75,8,False
flash_mob-wildcat_strike,passengers_change_provider,passenger_decisions,0.04420070048429138,0.04420070048429138,up,0.75,8,False
flash_mob-wildcat_strike,drivers_reject,driver_decisions,0.023728595431000348,0.023728595431000348,up,0.5,8,False
flash_mob-wildcat_strike,rides_in_progress,matching,0.012520385419781732,0.012520385419781732,up,0.625,8,False
flash_mob-wildcat_strike,drivers_change_provider,driver_decisions,0.003166773986284451,0.003166773986284451,down,0.625,8,False
flash_mob-wildcat_strike,drivers_busy,supply,0.0022903957504881306,0.0022903957504881306,down,0.625,8,False
long_rides,rides_offers_price_lyft_avg,market,11.884698911094032,11.884698911094032,up,1.0,8,True
long_rides,rides_offers_price_no_surge_avg,market,10.384053366675978,10.384053366675978,up,1.0,8,True
long_rides,rides_offers_price_uber_avg,market,9.662005756806451,9.662005756806451,up,1.0,8,True
long_rides,rides_length_avg,trip,1.3554659262649034,1.3554659262649034,up,1.0,8,True
long_rides,rides_offers_radius_avg,matching,1.3185226229683553,1.3185226229683553,up,1.0,8,True
long_rides,passengers_acceptance_rate,passenger_decisions,-1.1741032708522394,1.1741032708522394,down,1.0,8,True
long_rides,passengers_pickup_reject,passenger_decisions,1.0699930946824614,1.0699930946824614,up,1.0,8,True
long_rides,rides_duration_avg,trip,0.7896432043494814,0.7896432043494814,up,1.0,8,False
long_rides,drivers_pickup_reject,driver_decisions,0.7857011706161846,0.7857011706161846,up,1.0,8,False
long_rides,drivers_acceptance_rate,driver_decisions,-0.5710081631943984,0.5710081631943984,down,1.0,8,False
long_rides,drivers_pickup_accept,driver_decisions,0.5694593470960038,0.5694593470960038,up,1.0,8,False
long_rides,passengers_pickup_accept,passenger_decisions,0.5481976146300516,0.5481976146300516,up,1.0,8,False
long_rides,passengers_drivers_ratio,demand,0.5140036204303273,0.5140036204303273,up,1.0,8,False
long_rides,passengers_unassigned,demand,0.45952820958999163,0.45952820958999163,up,1.0,8,False
long_rides,rides_in_progress,matching,0.4294308826524516,0.4294308826524516,up,1.0,8,False
long_rides,passengers_no_ratings_count,passenger_experience,-0.42083863558013734,0.42083863558013734,down,1.0,8,False
long_rides,drivers_pickup,supply,0.40071823063627043,0.40071823063627043,up,1.0,8,False
long_rides,passengers_arrivals,demand,-0.3877045157060383,0.3877045157060383,down,1.0,8,False
long_rides,passengers_ratings_count,passenger_experience,-0.37853259512570236,0.37853259512570236,down,1.0,8,False
long_rides,drivers_busy,supply,0.35400074466586606,0.35400074466586606,up,1.0,8,False
long_rides,passengers_reject,passenger_decisions,0.35214585340829485,0.35214585340829485,up,1.0,8,False
long_rides,passengers_departures,demand,-0.30212716191976846,0.30212716191976846,down,1.0,8,False
long_rides,passengers_change_provider,passenger_decisions,0.23758701965530174,0.23758701965530174,up,1.0,8,False
long_rides,passengers_rating_avg,passenger_experience,0.23426342306072137,0.23426342306072137,up,0.875,8,False
long_rides,rides_waiting_duration_avg,passenger_experience,0.20382239027417443,0.20382239027417443,up,0.875,8,False
long_rides,drivers_idle_duration_avg,supply,0.19166273854241717,0.19166273854241717,up,0.625,8,False
long_rides,drivers_idle,supply,-0.12822606850777796,0.12822606850777796,down,1.0,8,False
long_rides,drivers_total_length_avg,supply,-0.11733282098574789,0.11733282098574789,down,0.75,8,False
long_rides,drivers_removed,supply,0.09639512564355386,0.09639512564355386,up,1.0,8,False
long_rides,drivers_accept,driver_decisions,-0.09404351942766809,0.09404351942766809,down,1.0,8,False
long_rides,rides_dispatched,matching,-0.09404351942766809,0.09404351942766809,down,1.0,8,False
long_rides,drivers_reject,driver_decisions,0.08139943213733258,0.08139943213733258,up,1.0,8,False
long_rides,traffic_length_avg,trip,-0.07836102881426649,0.07836102881426649,up,0.5,8,False
long_rides,drivers_shift_duration_avg,supply,-0.07655909410130503,0.07655909410130503,down,0.75,8,False
long_rides,drivers_waiting,supply,-0.05894523664805491,0.05894523664805491,down,1.0,8,False
long_rides,rides_offers_uber,matching,0.04701714920820242,0.04701714920820242,up,0.875,8,False
long_rides,drivers_change_provider,driver_decisions,0.043190813728336025,0.043190813728336025,up,0.875,8,False
long_rides,rides_offers_generated,matching,0.03655726828688968,0.03655726828688968,up,0.875,8,False
long_rides,drivers_occupied_duration_avg,supply,-0.03592231060440057,0.03592231060440057,up,0.625,8,False
long_rides,passengers_offers_discarded,passenger_decisions,0.029267152354484113,0.029267152354484113,up,0.75,8,False
long_rides,rides_partial_acceptances,matching,0.026434110009824492,0.026434110009824492,up,0.75,8,False
long_rides,traffic_speed_avg,trip,-0.021933992593910313,0.021933992593910313,down,0.625,8,False
long_rides,rides_offers_lyft,matching,0.017481439648508817,0.017481439648508817,up,0.5,8,False
long_rides,drivers_change_zone,driver_decisions,0.01600931444765346,0.01600931444765346,up,0.625,8,False
long_rides,drivers_occupied_distance_avg,supply,-0.015703791645134274,0.015703791645134274,up,0.625,8,False
long_rides,traffic_duration_avg,trip,0.010393237261086721,0.010393237261086721,up,0.625,8,False
long_rides,drivers_passengers_served,supply,-0.008644982516016683,0.008644982516016683,down,0.625,8,False
long_rides,drivers_starting,supply,-0.005269392144645044,0.005269392144645044,down,0.75,8,False
long_rides,passengers_accept,passenger_decisions,0.0026916354480772424,0.0026916354480772424,up,0.75,8,False
underground_alarm,passengers_pickup_reject,passenger_decisions,2.1453756284392322,2.1453756284392322,up,1.0,8,True
underground_alarm,passengers_unassigned,demand,1.6537560837969727,1.6537560837969727,up,1.0,8,True
underground_alarm,passengers_drivers_ratio,demand,1.6161564579420862,1.6161564579420862,up,1.0,8,True
underground_alarm,rides_offers_radius_avg,matching,1.5893885364370537,1.5893885364370537,up,1.0,8,True
underground_alarm,drivers_pickup_reject,driver_decisions,1.4796990771967167,1.4796990771967167,up,1.0,8,True
underground_alarm,drivers_pickup_accept,driver_decisions,1.3878089134540157,1.3878089134540157,up,1.0,8,True
underground_alarm,drivers_pickup,supply,1.3097591881463044,1.3097591881463044,up,1.0,8,True
underground_alarm,passengers_pickup_accept,passenger_decisions,1.303347487702311,1.303347487702311,up,1.0,8,True
underground_alarm,traffic_length_avg,trip,-0.6278748332955001,0.6278748332955001,down,1.0,8,False
underground_alarm,passengers_reject,passenger_decisions,0.5948505719545252,0.5948505719545252,up,1.0,8,False
underground_alarm,drivers_removed,supply,0.5422648583246479,0.5422648583246479,up,1.0,8,False
underground_alarm,drivers_reject,driver_decisions,0.5218865114390218,0.5218865114390218,up,1.0,8,False
underground_alarm,passengers_change_provider,passenger_decisions,0.5104417715592333,0.5104417715592333,up,1.0,8,False
underground_alarm,rides_offers_lyft,matching,0.5092748967102471,0.5092748967102471,up,1.0,8,False
underground_alarm,drivers_acceptance_rate,driver_decisions,-0.5081405557058876,0.5081405557058876,down,1.0,8,False
underground_alarm,traffic_speed_avg,trip,-0.4808012378127291,0.4808012378127291,down,1.0,8,False
underground_alarm,drivers_change_provider,driver_decisions,0.46480612124910126,0.46480612124910126,up,1.0,8,False
underground_alarm,rides_offers_price_uber_avg,market,0.4578033251229973,0.4578033251229973,up,0.875,8,False
underground_alarm,rides_offers_price_no_surge_avg,market,0.441456859220163,0.441456859220163,up,0.875,8,False
underground_alarm,rides_offers_generated,matching,0.4185609207016986,0.4185609207016986,up,1.0,8,False
underground_alarm,passengers_offers_discarded,passenger_decisions,0.396124281941273,0.396124281941273,up,1.0,8,False
underground_alarm,passengers_accept,passenger_decisions,0.39272280762223255,0.39272280762223255,up,1.0,8,False
underground_alarm,drivers_waiting,supply,0.38664638370444115,0.38664638370444115,up,1.0,8,False
underground_alarm,passengers_acceptance_rate,passenger_decisions,-0.37580734553573447,0.37580734553573447,down,0.875,8,False
underground_alarm,rides_partial_acceptances,matching,0.3691079409564576,0.3691079409564576,up,1.0,8,False
underground_alarm,rides_offers_price_lyft_avg,market,0.3600933857495564,0.3600933857495564,up,0.875,8,False
underground_alarm,rides_offers_uber,matching,0.3546484191353882,0.3546484191353882,up,1.0,8,False
underground_alarm,drivers_change_zone,driver_decisions,0.35127938899817013,0.35127938899817013,up,1.0,8,False
underground_alarm,passengers_departures,demand,-0.3510410752776465,0.3510410752776465,down,1.0,8,False
underground_alarm,passengers_ratings_count,passenger_experience,-0.3464057273548932,0.3464057273548932,down,1.0,8,False
underground_alarm,drivers_accept,driver_decisions,0.3422928496362298,0.3422928496362298,up,1.0,8,False
underground_alarm,rides_dispatched,matching,0.3422928496362298,0.3422928496362298,up,1.0,8,False
underground_alarm,passengers_arrivals,demand,-0.33711437925045473,0.33711437925045473,down,1.0,8,False
underground_alarm,passengers_no_ratings_count,passenger_experience,-0.3129894929328357,0.3129894929328357,down,1.0,8,False
underground_alarm,drivers_occupied_duration_avg,supply,-0.29303233501294423,0.29303233501294423,down,0.875,8,False
underground_alarm,drivers_occupied_distance_avg,supply,-0.26227131597713654,0.26227131597713654,down,0.875,8,False
underground_alarm,drivers_idle_duration_avg,supply,-0.24899635426780514,0.24899635426780514,down,0.625,8,False
underground_alarm,drivers_passengers_served,supply,0.24088085984450408,0.24088085984450408,up,0.875,8,False
underground_alarm,drivers_total_length_avg,supply,-0.21263285200052565,0.21263285200052565,down,0.75,8,False
underground_alarm,drivers_shift_duration_avg,supply,-0.21214162630667271,0.21214162630667271,down,0.75,8,False
underground_alarm,rides_in_progress,matching,-0.1514480414022783,0.1514480414022783,down,1.0,8,False
underground_alarm,passengers_rating_avg,passenger_experience,0.14853321444032447,0.14853321444032447,up,0.5,8,False
underground_alarm,drivers_starting,supply,-0.1063150297715699,0.1063150297715699,down,1.0,8,False
underground_alarm,drivers_busy,supply,-0.10406688261351293,0.10406688261351293,down,1.0,8,False
underground_alarm,traffic_duration_avg,trip,0.09731208204624606,0.09731208204624606,up,0.875,8,False
underground_alarm,rides_length_avg,trip,-0.0886627023831959,0.0886627023831959,down,1.0,8,False
underground_alarm,drivers_idle,supply,-0.08432489202166953,0.08432489202166953,down,1.0,8,False
underground_alarm,rides_waiting_duration_avg,passenger_experience,-0.06503760344898675,0.06503760344898675,down,0.75,8,False
underground_alarm,rides_duration_avg,trip,-0.0013347528024018895,0.0013347528024018895,up,0.5,8,False
underground_alarm-flash_mob,rides_offers_price_uber_avg,market,7.4965797693590925,7.4965797693590925,up,1.0,8,True
underground_alarm-flash_mob,rides_offers_price_no_surge_avg,market,7.28678556995866,7.28678556995866,up,1.0,8,True
underground_alarm-flash_mob,rides_offers_price_lyft_avg,market,6.911449439764455,6.911449439764455,up,1.0,8,True
underground_alarm-flash_mob,passengers_pickup_reject,passenger_decisions,3.238286042132999,3.238286042132999,up,1.0,8,True
underground_alarm-flash_mob,passengers_drivers_ratio,demand,2.2373895996810695,2.2373895996810695,up,1.0,8,True
underground_alarm-flash_mob,drivers_pickup_reject,driver_decisions,2.0718432583399533,2.0718432583399533,up,1.0,8,True
underground_alarm-flash_mob,passengers_unassigned,demand,2.0283459377858346,2.0283459377858346,up,1.0,8,True
underground_alarm-flash_mob,drivers_pickup,supply,1.9988078055017622,1.9988078055017622,up,1.0,8,True
underground_alarm-flash_mob,rides_offers_radius_avg,matching,1.7813401440182075,1.7813401440182075,up,1.0,8,True
underground_alarm-flash_mob,drivers_pickup_accept,driver_decisions,1.5788291319645504,1.5788291319645504,up,1.0,8,True
underground_alarm-flash_mob,passengers_pickup_accept,passenger_decisions,1.4638349458546065,1.4638349458546065,up,1.0,8,True
underground_alarm-flash_mob,traffic_speed_avg,trip,-1.3604458227428984,1.3604458227428984,down,1.0,8,True
underground_alarm-flash_mob,drivers_acceptance_rate,driver_decisions,-1.2294334763434451,1.2294334763434451,down,1.0,8,True
underground_alarm-flash_mob,passengers_acceptance_rate,passenger_decisions,-1.0492464729552582,1.0492464729552582,down,1.0,8,True
underground_alarm-flash_mob,passengers_ratings_count,passenger_experience,-0.9755177378211488,0.9755177378211488,down,1.0,8,False
underground_alarm-flash_mob,passengers_arrivals,demand,-0.9512853950589792,0.9512853950589792,down,1.0,8,False
underground_alarm-flash_mob,passengers_departures,demand,-0.8892665727948104,0.8892665727948104,down,1.0,8,False
underground_alarm-flash_mob,passengers_no_ratings_count,passenger_experience,-0.8791373512997689,0.8791373512997689,down,1.0,8,False
underground_alarm-flash_mob,traffic_duration_avg,trip,0.7746018415290328,0.7746018415290328,up,1.0,8,False
underground_alarm-flash_mob,passengers_reject,passenger_decisions,0.7453843415687819,0.7453843415687819,up,1.0,8,False
underground_alarm-flash_mob,passengers_change_provider,passenger_decisions,0.6199625738269569,0.6199625738269569,up,1.0,8,False
underground_alarm-flash_mob,drivers_reject,driver_decisions,0.6035319449631504,0.6035319449631504,up,1.0,8,False
underground_alarm-flash_mob,drivers_idle_duration_avg,supply,-0.599506255515994,0.599506255515994,down,0.875,8,False
underground_alarm-flash_mob,rides_length_avg,trip,-0.5862641567568445,0.5862641567568445,down,1.0,8,False
underground_alarm-flash_mob,drivers_removed,supply,0.532047755164363,0.532047755164363,up,1.0,8,False
underground_alarm-flash_mob,drivers_occupied_duration_avg,supply,-0.45872961841415116,0.45872961841415116,down,0.75,8,False
underground_alarm-flash_mob,drivers_passengers_served,supply,0.44839753582071906,0.44839753582071906,up,1.0,8,False
underground_alarm-flash_mob,rides_waiting_duration_avg,passenger_experience,-0.4446487421940776,0.4446487421940776,down,1.0,8,False
underground_alarm-flash_mob,drivers_occupied_distance_avg,supply,-0.43056306740936484,0.43056306740936484,down,0.75,8,False
underground_alarm-flash_mob,rides_offers_lyft,matching,0.4277970862995405,0.4277970862995405,up,1.0,8,False
underground_alarm-flash_mob,drivers_shift_duration_avg,supply,-0.42345197018478753,0.42345197018478753,down,0.875,8,False
underground_alarm-flash_mob,drivers_change_provider,driver_decisions,0.4209533037213147,0.4209533037213147,up,1.0,8,False
underground_alarm-flash_mob,drivers_total_length_avg,supply,-0.4146272666320934,0.4146272666320934,down,0.75,8,False
underground_alarm-flash_mob,passengers_rating_avg,passenger_experience,0.391874377546347,0.391874377546347,up,0.875,8,False
underground_alarm-flash_mob,rides_offers_generated,matching,0.3730418178248152,0.3730418178248152,up,1.0,8,False
underground_alarm-flash_mob,passengers_offers_discarded,passenger_decisions,0.35193204076205176,0.35193204076205176,up,1.0,8,False
underground_alarm-flash_mob,rides_offers_uber,matching,0.3315760754036422,0.3315760754036422,up,1.0,8,False
underground_alarm-flash_mob,rides_partial_acceptances,matching,0.3255922117757337,0.3255922117757337,up,1.0,8,False
underground_alarm-flash_mob,passengers_accept,passenger_decisions,0.32226082568027636,0.32226082568027636,up,1.0,8,False
underground_alarm-flash_mob,drivers_change_zone,driver_decisions,0.3091137922191608,0.3091137922191608,up,1.0,8,False
underground_alarm-flash_mob,drivers_waiting,supply,0.26127286829478225,0.26127286829478225,up,1.0,8,False
underground_alarm-flash_mob,drivers_idle,supply,-0.1905843682912562,0.1905843682912562,down,1.0,8,False
underground_alarm-flash_mob,traffic_length_avg,trip,-0.16724638148381568,0.16724638148381568,down,0.875,8,False
underground_alarm-flash_mob,drivers_accept,driver_decisions,0.13953801969676877,0.13953801969676877,up,1.0,8,False
underground_alarm-flash_mob,rides_dispatched,matching,0.13953801969676877,0.13953801969676877,up,1.0,8,False
underground_alarm-flash_mob,rides_in_progress,matching,-0.13601948027635213,0.13601948027635213,down,1.0,8,False
underground_alarm-flash_mob,drivers_busy,supply,-0.12234236095326845,0.12234236095326845,down,0.75,8,False
underground_alarm-flash_mob,drivers_starting,supply,-0.12098823721423657,0.12098823721423657,down,0.875,8,False
underground_alarm-flash_mob,rides_duration_avg,trip,0.028858625058267657,0.028858625058267657,up,0.625,8,False
underground_alarm-long_rides,rides_offers_price_lyft_avg,market,13.636164102649733,13.636164102649733,up,1.0,8,True
underground_alarm-long_rides,rides_offers_price_no_surge_avg,market,12.301259160622333,12.301259160622333,up,1.0,8,True
underground_alarm-long_rides,rides_offers_price_uber_avg,market,11.635656704428209,11.635656704428209,up,1.0,8,True
underground_alarm-long_rides,passengers_pickup_reject,passenger_decisions,3.3512898847104005,3.3512898847104005,up,1.0,8,True
underground_alarm-long_rides,passengers_drivers_ratio,demand,2.8056146703038887,2.8056146703038887,up,1.0,8,True
underground_alarm-long_rides,drivers_pickup_reject,driver_decisions,2.392456067827881,2.392456067827881,up,1.0,8,True
underground_alarm-long_rides,rides_offers_radius_avg,matching,2.169451477191266,2.169451477191266,up,1.0,8,True
underground_alarm-long_rides,passengers_unassigned,demand,2.0994732458164784,2.0994732458164784,up,1.0,8,True
underground_alarm-long_rides,drivers_pickup,supply,1.987080372203999,1.987080372203999,up,1.0,8,True
underground_alarm-long_rides,passengers_acceptance_rate,passenger_decisions,-1.9662640719072786,1.9662640719072786,down,1.0,8,True
underground_alarm-long_rides,drivers_pickup_accept,driver_decisions,1.7398021987022245,1.7398021987022245,up,1.0,8,True
underground_alarm-long_rides,passengers_pickup_accept,passenger_decisions,1.6624729768848994,1.6624729768848994,up,1.0,8,True
underground_alarm-long_rides,traffic_duration_avg,trip,1.3389537046854691,1.3389537046854691,up,1.0,8,True
underground_alarm-long_rides,drivers_acceptance_rate,driver_decisions,-1.2314252268055619,1.2314252268055619,down,1.0,8,True
underground_alarm-long_rides,passengers_reject,passenger_decisions,1.1566823569872207,1.1566823569872207,up,1.0,8,True
underground_alarm-long_rides,passengers_rating_avg,passenger_experience,1.147119821914035,1.147119821914035,up,1.0,8,True
underground_alarm-long_rides,traffic_speed_avg,trip,-1.0185176397180673,1.0185176397180673,down,1.0,8,True
underground_alarm-long_rides,rides_length_avg,trip,0.9545371844478818,0.9545371844478818,up,1.0,8,False
underground_alarm-long_rides,rides_duration_avg,trip,0.9312162914847486,0.9312162914847486,up,1.0,8,False
underground_alarm-long_rides,passengers_change_provider,passenger_decisions,0.902824544824946,0.902824544824946,up,1.0,8,False
underground_alarm-long_rides,passengers_no_ratings_count,passenger_experience,-0.8095204932775757,0.8095204932775757,down,1.0,8,False
underground_alarm-long_rides,passengers_arrivals,demand,-0.7498787510213922,0.7498787510213922,down,1.0,8,False
underground_alarm-long_rides,passengers_ratings_count,passenger_experience,-0.7319306114098395,0.7319306114098395,down,1.0,8,False
underground_alarm-long_rides,drivers_removed,supply,0.6403021663765808,0.6403021663765808,up,1.0,8,False
underground_alarm-long_rides,drivers_reject,driver_decisions,0.5739243316951781,0.5739243316951781,up,1.0,8,False
underground_alarm-long_rides,rides_offers_lyft,matching,0.5429600105902586,0.5429600105902586,up,1.0,8,False
underground_alarm-long_rides,passengers_departures,demand,-0.5363292805300343,0.5363292805300343,down,1.0,8,False
underground_alarm-long_rides,rides_waiting_duration_avg,passenger_experience,0.5347657713879294,0.5347657713879294,up,1.0,8,False
underground_alarm-long_rides,rides_in_progress,matching,0.5146947828487809,0.5146947828487809,up,1.0,8,False
underground_alarm-long_rides,drivers_change_provider,driver_decisions,0.5098274459344543,0.5098274459344543,up,1.0,8,False
underground_alarm-long_rides,drivers_busy,supply,0.506942170272014,0.506942170272014,up,1.0,8,False
underground_alarm-long_rides,drivers_idle,supply,-0.49182905380460445,0.49182905380460445,down,1.0,8,False
underground_alarm-long_rides,rides_offers_generated,matching,0.4632121584185154,0.4632121584185154,up,1.0,8,False
underground_alarm-long_rides,drivers_total_length_avg,supply,-0.45539898049609495,0.45539898049609495,down,1.0,8,False
underground_alarm-long_rides,passengers_offers_discarded,passenger_decisions,0.4365044148294142,0.4365044148294142,up,1.0,8,False
underground_alarm-long_rides,drivers_passengers_served,supply,0.4332609766138108,0.4332609766138108,up,1.0,8,False
underground_alarm-long_rides,rides_partial_acceptances,matching,0.42376618899462726,0.42376618899462726,up,1.0,8,False
underground_alarm-long_rides,traffic_length_avg,trip,0.4145003157947217,0.4145003157947217,up,0.875,8,False
underground_alarm-long_rides,drivers_occupied_distance_avg,supply,-0.406473385872692,0.406473385872692,down,1.0,8,False
underground_alarm-long_rides,rides_offers_uber,matching,0.40474781815926913,0.40474781815926913,up,1.0,8,False
underground_alarm-long_rides,drivers_occupied_duration_avg,supply,-0.3921890220760654,0.3921890220760654,down,0.875,8,False
underground_alarm-long_rides,drivers_shift_duration_avg,supply,-0.38382678519089225,0.38382678519089225,down,1.0,8,False
underground_alarm-long_rides,passengers_accept,passenger_decisions,0.37978511574698676,0.37978511574698676,up,1.0,8,False
underground_alarm-long_rides,drivers_change_zone,driver_decisions,0.35937484143575593,0.35937484143575593,up,1.0,8,False
underground_alarm-long_rides,drivers_waiting,supply,0.22208188421190267,0.22208188421190267,up,1.0,8,False
underground_alarm-long_rides,drivers_accept,driver_decisions,0.13590733872975097,0.13590733872975097,up,1.0,8,False
underground_alarm-long_rides,rides_dispatched,matching,0.13590733872975097,0.13590733872975097,up,1.0,8,False
underground_alarm-long_rides,drivers_starting,supply,-0.07721676830421612,0.07721676830421612,down,1.0,8,False
underground_alarm-long_rides,drivers_idle_duration_avg,supply,-0.0028263854412480735,0.0028263854412480735,up,0.625,8,False
underground_alarm-wildcat_strike,passengers_drivers_ratio,demand,3.17714259279554,3.17714259279554,up,1.0,8,True
underground_alarm-wildcat_strike,passengers_unassigned,demand,2.5121793496592586,2.5121793496592586,up,1.0,8,True
underground_alarm-wildcat_strike,passengers_pickup_reject,passenger_decisions,2.4053634341805505,2.4053634341805505,up,1.0,8,True
underground_alarm-wildcat_strike,rides_offers_radius_avg,matching,2.259735314313941,2.259735314313941,up,1.0,8,True
underground_alarm-wildcat_strike,drivers_pickup,supply,1.654714397163194,1.654714397163194,up,1.0,8,True
underground_alarm-wildcat_strike,drivers_pickup_accept,driver_decisions,1.6224134388230764,1.6224134388230764,up,1.0,8,True
underground_alarm-wildcat_strike,drivers_starting,supply,-1.595409126823534,1.595409126823534,down,1.0,8,True
underground_alarm-wildcat_strike,drivers_pickup_reject,driver_decisions,1.5533736801442186,1.5533736801442186,up,1.0,8,True
underground_alarm-wildcat_strike,passengers_pickup_accept,passenger_decisions,1.5006055613317901,1.5006055613317901,up,1.0,8,True
underground_alarm-wildcat_strike,passengers_acceptance_rate,passenger_decisions,-0.9734499630284916,0.9734499630284916,down,1.0,8,False
underground_alarm-wildcat_strike,passengers_rating_avg,passenger_experience,0.7125727181149347,0.7125727181149347,up,1.0,8,False
underground_alarm-wildcat_strike,traffic_speed_avg,trip,-0.6988614296160711,0.6988614296160711,down,1.0,8,False
underground_alarm-wildcat_strike,traffic_length_avg,trip,-0.5885961255495973,0.5885961255495973,down,1.0,8,False
underground_alarm-wildcat_strike,passengers_departures,demand,-0.5846353457337652,0.5846353457337652,down,1.0,8,False
underground_alarm-wildcat_strike,drivers_removed,supply,0.5351976331040795,0.5351976331040795,up,1.0,8,False
underground_alarm-wildcat_strike,passengers_no_ratings_count,passenger_experience,-0.5061872161518054,0.5061872161518054,down,1.0,8,False
underground_alarm-wildcat_strike,drivers_passengers_served,supply,0.49334978312901573,0.49334978312901573,up,1.0,8,False
underground_alarm-wildcat_strike,passengers_arrivals,demand,-0.4929725365570693,0.4929725365570693,down,1.0,8,False
underground_alarm-wildcat_strike,passengers_ratings_count,passenger_experience,-0.489151795847843,0.489151795847843,down,1.0,8,False
underground_alarm-wildcat_strike,passengers_reject,passenger_decisions,0.47918794900311285,0.47918794900311285,up,1.0,8,False
underground_alarm-wildcat_strike,rides_offers_price_no_surge_avg,market,0.42584777360547865,0.42584777360547865,up,1.0,8,False
underground_alarm-wildcat_strike,rides_offers_lyft,matching,0.404181546561198,0.404181546561198,up,1.0,8,False
underground_alarm-wildcat_strike,rides_offers_price_uber_avg,market,0.4026320698980684,0.4026320698980684,up,1.0,8,False
underground_alarm-wildcat_strike,drivers_occupied_duration_avg,supply,-0.3904686936708079,0.3904686936708079,down,0.75,8,False
underground_alarm-wildcat_strike,drivers_acceptance_rate,driver_decisions,-0.389710957278242,0.389710957278242,down,0.875,8,False
underground_alarm-wildcat_strike,drivers_idle_duration_avg,supply,-0.3804757495416575,0.3804757495416575,down,0.625,8,False
underground_alarm-wildcat_strike,drivers_occupied_distance_avg,supply,-0.36518325871194446,0.36518325871194446,down,0.75,8,False
underground_alarm-wildcat_strike,drivers_total_length_avg,supply,-0.35978522492920456,0.35978522492920456,down,0.875,8,False
underground_alarm-wildcat_strike,drivers_shift_duration_avg,supply,-0.3581702019649242,0.3581702019649242,down,0.875,8,False
underground_alarm-wildcat_strike,passengers_change_provider,passenger_decisions,0.35683853229369844,0.35683853229369844,up,1.0,8,False
underground_alarm-wildcat_strike,drivers_idle,supply,-0.3402121653058523,0.3402121653058523,down,1.0,8,False
underground_alarm-wildcat_strike,rides_offers_price_lyft_avg,market,0.3294617482582591,0.3294617482582591,up,0.875,8,False
underground_alarm-wildcat_strike,drivers_change_provider,driver_decisions,0.2871350649415302,0.2871350649415302,up,1.0,8,False
underground_alarm-wildcat_strike,rides_in_progress,matching,-0.2595025085816275,0.2595025085816275,down,1.0,8,False
underground_alarm-wildcat_strike,drivers_reject,driver_decisions,0.24791753933918403,0.24791753933918403,up,1.0,8,False
underground_alarm-wildcat_strike,rides_length_avg,trip,-0.24104349265735303,0.24104349265735303,down,1.0,8,False
underground_alarm-wildcat_strike,traffic_duration_avg,trip,0.2031940478074633,0.2031940478074633,up,0.875,8,False
underground_alarm-wildcat_strike,drivers_busy,supply,-0.19246419767975598,0.19246419767975598,down,0.875,8,False
underground_alarm-wildcat_strike,drivers_waiting,supply,0.16861723708944554,0.16861723708944554,up,1.0,8,False
underground_alarm-wildcat_strike,rides_offers_generated,matching,0.1536138241911272,0.1536138241911272,up,1.0,8,False
underground_alarm-wildcat_strike,passengers_offers_discarded,passenger_decisions,0.13878153474729524,0.13878153474729524,up,1.0,8,False
underground_alarm-wildcat_strike,passengers_accept,passenger_decisions,0.13467330911542033,0.13467330911542033,up,1.0,8,False
underground_alarm-wildcat_strike,drivers_accept,driver_decisions,0.12188687653526506,0.12188687653526506,up,1.0,8,False
underground_alarm-wildcat_strike,rides_dispatched,matching,0.12188687653526506,0.12188687653526506,up,1.0,8,False
underground_alarm-wildcat_strike,rides_partial_acceptances,matching,0.10979700038815224,0.10979700038815224,up,0.875,8,False
underground_alarm-wildcat_strike,drivers_change_zone,driver_decisions,-0.07035787836239259,0.07035787836239259,down,0.75,8,False
underground_alarm-wildcat_strike,rides_waiting_duration_avg,passenger_experience,0.057325077979448476,0.057325077979448476,up,0.875,8,False
underground_alarm-wildcat_strike,rides_duration_avg,trip,-0.02179720296733717,0.02179720296733717,up,0.5,8,False
underground_alarm-wildcat_strike,rides_offers_uber,matching,0.0009985320360676939,0.0009985320360676939,down,0.625,8,False
wildcat_strike,drivers_starting,supply,-1.554740813542918,1.554740813542918,down,1.0,8,True
wildcat_strike,rides_offers_radius_avg,matching,1.1202823144225835,1.1202823144225835,up,1.0,8,True
wildcat_strike,passengers_pickup_reject,passenger_decisions,0.7037681318831107,0.7037681318831107,up,1.0,8,False
wildcat_strike,passengers_rating_avg,passenger_experience,0.6094414940779285,0.6094414940779285,up,1.0,8,False
wildcat_strike,drivers_pickup_accept,driver_decisions,0.5726827648186843,0.5726827648186843,up,1.0,8,False
wildcat_strike,passengers_pickup_accept,passenger_decisions,0.5020737693268906,0.5020737693268906,up,1.0,8,False
wildcat_strike,passengers_drivers_ratio,demand,0.43456439196038177,0.43456439196038177,up,1.0,8,False
wildcat_strike,drivers_pickup,supply,0.41718241291083225,0.41718241291083225,up,1.0,8,False
wildcat_strike,rides_offers_price_uber_avg,market,-0.34418247335455737,0.34418247335455737,down,0.875,8,False
wildcat_strike,rides_offers_price_lyft_avg,market,-0.33334334156374656,0.33334334156374656,down,0.875,8,False
wildcat_strike,drivers_pickup_reject,driver_decisions,0.3303462419963835,0.3303462419963835,up,1.0,8,False
wildcat_strike,drivers_acceptance_rate,driver_decisions,0.3039185520133719,0.3039185520133719,up,0.75,8,False
wildcat_strike,rides_offers_price_no_surge_avg,market,-0.2961991182342696,0.2961991182342696,down,0.875,8,False
wildcat_strike,drivers_change_zone,driver_decisions,-0.2946646352038129,0.2946646352038129,down,1.0,8,False
wildcat_strike,rides_offers_uber,matching,-0.2428206736118203,0.2428206736118203,down,1.0,8,False
wildcat_strike,drivers_idle,supply,-0.2027025099390185,0.2027025099390185,down,1.0,8,False
wildcat_strike,passengers_unassigned,demand,0.19420050742198458,0.19420050742198458,up,1.0,8,False
wildcat_strike,drivers_idle_duration_avg,supply,0.1933717302476316,0.1933717302476316,up,0.5,8,False
wildcat_strike,drivers_passengers_served,supply,0.18810277057772984,0.18810277057772984,up,1.0,8,False
wildcat_strike,passengers_departures,demand,-0.1683823164588315,0.1683823164588315,down,1.0,8,False
wildcat_strike,rides_partial_acceptances,matching,-0.1573492662052987,0.1573492662052987,down,1.0,8,False
wildcat_strike,drivers_busy,supply,-0.14502098730342744,0.14502098730342744,down,0.875,8,False
wildcat_strike,passengers_offers_discarded,passenger_decisions,-0.13630160753251788,0.13630160753251788,down,1.0,8,False
wildcat_strike,rides_offers_generated,matching,-0.13555835060904137,0.13555835060904137,down,1.0,8,False
wildcat_strike,passengers_change_provider,passenger_decisions,-0.12398788092994527,0.12398788092994527,down,1.0,8,False
wildcat_strike,passengers_accept,passenger_decisions,-0.11842175530291368,0.11842175530291368,down,1.0,8,False
wildcat_strike,drivers_occupied_distance_avg,supply,-0.11635724316971781,0.11635724316971781,down,0.625,8,False
wildcat_strike,drivers_occupied_duration_avg,supply,-0.11613108058333324,0.11613108058333324,down,0.625,8,False
wildcat_strike,passengers_reject,passenger_decisions,-0.1145827809658051,0.1145827809658051,down,1.0,8,False
wildcat_strike,passengers_no_ratings_count,passenger_experience,-0.11281577409056175,0.11281577409056175,down,0.75,8,False
wildcat_strike,drivers_total_length_avg,supply,-0.10877068063893824,0.10877068063893824,down,0.75,8,False
wildcat_strike,drivers_reject,driver_decisions,-0.1083987843878194,0.1083987843878194,down,0.875,8,False
wildcat_strike,drivers_removed,supply,0.10622155577417096,0.10622155577417096,up,0.75,8,False
wildcat_strike,rides_in_progress,matching,-0.10224874981523918,0.10224874981523918,down,0.875,8,False
wildcat_strike,passengers_arrivals,demand,-0.09324085032276966,0.09324085032276966,down,0.625,8,False
wildcat_strike,passengers_ratings_count,passenger_experience,-0.08484266593339473,0.08484266593339473,down,0.75,8,False
wildcat_strike,drivers_shift_duration_avg,supply,-0.062258639497433446,0.062258639497433446,down,0.75,8,False
wildcat_strike,rides_length_avg,trip,-0.052704657110960354,0.052704657110960354,down,0.875,8,False
wildcat_strike,rides_offers_lyft,matching,0.05032188460593594,0.05032188460593594,up,0.75,8,False
wildcat_strike,rides_waiting_duration_avg,passenger_experience,0.04669275393314119,0.04669275393314119,up,0.625,8,False
wildcat_strike,drivers_change_provider,driver_decisions,-0.03549818923427735,0.03549818923427735,up,0.5,8,False
wildcat_strike,traffic_duration_avg,trip,0.03184103383895159,0.03184103383895159,up,0.625,8,False
wildcat_strike,traffic_speed_avg,trip,-0.026448598086789066,0.026448598086789066,down,0.625,8,False
wildcat_strike,rides_duration_avg,trip,-0.021062793798069586,0.021062793798069586,up,0.5,8,False
wildcat_strike,drivers_accept,driver_decisions,-0.018104870781576275,0.018104870781576275,down,0.75,8,False
wildcat_strike,rides_dispatched,matching,-0.018104870781576275,0.018104870781576275,down,0.75,8,False
wildcat_strike,drivers_waiting,supply,-0.016914716458040064,0.016914716458040064,down,0.75,8,False
wildcat_strike,passengers_acceptance_rate,passenger_decisions,-0.015965435098031285,0.015965435098031285,up,0.5,8,False
wildcat_strike,traffic_length_avg,trip,0.011089573006976081,0.011089573006976081,up,0.625,8,False
wildcat_strike-boycott_tncs,passengers_pickup_reject,passenger_decisions,-2.2418493985285934,2.2418493985285934,down,1.0,8,True
wildcat_strike-boycott_tncs,rides_offers_radius_avg,matching,-1.9611557068717267,1.9611557068717267,down,1.0,8,True
wildcat_strike-boycott_tncs,passengers_reject,passenger_decisions,-1.8856072675279836,1.8856072675279836,down,1.0,8,True
wildcat_strike-boycott_tncs,drivers_pickup_reject,driver_decisions,-1.7411869947280714,1.7411869947280714,down,1.0,8,True
wildcat_strike-boycott_tncs,passengers_change_provider,passenger_decisions,-1.7268232676680553,1.7268232676680553,down,1.0,8,True
wildcat_strike-boycott_tncs,rides_offers_uber,matching,-1.6561475679383495,1.6561475679383495,down,1.0,8,True
wildcat_strike-boycott_tncs,rides_offers_generated,matching,-1.6470579991097494,1.6470579991097494,down,1.0,8,True
wildcat_strike-boycott_tncs,passengers_unassigned,demand,-1.6385372755689132,1.6385372755689132,down,1.0,8,True
wildcat_strike-boycott_tncs,drivers_pickup_accept,driver_decisions,-1.6224964692473507,1.6224964692473507,down,1.0,8,True
wildcat_strike-boycott_tncs,rides_partial_acceptances,matching,-1.6210525811001788,1.6210525811001788,down,1.0,8,True
wildcat_strike-boycott_tncs,passengers_offers_discarded,passenger_decisions,-1.6108433190231481,1.6108433190231481,down,1.0,8,True
wildcat_strike-boycott_tncs,drivers_change_provider,driver_decisions,-1.6017652915237193,1.6017652915237193,down,1.0,8,True
wildcat_strike-boycott_tncs,passengers_accept,passenger_decisions,-1.5938635402332126,1.5938635402332126,down,1.0,8,True
wildcat_strike-boycott_tncs,drivers_removed,supply,-1.5671908867341742,1.5671908867341742,down,1.0,8,True
wildcat_strike-boycott_tncs,drivers_starting,supply,-1.5665326696201514,1.5665326696201514,down,1.0,8,True
wildcat_strike-boycott_tncs,rides_offers_lyft,matching,-1.565667968431447,1.565667968431447,down,1.0,8,True
wildcat_strike-boycott_tncs,passengers_pickup_accept,passenger_decisions,-1.5608473309757787,1.5608473309757787,down,1.0,8,True
wildcat_strike-boycott_tncs,drivers_change_zone,driver_decisions,-1.5356732029088698,1.5356732029088698,down,1.0,8,True
wildcat_strike-boycott_tncs,drivers_pickup,supply,-1.5311958432345403,1.5311958432345403,down,1.0,8,True
wildcat_strike-boycott_tncs,drivers_reject,driver_decisions,-1.5079573695933397,1.5079573695933397,down,1.0,8,True
wildcat_strike-boycott_tncs,passengers_drivers_ratio,demand,-1.4924114844961371,1.4924114844961371,down,1.0,8,True
wildcat_strike-boycott_tncs,drivers_accept,driver_decisions,-1.3976001474419602,1.3976001474419602,down,1.0,8,True
wildcat_strike-boycott_tncs,rides_dispatched,matching,-1.3976001474419602,1.3976001474419602,down,1.0,8,True
wildcat_strike-boycott_tncs,drivers_waiting,supply,-1.3635090743557585,1.3635090743557585,down,1.0,8,True
wildcat_strike-boycott_tncs,drivers_acceptance_rate,driver_decisions,1.1566157469918168,1.1566157469918168,up,1.0,8,True
wildcat_strike-boycott_tncs,passengers_departures,demand,-1.0719241786533928,1.0719241786533928,down,1.0,8,True
wildcat_strike-boycott_tncs,rides_in_progress,matching,-0.8550094787010027,0.8550094787010027,down,1.0,8,False
wildcat_strike-boycott_tncs,drivers_busy,supply,-0.7928475706417897,0.7928475706417897,down,1.0,8,False
wildcat_strike-boycott_tncs,passengers_acceptance_rate,passenger_decisions,0.6850088918329584,0.6850088918329584,up,1.0,8,False
wildcat_strike-boycott_tncs,drivers_passengers_served,supply,-0.6688940507682312,0.6688940507682312,down,1.0,8,False
wildcat_strike-boycott_tncs,passengers_no_ratings_count,passenger_experience,-0.48266221502765416,0.48266221502765416,down,1.0,8,False
wildcat_strike-boycott_tncs,passengers_arrivals,demand,-0.4807200803007552,0.4807200803007552,down,1.0,8,False
wildcat_strike-boycott_tncs,passengers_ratings_count,passenger_experience,-0.48016335795096754,0.48016335795096754,down,1.0,8,False
wildcat_strike-boycott_tncs,drivers_occupied_duration_avg,supply,0.42290032800307903,0.42290032800307903,up,0.75,8,False
wildcat_strike-boycott_tncs,drivers_occupied_distance_avg,supply,0.40968407059660916,0.40968407059660916,up,0.75,8,False
wildcat_strike-boycott_tncs,drivers_idle_duration_avg,supply,0.36647511161546054,0.36647511161546054,up,0.625,8,False
wildcat_strike-boycott_tncs,rides_offers_price_uber_avg,market,-0.3650696986616566,0.3650696986616566,down,0.875,8,False
wildcat_strike-boycott_tncs,rides_offers_price_lyft_avg,market,-0.34431494562679243,0.34431494562679243,down,0.75,8,False
wildcat_strike-boycott_tncs,rides_offers_price_no_surge_avg,market,-0.33216433210293883,0.33216433210293883,down,0.75,8,False
wildcat_strike-boycott_tncs,drivers_total_length_avg,supply,0.3227307768938117,0.3227307768938117,up,0.75,8,False
wildcat_strike-boycott_tncs,drivers_shift_duration_avg,supply,0.3161411445292079,0.3161411445292079,up,0.75,8,False
wildcat_strike-boycott_tncs,drivers_idle,supply,0.2716218778483332,0.2716218778483332,up,1.0,8,False
wildcat_strike-boycott_tncs,passengers_rating_avg,passenger_experience,0.2529683036897887,0.2529683036897887,up,0.75,8,False
wildcat_strike-boycott_tncs,rides_waiting_duration_avg,passenger_experience,-0.22671669984277487,0.22671669984277487,down,1.0,8,False
wildcat_strike-boycott_tncs,rides_length_avg,trip,-0.19580170300492705,0.19580170300492705,down,0.875,8,False
wildcat_strike-boycott_tncs,rides_duration_avg,trip,-0.15523316951883173,0.15523316951883173,down,0.875,8,False
wildcat_strike-boycott_tncs,traffic_duration_avg,trip,-0.12150557475132766,0.12150557475132766,down,0.625,8,False
wildcat_strike-boycott_tncs,traffic_speed_avg,trip,0.12032674877029959,0.12032674877029959,up,0.75,8,False
wildcat_strike-boycott_tncs,traffic_length_avg,trip,0.0529138241795304,0.0529138241795304,down,0.625,8,False
wildcat_strike-long_rides,rides_offers_price_lyft_avg,market,11.676265514266847,11.676265514266847,up,1.0,8,True
wildcat_strike-long_rides,rides_offers_price_no_surge_avg,market,10.147576810555218,10.147576810555218,up,1.0,8,True
wildcat_strike-long_rides,rides_offers_price_uber_avg,market,9.344139982135722,9.344139982135722,up,1.0,8,True
wildcat_strike-long_rides,rides_offers_radius_avg,matching,2.2489478378426524,2.2489478378426524,up,1.0,8,True
wildcat_strike-long_rides,passengers_pickup_reject,passenger_decisions,1.5963415246376473,1.5963415246376473,up,1.0,8,True
wildcat_strike-long_rides,passengers_acceptance_rate,passenger_decisions,-1.4225262282084201,1.4225262282084201,down,1.0,8,True
wildcat_strike-long_rides,passengers_drivers_ratio,demand,1.3472545338762076,1.3472545338762076,up,1.0,8,True
wildcat_strike-long_rides,passengers_rating_avg,passenger_experience,1.311256253287545,1.311256253287545,up,1.0,8,True
wildcat_strike-long_rides,rides_length_avg,trip,1.2764253712875093,1.2764253712875093,up,1.0,8,True
wildcat_strike-long_rides,drivers_pickup_reject,driver_decisions,1.0001346000814837,1.0001346000814837,up,1.0,8,True
wildcat_strike-long_rides,drivers_pickup_accept,driver_decisions,0.9588901036605118,0.9588901036605118,up,1.0,8,False
wildcat_strike-long_rides,passengers_pickup_accept,passenger_decisions,0.8821662359338837,0.8821662359338837,up,1.0,8,False
wildcat_strike-long_rides,drivers_starting,supply,-0.8738632020324656,0.8738632020324656,down,1.0,8,False
wildcat_strike-long_rides,passengers_unassigned,demand,0.8598827568560617,0.8598827568560617,up,1.0,8,False
wildcat_strike-long_rides,drivers_pickup,supply,0.66986227680581,0.66986227680581,up,1.0,8,False
wildcat_strike-long_rides,rides_duration_avg,trip,0.5972523814355777,0.5972523814355777,up,1.0,8,False
wildcat_strike-long_rides,passengers_no_ratings_count,passenger_experience,-0.5294545430699824,0.5294545430699824,down,1.0,8,False
wildcat_strike-long_rides,passengers_arrivals,demand,-0.4817650074475838,0.4817650074475838,down,1.0,8,False
wildcat_strike-long_rides,passengers_ratings_count,passenger_experience,-0.4687338323948086,0.4687338323948086,down,1.0,8,False
wildcat_strike-long_rides,rides_waiting_duration_avg,passenger_experience,0.46487666184843246,0.46487666184843246,up,1.0,8,False
wildcat_strike-long_rides,drivers_acceptance_rate,driver_decisions,-0.42827157908080904,0.42827157908080904,down,1.0,8,False
wildcat_strike-long_rides,drivers_idle,supply,-0.4204714310501531,0.4204714310501531,down,1.0,8,False
wildcat_strike-long_rides,passengers_departures,demand,-0.4150594334598005,0.4150594334598005,down,1.0,8,False
wildcat_strike-long_rides,passengers_reject,passenger_decisions,0.30107044867453714,0.30107044867453714,up,1.0,8,False
wildcat_strike-long_rides,drivers_total_length_avg,supply,-0.2189580915790081,0.2189580915790081,down,0.875,8,False
wildcat_strike-long_rides,drivers_shift_duration_avg,supply,-0.2029632939280821,0.2029632939280821,down,0.875,8,False
wildcat_strike-long_rides,drivers_passengers_served,supply,0.18737442685733263,0.18737442685733263,up,1.0,8,False
wildcat_strike-long_rides,passengers_change_provider,passenger_decisions,0.17824623416808963,0.17824623416808963,up,0.875,8,False
wildcat_strike-long_rides,traffic_length_avg,trip,-0.17480692212650048,0.17480692212650048,down,0.75,8,False
wildcat_strike-long_rides,drivers_change_zone,driver_decisions,-0.17030189676366514,0.17030189676366514,down,1.0,8,False
wildcat_strike-long_rides,traffic_duration_avg,trip,-0.152433697688627,0.152433697688627,down,0.625,8,False
wildcat_strike-long_rides,rides_in_progress,matching,0.14203755328262602,0.14203755328262602,up,1.0,8,False
wildcat_strike-long_rides,traffic_speed_avg,trip,0.13817323146410887,0.13817323146410887,up,0.75,8,False
wildcat_strike-long_rides,drivers_removed,supply,0.1298377347054194,0.1298377347054194,up,0.75,8,False
wildcat_strike-long_rides,drivers_accept,driver_decisions,-0.129119380902255,0.129119380902255,down,1.0,8,False
wildcat_strike-long_rides,rides_dispatched,matching,-0.129119380902255,0.129119380902255,down,1.0,8,False
wildcat_strike-long_rides,rides_offers_uber,matching,-0.1289647872154534,0.1289647872154534,down,1.0,8,False
wildcat_strike-long_rides,drivers_occupied_duration_avg,supply,-0.11394564687066619,0.11394564687066619,down,0.875,8,False
wildcat_strike-long_rides,drivers_occupied_distance_avg,supply,-0.11316836753076233,0.11316836753076233,down,0.75,8,False
wildcat_strike-long_rides,passengers_accept,passenger_decisions,-0.09494106869754596,0.09494106869754596,down,1.0,8,False
wildcat_strike-long_rides,rides_partial_acceptances,matching,-0.09396818641522817,0.09396818641522817,down,0.875,8,False
wildcat_strike-long_rides,drivers_waiting,supply,-0.08330024193802649,0.08330024193802649,down,1.0,8,False
wildcat_strike-long_rides,passengers_offers_discarded,passenger_decisions,-0.07480637450945674,0.07480637450945674,down,0.875,8,False
wildcat_strike-long_rides,rides_offers_generated,matching,-0.06351594781407517,0.06351594781407517,down,0.875,8,False
wildcat_strike-long_rides,drivers_busy,supply,0.05467986096582046,0.05467986096582046,up,0.625,8,False
wildcat_strike-long_rides,rides_offers_lyft,matching,0.049125267416554416,0.049125267416554416,up,0.75,8,False
wildcat_strike-long_rides,drivers_change_provider,driver_decisions,-0.01991934999599865,0.01991934999599865,down,0.625,8,False
wildcat_strike-long_rides,drivers_idle_duration_avg,supply,-0.019539615761871673,0.019539615761871673,up,0.625,8,False
wildcat_strike-long_rides,drivers_reject,driver_decisions,-0.011230554360977106,0.011230554360977106,up,0.5,8,False
