scenario,personality,n_spikes,spike_minutes,spike_minutes_in_event,n_decomposed,spike_area,fr_spike_model,fr_rise,d_not_served,d_not_served_pct,d_cancel,d_cancel_pct,d_demand,d_demand_pct,share_not_served,share_cancel,dominant_driver,failure_mode
boycott_tncs,bank_tellers,1,11.0,11.0,1,41.4684669390491,0.28853186552824417,0.1493449412590164,0.0025912552537075695,0.017036969865446113,-0.0013755377362011934,-0.009043877451637731,0.14812922374151002,0.9739191526829162,0.9008576774713148,0.09914232252868523,demand,demand-driven
boycott_tncs,bank_tellers_drivers,1,9.666666666666666,9.666666666666666,1,23.31922317200153,0.26436583339159764,0.12068148378467422,-0.027848304484751524,-0.1578898152820171,0.0022030888835307496,0.01249071723777653,0.146326699385895,0.8296194674802064,0.8770362692006906,0.12296373079930946,demand,demand-driven
boycott_tncs,baseline,1,9.333333333333334,9.333333333333334,1,25.148155157681533,0.2689057658419724,0.1330383554601552,-0.016164358585634947,-0.09774835055381634,0.004417736765766261,0.02671473042044253,0.14478497728002387,0.8755369190257412,0.8656628491546036,0.13433715084539646,demand,demand-driven
boycott_tncs,drivers,1,12.666666666666666,12.666666666666666,1,45.64475177247525,0.2837391514200016,0.13964660126423187,-0.02038492265187633,-0.11298816177601019,0.003819199995038172,0.021168801778827972,0.15621232392107,0.8658430364451619,0.8769964370864475,0.12300356291355248,demand,demand-driven
boycott_tncs,managers,1,11.333333333333334,11.333333333333334,1,27.585146497417604,0.26433236291219625,0.12189594411371901,-0.038411322811184284,-0.19329506546014266,0.010221303128768589,0.051436069178747726,0.1500859637961347,0.7552688653611096,0.8330857828753047,0.1669142171246954,demand,demand-driven
boycott_tncs,managers_drivers,1,11.0,11.0,1,34.239568753371685,0.2768182981435968,0.13514405215147127,-0.01819909725915389,-0.10609105111108506,0.004696623654295157,0.0273788162710508,0.14864652575633,0.8665301326178642,0.8720498738310821,0.1279501261689179,demand,demand-driven
boycott_tncs,students,1,13.333333333333334,13.333333333333334,1,41.08585495660675,0.27868069959375374,0.13633692886460963,-0.008444636103703954,-0.05511222000299353,0.0003791383347020033,0.0024743701276246175,0.14440242663361158,0.9424134098693818,0.8757963470274638,0.12420365297253617,demand,demand-driven
boycott_tncs,students_drivers,1,11.666666666666666,11.666666666666666,1,44.91744095499259,0.2910440059531832,0.15282902827886533,0.004555395053565878,0.02980713222394964,0.0037360179019501755,0.024445734845170305,0.14453761532334927,0.9457471329308801,0.8917779093786697,0.10822209062133022,demand,demand-driven
boycott_tncs-long_rides,bank_tellers,2,31.0,31.0,2,73.95401715033042,0.3113457304798394,0.16816896323990768,0.024509215765483792,0.16334566122436145,0.005002439102268116,0.03432453749170495,0.13865730837215579,0.7901659140037555,0.8904445995030029,0.10955540049699708,demand,demand-driven
boycott_tncs-long_rides,bank_tellers_drivers,2,45.666666666666664,45.666666666666664,2,74.34289470400458,0.25853268936410834,0.14561183859928079,0.06882959439295405,0.30825430210698207,0.026024306500122763,0.12030622299024978,0.050757937706203994,0.32629902443034486,0.8255785757869726,0.17442142421302748,not_served,not-served dominated
boycott_tncs-long_rides,baseline,1,10.0,10.0,1,23.697112344956476,0.2626376034665751,0.12708705552187044,-0.02672554734035983,-0.14803268622376972,0.0031743777259746913,0.017582863912212334,0.15063822513625558,0.8343844498640179,0.8817037312535904,0.11829626874640967,demand,demand-driven
boycott_tncs-long_rides,drivers,2,34.666666666666664,10.333333333333334,2,33.16754999148887,0.2641890042905544,0.1268301719957414,-0.0021915209555405262,0.031958151998151024,0.010441674858963124,0.0827068533669992,0.1185800180923188,0.7425960326034537,0.8529870562365544,0.14701294376344567,demand,demand-driven
boycott_tncs-long_rides,managers,1,11.0,11.0,1,39.97423855504485,0.28585419213034596,0.1415212091672728,-0.014643544304628067,-0.0857308719497131,0.005574984948009495,0.032638841441434724,0.1505897685238914,0.8816302866088522,0.8656015351925197,0.13439846480748033,demand,demand-driven
boycott_tncs-long_rides,managers_drivers,2,41.333333333333336,41.333333333333336,2,50.84948724754956,0.2584873804936977,0.12365801343936107,0.02092974289838697,0.16342062344924219,0.014431939279426875,0.10252947670039139,0.08829633126154719,0.5095158362896565,0.8489676087464433,0.15103239125355675,demand,demand-driven
boycott_tncs-long_rides,students,1,12.0,12.0,1,48.44329766426209,0.2903727966185341,0.1480677341189473,-0.018081142211950677,-0.09814438686464834,0.006844396990576008,0.03715136677893848,0.159304479340322,0.8647042463564131,0.8650984860589038,0.13490151394109617,demand,demand-driven
boycott_tncs-long_rides,students_drivers,2,38.333333333333336,10.666666666666666,2,75.70842575140323,0.2854605719479636,0.14854643161132683,0.03144156569002778,0.2605663490110472,0.010222032710852699,0.09166419966057171,0.10688283321044635,0.6477694513283812,0.8580812486468475,0.1419187513531524,demand,demand-driven
flash_mob,bank_tellers,1,65.0,65.0,1,166.15739157359747,0.2651196372159532,0.11837619637059052,0.09639075599444395,0.8142748200210913,0.006419087303547418,0.054226166242508034,0.015566353072599145,0.1314990137364007,0.9166394950344647,0.08336050496553522,not_served,not-served dominated
flash_mob,bank_tellers_drivers,1,86.66666666666667,86.66666666666667,1,245.98873930366875,0.2694832265655951,0.12654884989727372,0.09123708491137483,0.7209633669957232,0.012890621791159873,0.10186281267371344,0.022421143194739004,0.17717382033056334,0.8790836758535131,0.12091632414648688,not_served,not-served dominated
flash_mob,baseline,1,77.66666666666667,77.66666666666667,1,122.40786139108857,0.2482327848641616,0.09274057649843848,0.06176227714434182,0.6659682253040744,0.009667746318083661,0.10424505306203743,0.021310553036012994,0.2297867216338882,0.8892817662323482,0.11071823376765169,not_served,not-served dominated
flash_mob,drivers,1,71.33333333333333,71.33333333333333,1,119.45955323759243,0.2500595275325935,0.10024313537495566,0.06777455417418692,0.6761016993400969,0.01604747832322224,0.1600855586090484,0.01642110287754651,0.16381274205085458,0.8629879848676025,0.13701201513239758,not_served,not-served dominated
flash_mob,managers,1,69.0,69.0,1,130.7842477147649,0.25363211385200796,0.10539470693600397,0.08004222439342025,0.7594520324632826,0.008309475516694434,0.0788414879481564,0.01704300702588929,0.16170647958856094,0.8989595871406001,0.10104041285939985,not_served,not-served dominated
flash_mob,managers_drivers,1,80.0,80.0,1,173.03075324841512,0.2587683547953412,0.10107446333460145,0.06143575309628104,0.6078266564018386,0.017965208040739464,0.17774230451530204,0.021673502197580963,0.21443103908285938,0.8590321512375422,0.14096784876245777,not_served,not-served dominated
flash_mob,students,1,81.0,81.0,1,157.85659866490573,0.25505575851279927,0.10270440943157448,0.06900202188362586,0.6718506271105877,0.011744139727018618,0.114348933916445,0.02195824782092998,0.2138004389729673,0.892499150588521,0.1075008494114792,not_served,not-served dominated
flash_mob,students_drivers,1,65.0,65.0,1,112.28858998631318,0.250969221372672,0.10585448036603778,0.0750939484887393,0.7094073697123581,0.01582722011333629,0.14951866051022888,0.014933311763962181,0.1410739697774131,0.8706458720583529,0.12935412794164716,not_served,not-served dominated
flash_mob-boycott_tncs,bank_tellers,1,32.333333333333336,32.333333333333336,1,220.2562962581841,0.336616036153076,0.1900611853487492,0.0057093475818456585,0.030039524226734664,0.0040653972277489014,0.021389939351841764,0.18028644053915463,0.9485705364214234,0.8839992448010358,0.11600075519896426,demand,demand-driven
flash_mob-boycott_tncs,bank_tellers_drivers,1,32.0,32.0,1,287.8028874640506,0.3711799707584606,0.23165120632251468,0.028306572939471485,0.12219480048837676,0.012896365781249261,0.05567148121514373,0.19044826760179392,0.8221337182964794,0.8607147640002266,0.1392852359997734,demand,demand-driven
flash_mob-boycott_tncs,baseline,1,31.0,31.0,1,187.12691307184744,0.32307274520706586,0.18289048601597166,0.0019624855394907944,0.010730386157535896,0.005427115346131616,0.02967412610876692,0.17550088513034923,0.9595954877336972,0.883080584507559,0.11691941549244099,demand,demand-driven
flash_mob-boycott_tncs,drivers,1,32.0,32.0,1,242.8004243364978,0.34892397601825176,0.20589981782118386,0.010065954365096668,0.04888763123549029,0.010540675148963013,0.051193222318036184,0.18529318830712418,0.8999191464464735,0.8574024187929637,0.14259758120703622,demand,demand-driven
flash_mob-boycott_tncs,managers,1,33.666666666666664,33.666666666666664,1,272.35460611187733,0.3571538572238988,0.21798802054291627,0.019348111248774683,0.0887576812734328,0.013562160695175879,0.06221516513337867,0.18507774859896572,0.8490271535931886,0.8621397943944059,0.13786020560559412,demand,demand-driven
flash_mob-boycott_tncs,managers_drivers,1,33.666666666666664,33.666666666666664,1,298.3960246813528,0.36829346174582916,0.22825243830912606,0.019807900909367387,0.0867806760624446,0.01996673747199527,0.08747655718338479,0.18847779992776337,0.8257427667541706,0.8386921526590031,0.16130784734099685,demand,demand-driven
flash_mob-boycott_tncs,students,1,32.333333333333336,32.333333333333336,1,208.03723067853184,0.33030421220248335,0.19494468641885812,0.019385600039138796,0.09944154106097002,0.0034724246662492706,0.017812358623555506,0.17208666171347,0.8827461003154745,0.8929666811606914,0.10703331883930856,demand,demand-driven
flash_mob-boycott_tncs,students_drivers,1,31.0,31.0,1,168.38195175290787,0.31294085587206366,0.1682363125148395,-0.016141661052786634,-0.08049915452590507,0.007617257874314641,0.037987591034335584,0.17676071569331153,0.8815132544397594,0.8410090938831658,0.15899090611683406,demand,demand-driven
flash_mob-long_rides,bank_tellers,1,128.0,128.0,1,516.2913210627934,0.2894523548886229,0.1461592207201035,0.09121151675056723,0.624055850196672,0.018908250054055286,0.1293674799365877,0.036039453915481,0.24657666986674037,0.8707174468650535,0.12928255313494647,not_served,not-served dominated
flash_mob-long_rides,bank_tellers_drivers,1,141.0,141.0,1,513.6911022008032,0.28430562958039285,0.1292022842635731,0.05885331053014684,0.455512925840273,0.0288896758696135,0.22360034912911028,0.04145929786381277,0.32088672503061677,0.8225158297675483,0.17748417023245175,not_served,not-served dominated
flash_mob-long_rides,baseline,1,119.33333333333333,119.33333333333333,1,256.43639662433117,0.2570216648779296,0.10646350455772369,0.05512541190611373,0.5177869368016639,0.01773480633689965,0.16658108720518378,0.0336032863147103,0.3156319759931523,0.8603789424714098,0.13962105752859014,not_served,not-served dominated
flash_mob-long_rides,drivers,1,145.33333333333334,145.33333333333334,1,434.2710704954986,0.2717543082166154,0.11875741482684372,0.04710515644088492,0.3966502345101348,0.0303249499477219,0.25535205521219634,0.04132730843823689,0.34799771027766885,0.801961264272213,0.19803873572778705,not_served,not-served dominated
flash_mob-long_rides,managers,1,123.33333333333333,123.33333333333333,1,325.8076101975498,0.2672483059449402,0.12371586814452254,0.07737164651519496,0.625397919245176,0.01339637919397818,0.10828343522052308,0.032947842435349414,0.26631864553430096,0.883533137167005,0.11646686283299496,not_served,not-served dominated
flash_mob-long_rides,managers_drivers,1,149.33333333333334,149.33333333333334,1,627.6276053956167,0.29392331756868667,0.13614714196146474,0.06163615756015468,0.45271723425233745,0.03031056473319653,0.2226309292763242,0.044200419668113534,0.32465183647133833,0.8202327911186559,0.17976720888134404,not_served,not-served dominated
flash_mob-long_rides,students,1,119.0,119.0,1,246.85980226330122,0.25707770479380676,0.10067895101546204,0.05290230711862428,0.525455485829403,0.013889206025534584,0.1379554105942315,0.03388743787130318,0.3365891035763655,0.8637924658148757,0.13620753418512443,not_served,not-served dominated
flash_mob-long_rides,students_drivers,1,148.33333333333334,148.33333333333334,1,544.1265620821513,0.2824763582706861,0.13434717561682666,0.05931848886116703,0.4415313428720681,0.033352308365284196,0.24825462993288933,0.04167637839037543,0.31021402719504265,0.8049261566074007,0.19507384339259928,not_served,not-served dominated
flash_mob-wildcat_strike,bank_tellers,1,84.0,84.0,1,334.38599977233264,0.2871498782115621,0.14047026995397502,0.10862299071972564,0.7732809992841609,0.007802128660203028,0.055542917819972795,0.024045150574046343,0.17117608289586628,0.9114127512463424,0.08858724875365756,not_served,not-served dominated
flash_mob-wildcat_strike,bank_tellers_drivers,1,86.33333333333333,86.33333333333333,1,379.11187651384716,0.295501462491474,0.152205333160115,0.1112566184151658,0.730963995184896,0.014874687166320741,0.09772776589025994,0.026074027578628475,0.17130823892484406,0.8876431049791376,0.11235689502086245,not_served,not-served dominated
flash_mob-wildcat_strike,baseline,1,75.33333333333333,75.33333333333333,1,220.55299988196646,0.27199889835046087,0.12282663662313371,0.08377205640236629,0.6820349291123412,0.014975163304633138,0.12192113792532726,0.024079416916134286,0.1960439329623316,0.8737637555752109,0.1262362444247891,not_served,not-served dominated
flash_mob-wildcat_strike,drivers,1,74.66666666666667,74.66666666666667,1,210.77542504010853,0.2690758084467221,0.12345626748576033,0.0813006127127211,0.6585377508039311,0.018758930993389208,0.15194798429778297,0.02339672377965003,0.18951426489828593,0.8634832237222728,0.1365167762777272,not_served,not-served dominated
flash_mob-wildcat_strike,managers,1,70.33333333333333,70.33333333333333,1,243.07307535019848,0.27943823391133615,0.12762408301293088,0.09509491028225436,0.7451172853686192,0.01003875416214102,0.0786587760330775,0.02249041856853551,0.1762239385983034,0.8969226217233881,0.10307737827661183,not_served,not-served dominated
flash_mob-wildcat_strike,managers_drivers,1,79.33333333333333,79.33333333333333,1,250.25693162880708,0.2741307942673739,0.12461223255532253,0.08793834551035777,0.7056959313470039,0.012016585011435437,0.09643182507062928,0.024657302033529328,0.19787224358236688,0.8917920902910809,0.10820790970891908,not_served,not-served dominated
flash_mob-wildcat_strike,students,1,87.0,87.0,1,257.73114928257274,0.27099396494804867,0.11765809607304412,0.08112401317331279,0.6894894264050444,0.009912334749020526,0.0842469416032942,0.02662174815071081,0.22626363199166152,0.8869833644126628,0.1130166355873371,not_served,not-served dominated
flash_mob-wildcat_strike,students_drivers,1,82.33333333333333,82.33333333333333,1,263.8336815900967,0.27570243015050566,0.13138017636247465,0.0878692688973931,0.6688167981672057,0.018793080491476988,0.14304350178087252,0.024717826973604556,0.1881397000519217,0.8732122559080141,0.12678774409198587,not_served,not-served dominated
long_rides,bank_tellers,1,70.33333333333333,70.33333333333333,1,93.18137680707417,0.24467809183943703,0.06325096674703684,0.014942427791594085,0.2362403068296834,0.007449265502617162,0.11777314854979894,0.04085927345282559,0.6459865446205176,0.8687521778524054,0.13124782214759453,demand,demand-driven
long_rides,bank_tellers_drivers,1,105.33333333333333,105.33333333333333,1,331.07014437418616,0.2756297712098139,0.08793954051099093,0.015028891805564631,0.17090027669278393,0.019861813485481508,0.225857599096724,0.05304883521994478,0.603242124210492,0.7997592171908902,0.20024078280910984,demand,demand-driven
long_rides,baseline,2,43.333333333333336,29.666666666666668,2,29.59242700109004,0.2339230388143982,0.06358266012997218,0.02371111117036727,0.284284415362185,0.009156023351118585,0.09388285167356598,0.030715525608486335,0.4900936507891403,0.8296249751483566,0.1703750248516435,demand,not-served dominated
long_rides,drivers,1,103.66666666666667,103.66666666666667,1,169.4969659583371,0.2501060785602107,0.06731922881622446,-0.003725594159570448,-0.049827114817690296,0.021142800660147596,0.28276959618762576,0.04990202231564732,0.6674032889946838,0.7694582118760245,0.23054178812397558,demand,demand-driven
long_rides,managers,2,45.666666666666664,35.666666666666664,2,68.11702741961075,0.24935454461079767,0.05965184801440142,0.015701635899325758,0.23342328561012377,0.010232170863563171,0.1541507683997362,0.033718041251512496,0.5126227119424516,0.8614439259604222,0.13855607403957784,demand,demand-driven
long_rides,managers_drivers,1,84.33333333333333,84.33333333333333,1,236.89139411705892,0.26919539206056803,0.08654753033243612,0.00910690780311431,0.105224352077222,0.02915447752165748,0.3368608833744043,0.04828614500766434,0.5579147645483739,0.7879138681574744,0.21208613184252556,demand,demand-driven
long_rides,students,2,43.333333333333336,32.333333333333336,2,42.390159522872295,0.2378447830471095,0.05664973583745616,0.011956674125634602,0.14876954670222226,0.011435128587297078,0.15749083879940962,0.03325793312452448,0.524411401312764,0.840068981681322,0.15993101831867784,demand,demand-driven
long_rides,students_drivers,1,101.33333333333333,101.33333333333333,1,184.51286309862144,0.25302692764955204,0.06630088096883904,-0.004856326629428874,-0.06388765735956782,0.021867373489611763,0.287677368402692,0.04928983410865615,0.6484349742377401,0.7800024252261472,0.21999757477385284,demand,demand-driven
normal,bank_tellers_drivers,1,9.333333333333334,0.0,1,5.694102827812178,0.23271600984335408,0.06012651864259566,0.048514705737207266,0.8068770125473023,0.008200198618681237,0.13638239505308627,0.0034116142867071514,0.05674059239961132,0.8769997708124754,0.12300022918752475,not_served,not-served dominated
normal,baseline,1,10.333333333333334,0.0,1,10.167881068628501,0.23917305588168308,0.1103717956596838,0.06837034328347251,0.5607528919281638,0.04777854222564757,0.3918651631462601,-0.005777089849436266,-0.047381944925576104,0.7437613503213288,0.25623864967867105,not_served,not-served dominated
normal,managers_drivers,1,21.666666666666668,0.0,1,8.83972951341432,0.22439031984023558,0.0452501969954513,0.005142293512973295,0.11364135085401322,0.009967807923796743,0.220282089043695,0.030140095558681256,0.6660765601022918,0.8533203945186922,0.14667960548130776,demand,demand-driven
underground_alarm,bank_tellers,1,108.0,108.0,1,955.4770905142589,0.3576083305184215,0.21466895561988267,0.1532529831763277,0.7139038000804127,0.025977072933579554,0.1210099190102621,0.03543889950997541,0.16508628090932517,0.8713886952382996,0.12861130476170035,not_served,not-served dominated
underground_alarm,bank_tellers_drivers,1,110.33333333333333,110.33333333333333,1,975.8027924799785,0.35849092741756383,0.21848331066942533,0.14361762604834596,0.6573391148655999,0.04167357755747386,0.19074032442014657,0.03319210706360553,0.15192056071425342,0.8293085421110111,0.17069145788898885,not_served,not-served dominated
underground_alarm,baseline,1,83.66666666666667,83.66666666666667,1,200.93598007236704,0.25829631055420077,0.10763146021468975,0.04986834145823763,0.4633249549784656,0.015381741791038928,0.1429112060763401,0.042381376965413185,0.39376383894519434,0.8589464447047098,0.14105355529529007,not_served,not-served dominated
underground_alarm,drivers,1,81.0,81.0,1,1019.487816274536,0.420410505654734,0.2591497242593417,0.12738303412084642,0.4915422329115389,0.059592164140063277,0.2299526434395391,0.072174525998432,0.278505123648922,0.7881017637874728,0.2118982362125272,not_served,not-served dominated
underground_alarm,managers,1,93.33333333333333,93.33333333333333,1,899.7349992447821,0.37657889140239137,0.21858693971806387,0.12826514384937526,0.586792349144067,0.030217003940712476,0.13823792025125903,0.06010479192797613,0.274969730604674,0.8670449811075068,0.13295501889249323,not_served,not-served dominated
underground_alarm,managers_drivers,1,84.33333333333333,84.33333333333333,1,801.7670852248245,0.3707838230111839,0.2127673875485071,0.11690715816813446,0.5494599502072739,0.04762889797642229,0.22385431585732926,0.048231331403950355,0.22668573393539687,0.8139508222158858,0.18604917778411423,not_served,not-served dominated
underground_alarm,students,1,120.0,120.0,1,908.730049533567,0.34521628424702794,0.18961244839487215,0.09303607432083871,0.49066437941399826,0.026748135624704416,0.1410674027530135,0.06982823844932902,0.36826821783298824,0.8527560155014443,0.14724398449855566,not_served,not-served dominated
underground_alarm,students_drivers,1,104.33333333333333,104.33333333333333,1,1088.7050415487615,0.38681917669546245,0.2379188866480244,0.13149342322722887,0.5526817356949023,0.04858514359446139,0.20420885571113956,0.05784031982633416,0.24310940859395805,0.8142276502573473,0.1857723497426527,not_served,not-served dominated
underground_alarm-flash_mob,bank_tellers,1,126.66666666666667,126.66666666666667,1,1528.1097276426085,0.41340734173188826,0.2700618701691928,0.19077951988742206,0.7064289370724545,0.042249199992999455,0.15644266984647065,0.03703315028877132,0.13712839308107502,0.8560428875205349,0.14395711247946505,not_served,not-served dominated
underground_alarm-flash_mob,bank_tellers_drivers,1,180.0,180.0,1,2146.6234846388606,0.42149169203307857,0.28260593962430325,0.1706389362369369,0.6038052012062611,0.0554443832938839,0.19618973107073315,0.05652262009348245,0.20000506772300575,0.8152983661886509,0.18470163381134905,not_served,not-served dominated
underground_alarm-flash_mob,baseline,1,136.66666666666666,136.66666666666666,1,1462.258652091796,0.39278917120262125,0.2349229713379665,0.13178624078444667,0.5609763916822569,0.051300341414293495,0.2183709031182457,0.051836389139226315,0.2206527051994975,0.8077841995106532,0.19221580048934683,not_served,not-served dominated
underground_alarm-flash_mob,drivers,1,121.0,121.0,1,1409.4220672220958,0.40510794542991413,0.2635732059010035,0.14992324351563227,0.5688106384073899,0.06881039317118638,0.2610674819390827,0.044839569214184895,0.17012187965352726,0.7766656466773095,0.2233343533226904,not_served,not-served dominated
underground_alarm-flash_mob,managers,1,123.33333333333333,123.33333333333333,1,1512.7125885938146,0.4147092778800906,0.2673649382336293,0.17519033325574715,0.6552479708564555,0.05173999251537148,0.1935182408628313,0.04043461246251068,0.1512337882807133,0.8250364241989621,0.17496357580103808,not_served,not-served dominated
underground_alarm-flash_mob,managers_drivers,1,121.33333333333333,121.33333333333333,1,1590.5077731143278,0.4276252807203761,0.28275834222669527,0.18094661609648457,0.6399337846994966,0.06357576568886432,0.2248413439837395,0.038235960441346355,0.1352248713167639,0.8006366783655641,0.19936332163443582,not_served,not-served dominated
underground_alarm-flash_mob,students,1,144.0,144.0,1,1594.0240135606196,0.39933813336495433,0.2492893884908782,0.15763355347147767,0.6323315822857244,0.046802761753144344,0.18774470119435882,0.04485307326625617,0.17992371651991673,0.8242631936851824,0.17573680631481764,not_served,not-served dominated
underground_alarm-flash_mob,students_drivers,1,142.66666666666666,142.66666666666666,1,1771.698545676611,0.4191197723140421,0.2744859507888834,0.152896967388486,0.557030212107593,0.07192384078916335,0.2620310459695712,0.049665142611234024,0.18093874192283602,0.7727028631686405,0.22729713683135955,not_served,not-served dominated
underground_alarm-long_rides,bank_tellers,1,116.33333333333333,116.33333333333333,1,1043.6299470818276,0.3636819278987991,0.21699746657047944,0.1330206150745512,0.6130053828593751,0.03929126779086885,0.1810678641177006,0.044685583705059394,0.20592675302292432,0.8374547951195869,0.16254520488041316,not_served,not-served dominated
underground_alarm-long_rides,bank_tellers_drivers,1,140.0,140.0,1,1518.2643837374944,0.39298351188468555,0.24573833236824885,0.12760317778463323,0.5192644409803135,0.06871770891816266,0.27963772788685803,0.049417445665452975,0.20109783113282842,0.7624078143035616,0.23759218569643858,not_served,not-served dominated
underground_alarm-long_rides,baseline,1,131.66666666666666,131.66666666666666,1,1276.2756133007806,0.37695393557640383,0.2209637802758352,0.08994592069198613,0.4070618296795254,0.058519152712377565,0.2648359502146753,0.07249870687147153,0.32810222010579915,0.7709746900171467,0.22902530998285325,not_served,not-served dominated
underground_alarm-long_rides,drivers,1,133.0,133.0,1,1395.501996393544,0.3890199009859461,0.22851225356605692,0.08188574499019464,0.3583429059594111,0.07874748224918306,0.3446094510044259,0.06787902632667925,0.297047643036163,0.7157591342377545,0.28424086576224555,not_served,not-served dominated
underground_alarm-long_rides,managers,1,133.0,133.0,1,1171.9924137631424,0.359499504907631,0.20620278453418414,0.10785250938333059,0.523040993975767,0.0433846823709586,0.21039814020438855,0.054965592779894955,0.26656086581984445,0.817349507363176,0.18265049263682404,not_served,not-served dominated
underground_alarm-long_rides,managers_drivers,1,137.0,137.0,1,1271.7125939571315,0.3652420085501468,0.21860605691995152,0.11549453082882176,0.5283226478537746,0.059835550942218964,0.2737140579967066,0.04327597514891083,0.19796329414951885,0.77723090678314,0.22276909321686003,not_served,not-served dominated
underground_alarm-long_rides,students,1,121.33333333333333,121.33333333333333,1,1070.484192314013,0.36604907138037146,0.20840660977656744,0.06885565807372417,0.3303909513596726,0.06336686000829737,0.3040539840662104,0.07618409169454592,0.365555064574117,0.7529964997223817,0.24700350027761836,demand,not-served dominated
underground_alarm-long_rides,students_drivers,1,131.66666666666666,131.66666666666666,1,1228.8214084082804,0.3682212100490377,0.22153536860144898,0.09712306541972543,0.43840884655512374,0.07080650065997779,0.3196171388206708,0.05360580252174576,0.24197401462420542,0.7345102107632075,0.26548978923679256,not_served,not-served dominated
underground_alarm-wildcat_strike,bank_tellers,1,100.0,100.0,1,1153.4997755310965,0.40330364175431155,0.2467985477998758,0.14022496847573038,0.5681758248814175,0.04909729536894906,0.19893672716729724,0.05747628395519638,0.23288744795128533,0.8226771547201488,0.17732284527985115,not_served,not-served dominated
underground_alarm-wildcat_strike,bank_tellers_drivers,1,113.0,113.0,1,1315.4732981562906,0.4034695126647466,0.26301494326610775,0.16031537327726805,0.609529524393097,0.054633058089743475,0.2077184566447542,0.04806651189909624,0.1827520189621489,0.808839730612332,0.191160269387668,not_served,not-served dominated
underground_alarm-wildcat_strike,baseline,1,88.66666666666667,88.66666666666667,1,942.2421601381911,0.3933667243385243,0.23710947439236835,0.08278474060869633,0.34914142853568253,0.07714769671211226,0.32536741481889664,0.07717703707155975,0.3254911566454208,0.7231443565220749,0.2768556434779251,not_served,not-served dominated
underground_alarm-wildcat_strike,drivers,1,96.66666666666667,96.66666666666667,1,1069.026108069298,0.3974793996919033,0.24462599425878373,0.09768235045264595,0.3993130441784132,0.08039020425167526,0.32862494640137246,0.06655343955446251,0.2720620094202143,0.7200845778678873,0.2799154221321128,not_served,not-served dominated
underground_alarm-wildcat_strike,managers,1,104.33333333333333,104.33333333333333,1,1216.2497466142681,0.4039538756941091,0.2502345256743846,0.13468028933872567,0.5382162552340086,0.06377752339838155,0.25487099842238187,0.05177671293727739,0.20691274634360954,0.7844308684381999,0.21556913156180008,not_served,not-served dominated
underground_alarm-wildcat_strike,managers_drivers,1,103.0,103.0,1,1199.8315753893437,0.40842684615166436,0.24990587897989303,0.10549549989007323,0.4221409288997207,0.07858368916453146,0.314453143260604,0.06582668992528834,0.2634059278396753,0.735369562843528,0.2646304371564721,not_served,not-served dominated
underground_alarm-wildcat_strike,students,1,78.0,78.0,1,901.5936469606629,0.40568661324932814,0.2413051338752296,0.09708191715049991,0.4023201479032665,0.0726155336458289,0.30092825825817626,0.0716076830789008,0.29675159383855715,0.7478386463989338,0.25216135360106623,not_served,not-served dominated
underground_alarm-wildcat_strike,students_drivers,1,96.33333333333333,96.33333333333333,1,1152.4090891423118,0.41212561302148887,0.26073732848724485,0.10742511460640573,0.4120051211296388,0.08514942057508729,0.3265716538138603,0.06816279330575178,0.2614232250565008,0.7191708284539018,0.28082917154609816,not_served,not-served dominated
wildcat_strike,bank_tellers,1,43.333333333333336,43.333333333333336,1,49.58728863993272,0.2410460098550894,0.06478930041737832,0.04011422268849872,0.6191488784425732,0.002478140819672972,0.03824922948246968,0.022196936909206627,0.3426018920749573,0.9166596005518223,0.08334039944817775,not_served,not-served dominated
wildcat_strike,bank_tellers_drivers,1,36.0,36.0,1,74.00751797505211,0.2572222995929706,0.0671490913079735,0.02743408169631715,0.4085547721039606,0.00933225414696997,0.1389781151939703,0.030382755464686377,0.4524671127020692,0.8831925062791508,0.11680749372084932,demand,not-served dominated
wildcat_strike,managers,1,8.0,0.0,1,0.4200491812361845,0.22016592067866916,0.02382104346833333,0.002056598141553493,0.07962549013542043,-0.0010036728161952936,-0.03885928821504252,0.022768118142975132,0.881515221649537,0.9213943410958986,0.07860565890410143,demand,demand-driven
wildcat_strike,managers_drivers,1,13.666666666666666,0.0,1,12.983238726028802,0.23835060601788027,0.059789255665044894,0.0319717541847175,0.534740796303464,0.0036437801478227485,0.06094372822160827,0.02417372133250464,0.4043154754749277,0.9033646409443347,0.09663535905566546,not_served,not-served dominated
wildcat_strike,students,1,8.0,0.0,1,4.465829281561614,0.23173720741375825,0.052980595000484826,0.03035045460940154,0.5065030146260828,-0.003470486278909659,-0.057917147703668626,0.02610062666999295,0.4355798376702485,0.9327042468762753,0.06729575312372467,not_served,not-served dominated
wildcat_strike,students_drivers,1,12.0,0.0,1,4.197026223290801,0.22725851986344062,0.05169663971195779,0.02298271174892437,0.4445687742371447,0.0021298218750244874,0.04119845867915947,0.02658410608800893,0.5142327670836958,0.8962776921908565,0.10372230780914359,demand,demand-driven
wildcat_strike-boycott_tncs,bank_tellers,1,11.0,11.0,1,36.26450902282507,0.2805475964397363,0.14271734150225737,-0.00449865877250936,-0.029652103499817534,0.0033581645413486203,0.022134740060300806,0.14385783573341812,0.9482131564398816,0.8812371499016247,0.1187628500983752,demand,demand-driven
wildcat_strike-boycott_tncs,bank_tellers_drivers,1,19.333333333333332,19.333333333333332,1,97.91393959691807,0.31044251881839746,0.16172107687907988,-0.007015733541172288,-0.03991824745769914,0.008211300931284896,0.04672080839459812,0.16052550948896727,0.9133609441477029,0.8719252190847127,0.1280747809152872,demand,demand-driven
wildcat_strike-boycott_tncs,baseline,1,13.666666666666666,13.666666666666666,1,64.85126757955581,0.3031008180633184,0.17140738185419602,0.004395691047835627,0.025644700947446513,0.014764693269368726,0.08613802456844008,0.15224699753699167,0.8882172744841135,0.8423337472731095,0.15766625272689053,demand,demand-driven
wildcat_strike-boycott_tncs,drivers,1,12.333333333333334,12.333333333333334,1,43.203387065254994,0.28144287334461515,0.13954861756097078,-0.023087768024436035,-0.124312145597052,0.0034467134350745724,0.018558240100074452,0.15918967215033222,0.8571296143028735,0.871038302759811,0.1289616972401892,demand,demand-driven
wildcat_strike-boycott_tncs,managers,1,15.0,15.0,1,71.90410975383453,0.304764211898524,0.16524298813151575,0.002103821550942672,0.01273168425923317,0.006077677482979604,0.03678024436439278,0.15706148909759346,0.9504880713763741,0.8882047164910796,0.11179528350892046,demand,demand-driven
wildcat_strike-boycott_tncs,managers_drivers,1,14.666666666666666,14.666666666666666,1,44.19584534572956,0.2759931310709682,0.13945747803492503,-0.012122206972534641,-0.07405050012504483,0.0022024975839633246,0.013454319661940668,0.14937718742349634,0.9124951802130146,0.8755667574899616,0.12443324251003852,demand,demand-driven
wildcat_strike-boycott_tncs,students,1,15.0,15.0,1,47.050332388803064,0.27562987047407567,0.14065021816232515,-0.01755791847735524,-0.09989368234761896,0.003196491602426505,0.01818605759967753,0.15501164503725387,0.8819202600527035,0.8728359815824129,0.12716401841758707,demand,demand-driven
wildcat_strike-boycott_tncs,students_drivers,1,14.333333333333334,14.333333333333334,1,61.17397763992484,0.29369093629284454,0.15555007944460064,-0.008196425901112922,-0.04766945545058109,0.0030195946362153495,0.01756160962430424,0.1607269107094982,0.9347689349251147,0.8775585349095328,0.12244146509046706,demand,demand-driven
wildcat_strike-long_rides,bank_tellers,1,86.0,86.0,1,297.096105945176,0.28044458396912963,0.10446497171070918,0.037406725767973735,0.3580791260018022,0.02277050921199861,0.21797267389356217,0.044287736730736826,0.4239482001046356,0.8407834385552084,0.15921656144479154,demand,not-served dominated
wildcat_strike-long_rides,bank_tellers_drivers,1,127.33333333333333,127.33333333333333,1,457.4581234251263,0.28067074890262295,0.11441782452196918,0.039060561717716644,0.34138528573593613,0.026756107054755906,0.23384561947879465,0.04860115574949664,0.42476909478526925,0.8063413039162641,0.19365869608373587,demand,not-served dominated
wildcat_strike-long_rides,baseline,1,92.66666666666667,92.66666666666667,1,174.95030798945385,0.2531023877931931,0.06289945034441358,-0.01221047968704336,-0.1398353457846449,0.025810083739023496,0.29557904987194755,0.04929984629243343,0.5645856043434074,0.7758698505262633,0.22413014947373658,demand,demand-driven
wildcat_strike-long_rides,drivers,1,110.0,110.0,1,275.88316212133475,0.2646788159037894,0.0844593979340231,-0.0012872965149201322,-0.014790732915541236,0.033943990678425316,0.39000843581353073,0.05180270377051791,0.595200831270928,0.7339642483214032,0.2660357516785969,demand,demand-driven
wildcat_strike-long_rides,managers,1,100.0,100.0,1,227.9833080733436,0.2585077064849206,0.08100985604754159,0.024271616219009463,0.299613126145606,0.016377204396780826,0.20216310947608238,0.04036103543175131,0.4982237643783116,0.8439799731360386,0.15602002686396146,demand,not-served dominated
wildcat_strike-long_rides,managers_drivers,2,133.0,124.33333333333333,2,362.14550927756585,0.2682305795316846,0.11302470232055986,0.04550651206260737,0.3867339035854883,0.025367168092912656,0.21576623050193322,0.04215102216503984,0.36765851010788053,0.8254700231234408,0.1745299768765592,not_served,not-served dominated
wildcat_strike-long_rides,students,1,84.66666666666667,84.66666666666667,1,153.43025815249536,0.2525096532848665,0.07073574156237633,0.008097925108366044,0.11448137715818128,0.019179710760653834,0.271145962946338,0.04345810569335645,0.6143726598954807,0.8263939993642926,0.17360600063570739,demand,demand-driven
wildcat_strike-long_rides,students_drivers,1,104.66666666666667,104.66666666666667,1,301.5966050370354,0.2707892327676838,0.09755688886288955,0.007340119556390953,0.07523937716696827,0.040232611985366096,0.4124015480025266,0.049984157321132504,0.5123590748305052,0.7447030400868935,0.2552969599131066,demand,demand-driven
