scenario,personality,spike_id,start_ts,end_ts,duration_s,peak,peak_ts,mean,area,duration_min,position,contains_failure,fr_pre_model,fr_spike_model,fr_rise,not_served_pre,not_served_spike,cancel_pre,cancel_spike,demand_pre,demand_spike,share_not_served,share_cancel,d_not_served,d_cancel,d_demand,d_not_served_pct,d_cancel_pct,d_demand_pct,dominant_driver
boycott_tncs,bank_tellers_drivers,boycott_tncs|bank_tellers_drivers|0,79520.0,80100.0,580.0,0.31460909376070095,79800.0,0.2628272147243909,23.31922317200153,9.666666666666666,during,True,0.14368434960692342,0.26436583339159764,0.12068148378467422,0.38113894444444446,0.32793172413793104,0.041768,0.045977241379310356,2.943305555555556,1.3721841379310344,0.8770362692006906,0.12296373079930946,-0.027848304484751524,0.0022030888835307496,0.146326699385895,-0.1578898152820171,0.01249071723777653,0.8296194674802064,demand
boycott_tncs,drivers,boycott_tncs|drivers|0,79520.0,80280.0,760.0,0.347383496103222,79800.0,0.2827609116850836,45.64475177247525,12.666666666666666,during,True,0.14409255015576974,0.2837391514200016,0.13964660126423187,0.38300011111111115,0.3446042105263158,0.041139,0.04833263157894737,2.9435186666666664,1.328509210526316,0.8769964370864476,0.12300356291355248,-0.02038492265187633,0.003819199995038172,0.15621232392107,-0.11298816177601019,0.021168801778827972,0.8658430364451619,demand
boycott_tncs,managers_drivers,boycott_tncs|managers_drivers|0,79500.0,80160.0,660.0,0.3180244264943109,79780.0,0.27463359318544267,34.239568753371685,11.0,during,False,0.14167424599212555,0.2768182981435968,0.13514405215147127,0.37663855555555564,0.3418181818181818,0.04116666666666667,0.050152727272727265,2.9490555555555558,1.3745963636363636,0.8720498738310821,0.1279501261689179,-0.01819909725915389,0.004696623654295157,0.14864652575633,-0.10609105111108506,0.0273788162710508,0.8665301326178642,demand
boycott_tncs,students_drivers,boycott_tncs|students_drivers|0,79440.0,80140.0,700.0,0.35000261680877987,79800.0,0.2868547015468837,44.91744095499259,11.666666666666666,during,False,0.13821497767431787,0.2910440059531832,0.15282902827886533,0.3701395,0.3790471428571429,0.038694,0.045999428571428566,2.9579536666666666,1.4409054285714287,0.8917779093786697,0.1082220906213302,0.004555395053565878,0.0037360179019501755,0.14453761532334927,0.02980713222394964,0.024445734845170302,0.9457471329308801,demand
boycott_tncs,bank_tellers,boycott_tncs|bank_tellers|0,79480.0,80140.0,660.0,0.3411339884899553,79800.0,0.2855978665361744,41.4684669390491,11.0,during,False,0.13918692426922777,0.28853186552824417,0.1493449412590164,0.3671759444444444,0.37217242424242425,0.04361111111111111,0.040958787878787886,2.951333666666666,1.3981824242424243,0.9008576774713148,0.09914232252868524,0.0025912552537075695,-0.0013755377362011934,0.14812922374151002,0.017036969865446113,-0.009043877451637731,0.9739191526829162,demand
boycott_tncs,baseline,boycott_tncs|baseline|0,79540.0,80100.0,560.0,0.3001460894578958,79780.0,0.267702526877078,25.148155157681533,9.333333333333334,during,False,0.1358674103818172,0.2689057658419724,0.1330383554601552,0.3571204444444445,0.32642785714285705,0.04226811111111111,0.05065642857142857,2.9395463888888895,1.354285714285714,0.8656628491546036,0.13433715084539646,-0.016164358585634947,0.004417736765766261,0.14478497728002387,-0.09774835055381634,0.026714730420442534,0.8755369190257412,demand
boycott_tncs,managers,boycott_tncs|managers|0,79540.0,80220.0,680.0,0.30296568802559504,79780.0,0.2632252716863938,27.585146497417604,11.333333333333334,during,False,0.14243641879847724,0.26433236291219625,0.12189594411371901,0.37656488888888884,0.30436323529411763,0.041768222222222214,0.060981176470588226,2.9369813888888885,1.324509411764706,0.8330857828753047,0.1669142171246954,-0.038411322811184284,0.010221303128768589,0.1500859637961347,-0.19329506546014266,0.051436069178747726,0.7552688653611096,demand
boycott_tncs,students,boycott_tncs|students|0,79420.0,80220.0,800.0,0.32509344181027633,79800.0,0.2739639761671097,41.08585495660675,13.333333333333334,during,False,0.14234377072914411,0.27868069959375374,0.13633692886460963,0.37199122222222214,0.35549975,0.04967583333333333,0.050416249999999996,2.9623147777777774,1.43512475,0.8757963470274638,0.12420365297253617,-0.008444636103703954,0.0003791383347020033,0.14440242663361158,-0.05511222000299353,0.0024743701276246175,0.9424134098693818,demand
boycott_tncs-long_rides,bank_tellers_drivers,boycott_tncs-long_rides|bank_tellers_drivers|0,79540.0,80140.0,600.0,0.32658992487281613,79780.0,0.27890615827885623,33.534069278059775,10.0,during,False,0.141058429152055,0.280776891333692,0.139718462181637,0.3661390555555555,0.3393333333333334,0.047731555555555555,0.04927733333333335,2.9340367222222223,1.3273329999999999,0.8731961380370413,0.12680386196295865,-0.014251825026064873,0.0008218452103411581,0.15314844199736072,-0.08472028342064856,0.004885476703556641,0.9103942398757947,demand
boycott_tncs-long_rides,bank_tellers_drivers,boycott_tncs-long_rides|bank_tellers_drivers|1,85200.0,87340.0,2140.0,0.2785135892337368,86980.0,0.24085038811334877,40.80882542594481,35.666666666666664,during,True,0.08979919771293061,0.2402538341876265,0.15045463647469587,0.14512061111111113,0.421791401869159,0.020222166666666663,0.11453214953271029,1.841250055555555,2.23232046728972,0.7864495242967786,0.2135504757032214,0.13710056385696717,0.04673406900977454,-0.033379996392045835,0.6311755535287948,0.21515157229164336,-0.15367287417956188,not_served
boycott_tncs-long_rides,drivers,boycott_tncs-long_rides|drivers|0,79460.0,80080.0,620.0,0.3056068092491798,79760.0,0.26730688265934255,27.635844099120845,10.333333333333334,during,False,0.13848275209417754,0.2725738884778396,0.13409113638366205,0.3712777222222222,0.3442464516129033,0.03715794444444444,0.05284967741935486,2.9493612777777773,1.435537419354839,0.866909613175651,0.13309038682434904,-0.01385993740560434,0.008045734880947083,0.1399053389083193,-0.08565509419450243,0.049723036902955375,0.8646218689025421,demand
boycott_tncs-long_rides,drivers,boycott_tncs-long_rides|drivers|1,86560.0,88020.0,1460.0,0.24444444444444446,86960.0,0.2223871806767035,5.531705892368025,24.333333333333332,post,False,0.13174384245994014,0.22229896951688724,0.0905551270569471,0.24634272222222217,0.36942931506849314,0.052953722222222235,0.10212356164383563,2.2718059444444445,2.1212553424657536,0.7834313675364636,0.21656863246353641,0.05610270946305074,0.022411549069856387,0.012040868524039974,0.6195420545075224,0.24749067002868333,0.13296727546379428,not_served
boycott_tncs-long_rides,managers_drivers,boycott_tncs-long_rides|managers_drivers|0,79500.0,80140.0,640.0,0.3230950693161932,79800.0,0.27210823682961305,31.61734002067084,10.666666666666666,during,False,0.1454644719848331,0.2748322317545225,0.1293677597696894,0.38712944444444447,0.3484884375,0.040888999999999995,0.03963625,2.942426,1.369010625,0.8978775345229747,0.10212246547702533,-0.02024708688750494,-0.0006564150394628663,0.1502712616966572,-0.11828313040363679,-0.003834765274781837,0.8778821043215814,demand
boycott_tncs-long_rides,managers_drivers,boycott_tncs-long_rides|managers_drivers|1,85760.0,87600.0,1840.0,0.25501243787079053,87120.0,0.23190041403604605,19.232147226878723,30.666666666666668,during,True,0.11734542598544372,0.23161670849829305,0.11427128251284933,0.20295344444444446,0.3893484782608696,0.03472216666666666,0.11724597826086955,2.025435666666666,2.187210326086957,0.7685604791930085,0.2314395208069914,0.0886237872999555,0.0392369505568971,-0.013589455344003262,0.6265370537466277,0.27739057592647876,-0.09607237032689353,not_served
boycott_tncs-long_rides,students_drivers,boycott_tncs-long_rides|students_drivers|0,79460.0,80100.0,640.0,0.36150163905687277,79800.0,0.30420028054960335,52.090747037052004,10.666666666666666,during,True,0.13997237603759577,0.3081633499939668,0.168190973956371,0.3692687222222222,0.39968812500000006,0.043657555555555554,0.04802,2.950055500000001,1.429530625,0.8927426210994048,0.1072573789005951,0.015624770102840241,0.0022407471977277473,0.15032545665580302,0.09289898105289128,0.013322636435347599,0.8937783825117611,demand
boycott_tncs-long_rides,students_drivers,boycott_tncs-long_rides|students_drivers|1,86480.0,88140.0,1660.0,0.2683111111111111,86960.0,0.2355172166275327,23.61767871435122,27.666666666666668,post,False,0.13016894813527374,0.2353877141309045,0.10521876599563076,0.2448884444444445,0.3896380722891566,0.0481291111111111,0.10885445783132532,2.251055722222222,2.1177508433734937,0.7816327201432367,0.21836727985676338,0.06632681871738397,0.027825419128420046,0.011066528149826746,0.6303706196301353,0.2644530076467111,0.10517637272315365,not_served
boycott_tncs-long_rides,bank_tellers,boycott_tncs-long_rides|bank_tellers|0,79420.0,80140.0,720.0,0.3968868507840046,79800.0,0.31609267555738146,67.19754918977893,12.0,during,False,0.1453258916497108,0.3203456982973285,0.1750198066476177,0.38587961111111113,0.42185277777777785,0.04379655555555555,0.05041638888888889,2.9566387777777776,1.4616666666666667,0.893246494907271,0.106753505092729,0.018283966284250816,0.0033646415005821745,0.15337119886278472,0.10446798356407445,0.019224347032656103,0.8763076694032694,demand
boycott_tncs-long_rides,bank_tellers,boycott_tncs-long_rides|bank_tellers|1,85980.0,87120.0,1140.0,0.24813895781637715,86980.0,0.22234598356084087,6.756467960551486,19.0,during,False,0.12180230145628868,0.22183508917239653,0.10003278771610785,0.23396294444444446,0.4190061403508772,0.02116666666666667,0.06675421052631579,2.094620611111111,2.189736315789474,0.8625778937993394,0.13742210620066064,0.08642344531207875,0.021291421088828127,-0.007682078684799022,0.7489231647154231,0.18450593361041645,-0.06657090167416047,not_served
boycott_tncs-long_rides,baseline,boycott_tncs-long_rides|baseline|0,79600.0,80200.0,600.0,0.2899958203423265,79800.0,0.26233718725171223,23.697112344956476,10.0,during,False,0.13555054794470467,0.2626376034665751,0.12708705552187044,0.3596666111111111,0.3105563333333334,0.0358335,0.04166666666666665,2.917731555555556,1.264278,0.8817037312535904,0.11829626874640967,-0.02672554734035983,0.0031743777259746913,0.15063822513625558,-0.14803268622376972,0.017582863912212334,0.8343844498640179,demand
boycott_tncs-long_rides,managers,boycott_tncs-long_rides|managers|0,79480.0,80140.0,660.0,0.3385190546795379,79780.0,0.28323307687991567,39.97423855504485,11.0,during,False,0.14433298296307318,0.28585419213034596,0.1415212091672728,0.38107422222222215,0.3529290909090909,0.044082666666666666,0.054797878787878784,2.9456668888888893,1.3900006060606063,0.8656015351925197,0.13439846480748033,-0.014643544304628067,0.005574984948009495,0.1505897685238914,-0.0857308719497131,0.032638841441434724,0.8816302866088522,demand
boycott_tncs-long_rides,students,boycott_tncs-long_rides|students|0,79540.0,80260.0,720.0,0.34657335268316,79800.0,0.2899427535243564,48.44329766426209,12.0,during,False,0.1423050624995868,0.2903727966185341,0.1480677341189473,0.37660155555555563,0.3429163888888889,0.04072249999999999,0.05347361111111111,2.932601611111111,1.2994441666666667,0.8650984860589038,0.13490151394109617,-0.018081142211950677,0.006844396990576008,0.159304479340322,-0.09814438686464834,0.03715136677893848,0.8647042463564132,demand
flash_mob,bank_tellers_drivers,flash_mob|bank_tellers_drivers|0,79780.0,84980.0,5200.0,0.34059165154264975,80720.0,0.26988161834522384,245.98873930366875,86.66666666666667,during,True,0.14293437666832137,0.2694832265655951,0.12654884989727372,0.37492605555555547,0.6315769230769231,0.05061077777777777,0.08687223076923077,2.9771482777777782,2.6660255,0.8790836758535131,0.12091632414648688,0.09123708491137483,0.012890621791159873,0.022421143194739004,0.7209633669957232,0.10186281267371344,0.17717382033056334,not_served
flash_mob,drivers,flash_mob|drivers|0,79720.0,84000.0,4280.0,0.2880789635823068,83420.0,0.25048016246247407,119.45955323759243,71.33333333333333,during,False,0.1498163921576378,0.2500595275325935,0.10024313537495566,0.39826794444444447,0.5918454672897197,0.04812938888888889,0.09396415887850468,2.9796294444444444,2.7425854672897194,0.8629879848676025,0.13701201513239758,0.06777455417418692,0.01604747832322224,0.01642110287754651,0.6761016993400969,0.1600855586090484,0.16381274205085458,not_served
flash_mob,managers_drivers,flash_mob|managers_drivers|0,80020.0,84820.0,4800.0,0.3174500505658732,80860.0,0.2582279374039723,173.03075324841512,80.0,during,False,0.15769389146073975,0.2587683547953412,0.10107446333460146,0.4205280555555556,0.5930489166666667,0.04687077777777778,0.09731979166666667,2.9639628333333334,2.6679023749999997,0.8590321512375422,0.14096784876245777,0.06143575309628104,0.017965208040739464,0.021673502197580963,0.6078266564018386,0.17774230451530204,0.21443103908285938,not_served
flash_mob,students_drivers,flash_mob|students_drivers|0,79960.0,83860.0,3900.0,0.29401032126814314,80880.0,0.25136114943680965,112.28858998631318,65.0,during,False,0.14511474100663424,0.250969221372672,0.10585448036603778,0.3867406666666667,0.6012220512820513,0.04411983333333332,0.0893251282051282,2.9691022222222223,2.7515213846153843,0.8706458720583529,0.12935412794164716,0.0750939484887393,0.01582722011333629,0.014933311763962181,0.7094073697123581,0.14951866051022888,0.1410739697774131,not_served
flash_mob,bank_tellers,flash_mob|bank_tellers|0,79960.0,83860.0,3900.0,0.3237075812274368,81060.0,0.2651963855703106,166.15739157359747,65.0,during,False,0.1467434408453627,0.2651196372159532,0.11837619637059052,0.3932317222222222,0.6685041025641025,0.0424631111111111,0.06079471794871795,2.969092388888889,2.7508291282051283,0.9166394950344648,0.08336050496553522,0.09639075599444395,0.006419087303547418,0.015566353072599145,0.8142748200210913,0.05422616624250804,0.1314990137364007,not_served
flash_mob,baseline,flash_mob|baseline|0,80160.0,84820.0,4660.0,0.280963906581741,83800.0,0.2487055559600165,122.40786139108857,77.66666666666667,during,False,0.1554922083657231,0.2482327848641616,0.09274057649843848,0.4142134444444445,0.5872820600858368,0.04602766666666666,0.07311836909871244,2.9598982222222223,2.660407768240343,0.8892817662323482,0.11071823376765169,0.06176227714434182,0.009667746318083661,0.021310553036012994,0.6659682253040744,0.10424505306203743,0.2297867216338882,not_served
flash_mob,managers,flash_mob|managers|0,80080.0,84220.0,4140.0,0.3131443814120153,81120.0,0.2533175207519295,130.7842477147649,69.0,during,False,0.14823740691600398,0.25363211385200796,0.10539470693600397,0.39307394444444443,0.6200727053140097,0.04612877777777778,0.06969434782608697,2.9628332777777775,2.7195572463768114,0.8989595871406001,0.10104041285939985,0.08004222439342025,0.008309475516694434,0.01704300702588929,0.7594520324632826,0.0788414879481564,0.16170647958856094,not_served
flash_mob,students,flash_mob|students|0,80020.0,84880.0,4860.0,0.2914131905523693,80740.0,0.25504348946820343,157.85659866490573,81.0,during,False,0.1523513490812248,0.25505575851279927,0.10270440943157447,0.4118612222222222,0.6053568312757202,0.03998183333333333,0.07291477366255143,2.965796222222222,2.659307160493827,0.8924991505885209,0.1075008494114792,0.06900202188362586,0.011744139727018618,0.02195824782092998,0.6718506271105877,0.114348933916445,0.2138004389729673,not_served
flash_mob-boycott_tncs,bank_tellers_drivers,flash_mob-boycott_tncs|bank_tellers_drivers|0,79500.0,81420.0,1920.0,0.44136157033589785,79800.0,0.37250907862390337,287.8028874640506,32.0,during,False,0.13952876443594595,0.3711799707584606,0.23165120632251465,0.3665003888888889,0.4177601041666666,0.04425033333333333,0.0676040625,2.943842611111111,1.2155726041666666,0.8607147640002266,0.1392852359997734,0.028306572939471485,0.012896365781249261,0.19044826760179392,0.12219480048837678,0.05567148121514373,0.8221337182964794,demand
flash_mob-boycott_tncs,drivers,flash_mob-boycott_tncs|drivers|0,79480.0,81400.0,1920.0,0.4175041881555791,79800.0,0.34913854629055024,242.8004243364978,32.0,during,False,0.1430241581970679,0.34892397601825176,0.20589981782118386,0.37523155555555565,0.39354145833333337,0.04627783333333333,0.06545125,2.947120222222222,1.2269266666666667,0.8574024187929637,0.14259758120703622,0.010065954365096668,0.010540675148963013,0.18529318830712418,0.04888763123549029,0.051193222318036184,0.8999191464464735,demand
flash_mob-boycott_tncs,managers_drivers,flash_mob-boycott_tncs|managers_drivers|0,79460.0,81480.0,2020.0,0.4417949657869726,80960.0,0.37035135278507353,298.3960246813528,33.666666666666664,during,True,0.14004102343670313,0.36829346174582916,0.22825243830912603,0.37110183333333335,0.40719425742574256,0.04193488888888888,0.07831673267326732,2.9493980555555557,1.2310228712871287,0.8386921526590031,0.16130784734099685,0.019807900909367387,0.01996673747199527,0.18847779992776337,0.0867806760624446,0.08747655718338479,0.8257427667541706,demand
flash_mob-boycott_tncs,students_drivers,flash_mob-boycott_tncs|students_drivers|0,79500.0,81360.0,1860.0,0.3532292971977641,79800.0,0.31319426503944736,168.38195175290787,31.0,during,False,0.14470454335722416,0.31294085587206366,0.1682363125148395,0.3745469444444445,0.3452515053763441,0.05144449999999999,0.0652690322580645,2.9438705555555558,1.221648387096774,0.8410090938831659,0.15899090611683406,-0.016141661052786634,0.007617257874314641,0.17676071569331153,-0.08049915452590507,0.037987591034335584,0.8815132544397594,demand
flash_mob-boycott_tncs,bank_tellers,flash_mob-boycott_tncs|bank_tellers|0,79420.0,81360.0,1940.0,0.4368082053678586,79840.0,0.3361671760354665,220.2562962581841,32.333333333333336,during,False,0.14655485080432681,0.336616036153076,0.1900611853487492,0.3881852777777778,0.3987115463917526,0.04482466666666666,0.052319999999999985,2.9545930555555553,1.2625257731958763,0.8839992448010358,0.11600075519896426,0.0057093475818456585,0.0040653972277489014,0.18028644053915463,0.030039524226734664,0.021389939351841764,0.9485705364214235,demand
flash_mob-boycott_tncs,baseline,flash_mob-boycott_tncs|baseline|0,79480.0,81340.0,1860.0,0.41883224909695016,79940.0,0.32320039933893174,187.12691307184744,31.0,during,False,0.1401822591910942,0.32307274520706586,0.18289048601597166,0.37298161111111106,0.37655913978494626,0.039962833333333336,0.04985623655913979,2.9457682222222226,1.2333510752688173,0.883080584507559,0.11691941549244099,0.0019624855394907944,0.005427115346131615,0.17550088513034923,0.010730386157535896,0.02967412610876692,0.9595954877336972,demand
flash_mob-boycott_tncs,managers,flash_mob-boycott_tncs|managers|0,79460.0,81480.0,2020.0,0.48377204339177793,79800.0,0.3574345571930171,272.35460611187733,33.666666666666664,during,True,0.13916583668098254,0.3571538572238988,0.21798802054291627,0.3707041111111111,0.40597386138613867,0.040194611111111105,0.0649171287128713,2.9525832777777774,1.2312874257425743,0.8621397943944059,0.13786020560559412,0.019348111248774683,0.013562160695175879,0.18507774859896572,0.0887576812734328,0.06221516513337867,0.8490271535931886,demand
flash_mob-boycott_tncs,students,flash_mob-boycott_tncs|students|0,79420.0,81360.0,1940.0,0.4400335093945268,79800.0,0.32983642129838,208.03723067853184,32.333333333333336,during,True,0.13535952578362526,0.33030421220248335,0.1949446864188581,0.3589349444444444,0.39463824742268033,0.040907055555555544,0.04730237113402062,2.9539258333333325,1.2597246391752577,0.8929666811606914,0.10703331883930856,0.019385600039138796,0.0034724246662492706,0.17208666171347,0.09944154106097,0.017812358623555506,0.8827461003154745,demand
flash_mob-long_rides,bank_tellers_drivers,flash_mob-long_rides|bank_tellers_drivers|0,80200.0,88660.0,8460.0,0.3532813939705927,84320.0,0.2828408752557244,513.6911022008032,141.0,during,True,0.15510334531681974,0.28430562958039285,0.1292022842635731,0.41301850000000007,0.5703784633569741,0.045833222222222206,0.12307744680851065,2.9583612222222224,2.4391212765957446,0.8225158297675483,0.17748417023245175,0.05885331053014684,0.0288896758696135,0.04145929786381277,0.455512925840273,0.22360034912911028,0.32088672503061677,not_served
flash_mob-long_rides,drivers,flash_mob-long_rides|drivers|0,80200.0,88920.0,8720.0,0.33967593019629544,84240.0,0.2723175197757694,434.2710704954986,145.33333333333334,during,False,0.15299689338977168,0.2717543082166154,0.11875741482684371,0.4031116111111111,0.5287116513761467,0.04970394444444444,0.13056165137614678,2.9596388888888883,2.4259902522935777,0.801961264272213,0.19803873572778705,0.04710515644088492,0.0303249499477219,0.04132730843823689,0.3966502345101348,0.25535205521219634,0.34799771027766885,not_served
flash_mob-long_rides,managers_drivers,flash_mob-long_rides|managers_drivers|0,80080.0,89040.0,8960.0,0.37050715993079986,84240.0,0.29220285227718623,627.6276053956167,149.33333333333334,during,True,0.15777617560722193,0.29392331756868667,0.13614714196146474,0.4203977222222222,0.5848584598214286,0.04730494444444444,0.12818113839285714,2.9643427777777775,2.4259375,0.8202327911186559,0.17976720888134404,0.06163615756015468,0.030310564733196526,0.044200419668113534,0.45271723425233745,0.2226309292763242,0.32465183647133833,not_served
flash_mob-long_rides,students_drivers,flash_mob-long_rides|students_drivers|0,80060.0,88960.0,8900.0,0.37050053563791724,84680.0,0.28364878168584445,544.1265620821513,148.33333333333334,during,False,0.14812918265385946,0.2824763582706861,0.13434717561682666,0.39453744444444444,0.5531047191011236,0.044889166666666654,0.1340449213483146,2.966509388888888,2.432591685393258,0.8049261566074007,0.19507384339259928,0.059318488861167036,0.033352308365284196,0.04167637839037543,0.4415313428720681,0.24825462993288933,0.31021402719504265,not_served
flash_mob-long_rides,bank_tellers,flash_mob-long_rides|bank_tellers|0,79960.0,87640.0,7680.0,0.3555404536154408,80960.0,0.28978747718937453,516.2913210627934,128.0,during,True,0.1432931341685194,0.2894523548886229,0.1461592207201035,0.38323155555555555,0.6310548958333334,0.042323833333333324,0.093697890625,2.969823999999999,2.5038759375,0.8707174468650535,0.12928255313494647,0.09121151675056723,0.018908250054055286,0.036039453915481,0.624055850196672,0.1293674799365877,0.24657666986674037,not_served
flash_mob-long_rides,baseline,flash_mob-long_rides|baseline|0,80260.0,87420.0,7160.0,0.3140214592274678,84100.0,0.2580494205014972,256.43639662433117,119.33333333333333,during,False,0.1505581603202059,0.2570216648779296,0.10646350455772369,0.40358344444444455,0.5529656424581005,0.04167561111111111,0.08973446927374304,2.9573890555555553,2.500567849162011,0.8603789424714098,0.13962105752859014,0.05512541190611373,0.01773480633689965,0.0336032863147103,0.5177869368016639,0.16658108720518378,0.3156319759931523,not_served
flash_mob-long_rides,managers,flash_mob-long_rides|managers|0,79880.0,87280.0,7400.0,0.3349816285057233,81180.0,0.2665245019896284,325.8076101975498,123.33333333333333,during,False,0.14353243780041766,0.2672483059449402,0.12371586814452254,0.3849451111111111,0.596297135135135,0.04200938888888889,0.07860356756756758,2.974620277777778,2.525369432432432,0.883533137167005,0.11646686283299496,0.07737164651519496,0.01339637919397818,0.032947842435349414,0.625397919245176,0.10828343522052307,0.26631864553430096,not_served
flash_mob-long_rides,students,flash_mob-long_rides|students|0,80200.0,87340.0,7140.0,0.3079679713309816,84300.0,0.2570516296720831,246.85980226330122,119.0,during,False,0.15639875377834472,0.25707770479380676,0.10067895101546204,0.4130096111111112,0.5566338655462185,0.05006533333333333,0.087773081232493,2.960860833333333,2.5066621288515405,0.8637924658148757,0.13620753418512443,0.05290230711862428,0.013889206025534584,0.03388743787130318,0.525455485829403,0.1379554105942315,0.3365891035763655,not_served
flash_mob-wildcat_strike,bank_tellers_drivers,flash_mob-wildcat_strike|bank_tellers_drivers|0,79940.0,85120.0,5180.0,0.35639882866034456,81180.0,0.2957673149661934,379.11187651384716,86.33333333333333,during,True,0.14329612933135902,0.295501462491474,0.152205333160115,0.37992611111111113,0.6905338996138995,0.04587966666666666,0.08740702702702705,2.9715092777777783,2.63261277992278,0.8876431049791376,0.11235689502086245,0.1112566184151658,0.014874687166320741,0.026074027578628475,0.730963995184896,0.09772776589025994,0.17130823892484406,not_served
flash_mob-wildcat_strike,drivers,flash_mob-wildcat_strike|drivers|0,80120.0,84600.0,4480.0,0.31366644710015373,83960.0,0.26962783535538953,210.77542504010853,74.66666666666667,during,False,0.14561954096096175,0.2690758084467221,0.12345626748576033,0.3883242777777778,0.6163246428571428,0.044833222222222205,0.09744098214285714,2.9745836111111115,2.6526562499999997,0.8634832237222728,0.1365167762777272,0.0813006127127211,0.018758930993389208,0.02339672377965003,0.6585377508039311,0.15194798429778297,0.18951426489828593,not_served
flash_mob-wildcat_strike,managers_drivers,flash_mob-wildcat_strike|managers_drivers|0,80060.0,84820.0,4760.0,0.3188617981110807,83960.0,0.2751363576320659,250.25693162880708,79.33333333333333,during,False,0.14951856171205138,0.2741307942673739,0.12461223255532253,0.39968499999999996,0.6456376890756302,0.04473122222222222,0.07834012605042018,2.972314722222222,2.6409941176470584,0.8917920902910809,0.10820790970891908,0.08793834551035777,0.012016585011435437,0.024657302033529328,0.7056959313470039,0.09643182507062928,0.19787224358236688,not_served
flash_mob-wildcat_strike,students_drivers,flash_mob-wildcat_strike|students_drivers|0,80020.0,84960.0,4940.0,0.319070514583723,81180.0,0.2758638275411349,263.8336815900967,82.33333333333333,during,False,0.144322253788031,0.27570243015050566,0.13138017636247465,0.38926861111111116,0.6348111336032389,0.03965711111111111,0.09217263157894738,2.9719998888888894,2.6368420647773276,0.8732122559080141,0.12678774409198587,0.0878692688973931,0.018793080491476988,0.024717826973604556,0.6688167981672057,0.14304350178087252,0.1881397000519217,not_served
flash_mob-wildcat_strike,bank_tellers,flash_mob-wildcat_strike|bank_tellers|0,79780.0,84820.0,5040.0,0.3626817155756208,84000.0,0.28888850720506454,334.38599977233264,84.0,during,True,0.1466796082575871,0.2871498782115621,0.14047026995397502,0.39062061111111107,0.6955552380952381,0.04570366666666666,0.06760638888888888,2.9746757777777777,2.657711825396826,0.9114127512463424,0.08858724875365756,0.10862299071972564,0.007802128660203027,0.024045150574046343,0.7732809992841608,0.05554291781997279,0.17117608289586628,not_served
flash_mob-wildcat_strike,baseline,flash_mob-wildcat_strike|baseline|0,80140.0,84660.0,4520.0,0.3410301953818828,80880.0,0.2713572366655277,220.55299988196646,75.33333333333333,during,True,0.14917226172732717,0.27199889835046087,0.1228266366231337,0.39474122222222213,0.6294838053097345,0.04898133333333333,0.09094411504424779,2.9745647777777777,2.64864278761062,0.8737637555752109,0.1262362444247891,0.08377205640236629,0.014975163304633138,0.024079416916134286,0.6820349291123412,0.12192113792532726,0.19604393296233158,not_served
flash_mob-wildcat_strike,managers,flash_mob-wildcat_strike|managers|0,80120.0,84340.0,4220.0,0.3324490259986356,83200.0,0.28018806071057695,243.07307535019848,70.33333333333333,during,True,0.15181415089840528,0.27943823391133615,0.12762408301293088,0.40239838888888896,0.6700631753554503,0.04874972222222222,0.07700592417061612,2.9717131666666674,2.673467725118483,0.8969226217233881,0.10307737827661183,0.09509491028225436,0.01003875416214102,0.02249041856853551,0.7451172853686192,0.0786587760330775,0.1762239385983034,not_served
flash_mob-wildcat_strike,students,flash_mob-wildcat_strike|students|0,80080.0,85300.0,5220.0,0.3380576356376533,83640.0,0.27195837320933325,257.73114928257274,87.0,during,False,0.15333586887500456,0.27099396494804867,0.11765809607304412,0.40270399999999995,0.6282116091954023,0.052490555555555554,0.0800447509578544,2.9686110555555554,2.61355030651341,0.8869833644126628,0.1130166355873371,0.08112401317331279,0.009912334749020526,0.02662174815071081,0.6894894264050444,0.0842469416032942,0.22626363199166152,not_served
long_rides,bank_tellers_drivers,long_rides|bank_tellers_drivers|0,83000.0,89320.0,6320.0,0.33457903722324545,84680.0,0.2749542151254177,331.07014437418616,105.33333333333333,during,True,0.18769023069882299,0.2756297712098139,0.08793954051099093,0.4553609999999999,0.49284278481012656,0.07386116666666667,0.12339617088607595,2.8196575000000004,2.2357488924050632,0.7997592171908902,0.20024078280910987,0.015028891805564631,0.019861813485481508,0.05304883521994478,0.17090027669278393,0.225857599096724,0.603242124210492,demand
long_rides,drivers,long_rides|drivers|0,83040.0,89260.0,6220.0,0.2923002645120557,83420.0,0.2495977144355995,169.4969659583371,103.66666666666667,during,True,0.18278684974398626,0.2501060785602107,0.06731922881622446,0.4392228333333334,0.429935691318328,0.07611083333333334,0.12881549839228296,2.8193147777777776,2.2340568167202575,0.7694582118760244,0.23054178812397558,-0.003725594159570448,0.021142800660147596,0.04990202231564731,-0.049827114817690296,0.28276959618762576,0.6674032889946838,demand
long_rides,managers_drivers,long_rides|managers_drivers|0,83080.0,88140.0,5060.0,0.3150534941841339,86920.0,0.26938458670866894,236.89139411705892,84.33333333333333,during,True,0.1826478617281319,0.26919539206056803,0.08654753033243612,0.45861099999999994,0.4815152173913044,0.05628688888888889,0.1296115019762846,2.8190742777777777,2.270197549407115,0.7879138681574744,0.21208613184252556,0.009106907803114309,0.02915447752165748,0.04828614500766434,0.105224352077222,0.3368608833744043,0.5579147645483739,demand
long_rides,students_drivers,long_rides|students_drivers|0,82960.0,89040.0,6080.0,0.31546004938725536,83520.0,0.2528505074483543,184.51286309862144,101.33333333333333,during,True,0.186726046680713,0.25302692764955204,0.06630088096883904,0.4556390555555555,0.443497730263158,0.07041661111111111,0.1250873355263158,2.8172591666666666,2.2471326315789475,0.7800024252261472,0.21999757477385284,-0.004856326629428874,0.021867373489611767,0.04928983410865615,-0.06388765735956782,0.287677368402692,0.6484349742377401,demand
long_rides,bank_tellers,long_rides|bank_tellers|0,83020.0,87240.0,4220.0,0.28343866943866947,83480.0,0.24461538367931213,93.18137680707417,70.33333333333333,during,False,0.1814271250924002,0.24467809183943703,0.06325096674703684,0.45605516666666673,0.49413890995260656,0.055666722222222215,0.07465265402843602,2.820536833333333,2.324652606635071,0.8687521778524054,0.13124782214759453,0.014942427791594085,0.007449265502617162,0.04085927345282559,0.2362403068296834,0.11777314854979894,0.6459865446205176,demand
long_rides,baseline,long_rides|baseline|0,84000.0,85780.0,1780.0,0.2505543237250555,84540.0,0.23465536380382054,21.651807690197362,29.666666666666668,during,False,0.15486088259611117,0.23458367842695432,0.07972279583084316,0.36444433333333337,0.4492132584269662,0.05905566666666668,0.09584247191011239,2.734712555555556,2.3235023595505617,0.8241602343106447,0.17583976568935542,0.033740316792513735,0.014642139927188871,0.03134033911114056,0.4232204407896628,0.18366315148124948,0.3931164077290878,not_served
long_rides,baseline,long_rides|baseline|1,86600.0,87420.0,820.0,0.2392192664267965,87060.0,0.23220532463397114,7.940619310892679,13.666666666666666,post,False,0.212548556576243,0.2321216627146814,0.019573106138438406,0.41499038888888895,0.4069512195121951,0.08774994444444444,0.07491829268292682,2.3652963888888894,2.075935121951219,0.8445257672732979,0.15547423272670216,-0.0036356766448201044,-0.005803054325371135,0.029011837108629646,-0.09455456255853568,-0.150922460065487,0.7545229773759773,demand
long_rides,managers,long_rides|managers|0,83000.0,85140.0,2140.0,0.2711727654870215,84700.0,0.25127947129777517,61.41420682329306,35.666666666666664,during,False,0.18480551419508887,0.2510629274150015,0.06625741321991266,0.46775005555555554,0.5211214953271028,0.05312938888888888,0.08324018691588785,2.8185276111111115,2.4072119626168225,0.86226759676928,0.13773240323071997,0.020553702168968523,0.011595871825193583,0.03410783922575055,0.3102098492850823,0.1750124440672945,0.5147777066476232,demand
long_rides,managers,long_rides|managers|1,86620.0,87220.0,600.0,0.24876847290640397,86880.0,0.2337902529654339,6.702820596317696,10.0,post,False,0.23457284768033096,0.2337015857760692,-0.0008712619042617609,0.4789538333333333,0.41527833333333336,0.07606511111111111,0.07105466666666667,2.3660835000000002,2.081,0.853897089716991,0.1461029102830091,-0.02875514123235939,-0.0022626604838107364,0.030146539811908363,-0.4701291718992654,-0.03699313075694643,0.4928776973437881,demand
long_rides,students,long_rides|students|0,83240.0,85180.0,1940.0,0.26323460947731614,84440.0,0.23801843995603938,32.18720009869826,32.333333333333336,during,False,0.1676540784359654,0.23779127500401562,0.07013719656805023,0.42108361111111114,0.4724910309278351,0.050361222222222224,0.09190783505154637,2.812009333333333,2.373505360824742,0.8371580090047454,0.16284199099525465,0.019970121428697557,0.01613951655443266,0.034027558584920015,0.2847293933301377,0.23011351100657954,0.4851570956632828,demand
long_rides,students,long_rides|students|1,86680.0,87340.0,660.0,0.25040478054330545,86940.0,0.238073549689262,10.202959424174033,11.0,post,False,0.22391264054010038,0.23801358447210305,0.014100943932002674,0.4464443333333334,0.41711999999999994,0.08153755555555556,0.07404151515151515,2.357981611111111,2.063586060606061,0.849252205501739,0.1507477944982611,-0.013323288393175639,-0.0034057690919916304,0.030830001417169944,-0.28014196875794123,-0.0716113642825733,0.6482466669594854,demand
normal,bank_tellers_drivers,normal|bank_tellers_drivers|0,81940.0,82500.0,560.0,0.24508953588395493,82360.0,0.23270416254464127,5.694102827812178,9.333333333333334,outside,False,0.17258949120075842,0.23271600984335408,0.06012651864259566,0.43431427777777776,0.5712507142857143,0.0569728888888889,0.08011857142857141,2.846564777777778,2.798987857142857,0.8769997708124754,0.12300022918752473,0.048514705737207266,0.008200198618681237,0.0034116142867071514,0.8068770125473024,0.13638239505308627,0.05674059239961132,not_served
normal,managers_drivers,normal|managers_drivers|0,83160.0,84460.0,1300.0,0.2505175983436853,83420.0,0.22435401998009502,8.83972951341432,21.666666666666668,outside,False,0.17914012284478428,0.22439031984023558,0.0452501969954513,0.45023122222222217,0.46361461538461546,0.05374966666666666,0.07969200000000001,2.8133333888888887,2.421256923076923,0.8533203945186922,0.14667960548130776,0.005142293512973295,0.009967807923796743,0.03014009555868126,0.11364135085401321,0.220282089043695,0.6660765601022918,demand
normal,baseline,normal|baseline|0,43180.0,43800.0,620.0,0.24869433908315577,43300.0,0.2391576338341359,10.167881068628501,10.333333333333334,outside,False,0.12880126022199928,0.23917305588168308,0.1103717956596838,0.2500003333333333,0.4021503225806451,0.03222233333333333,0.13854774193548386,2.1911483333333335,2.2606980645161294,0.7437613503213288,0.25623864967867105,0.06837034328347251,0.04777854222564757,-0.005777089849436266,0.5607528919281638,0.3918651631462601,-0.047381944925576104,not_served
underground_alarm,bank_tellers_drivers,underground_alarm|bank_tellers_drivers|0,80420.0,87040.0,6620.0,0.6180734430416283,83400.0,0.36952241856129264,975.8027924799785,110.33333333333333,during,True,0.1400076167481385,0.35849092741756383,0.21848331066942533,0.40122238888888895,0.8291035951661632,0.04649083333333333,0.1706492749244713,3.197777611111111,2.7887815105740184,0.8293085421110111,0.17069145788898887,0.14361762604834596,0.04167357755747386,0.03319210706360553,0.6573391148655999,0.19074032442014657,0.15192056071425342,not_served
underground_alarm,drivers,underground_alarm|drivers|0,81520.0,86380.0,4860.0,0.6731182795698925,83620.0,0.43233392331597187,1019.487816274536,81.0,during,True,0.16126078139539227,0.420410505654734,0.2591497242593417,0.49519466666666667,0.8752739917695472,0.057528166666666665,0.23533637860082304,3.4275093333333335,2.6417283950617287,0.7881017637874728,0.2118982362125272,0.12738303412084642,0.059592164140063277,0.072174525998432,0.4915422329115389,0.2299526434395391,0.278505123648922,not_served
underground_alarm,managers_drivers,underground_alarm|managers_drivers|0,81080.0,86140.0,5060.0,0.6037896632041706,83400.0,0.38101825130703576,801.7670852248245,84.33333333333333,during,True,0.1580164354626768,0.3707838230111839,0.2127673875485071,0.4789725555555555,0.8312059683794467,0.046490611111111094,0.18999328063241105,3.325370333333333,2.7541634387351777,0.8139508222158858,0.18604917778411423,0.11690715816813446,0.04762889797642229,0.048231331403950355,0.5494599502072739,0.22385431585732923,0.22668573393539687,not_served
underground_alarm,students_drivers,underground_alarm|students_drivers|0,81080.0,87340.0,6260.0,0.6659387308533916,83400.0,0.3964039688180802,1088.7050415487615,104.33333333333333,during,True,0.14890029004743804,0.38681917669546245,0.2379188866480244,0.44785216666666655,0.8360698402555913,0.04731433333333332,0.19075581469648564,3.3254905000000003,2.6545365814696487,0.8142276502573473,0.1857723497426527,0.13149342322722887,0.04858514359446139,0.05784031982633416,0.5526817356949023,0.20420885571113956,0.24310940859395805,not_served
underground_alarm,bank_tellers,underground_alarm|bank_tellers|0,80520.0,87000.0,6480.0,0.6637505470459518,83400.0,0.3692991939412143,955.4770905142589,108.0,during,True,0.14293937489853883,0.3576083305184215,0.21466895561988267,0.4090181666666666,0.8657406172839506,0.05036116666666667,0.1277776851851852,3.213805388888889,2.7782303086419753,0.8713886952382996,0.12861130476170035,0.1532529831763277,0.025977072933579554,0.03543889950997541,0.7139038000804127,0.1210099190102621,0.16508628090932517,not_served
underground_alarm,baseline,underground_alarm|baseline|0,81220.0,86240.0,5020.0,0.36542669584245074,83400.0,0.26105916486228986,200.93598007236704,83.66666666666667,during,False,0.15066485033951102,0.25829631055420077,0.10763146021468975,0.45321294444444443,0.6030481274900399,0.052814500000000014,0.0990307171314741,3.3586297222222217,2.7181141035856577,0.8589464447047098,0.14105355529529007,0.04986834145823763,0.015381741791038928,0.042381376965413185,0.46332495497846554,0.1429112060763401,0.39376383894519434,not_served
underground_alarm,managers,underground_alarm|managers|0,81260.0,86860.0,5600.0,0.6627732303258838,83400.0,0.38319598032593605,899.7349992447821,93.33333333333333,during,True,0.1579919516843275,0.37657889140239137,0.21858693971806387,0.4889631666666666,0.8709462499999999,0.043564777777777786,0.13355324999999998,3.370601722222222,2.6674344285714287,0.8670449811075068,0.13295501889249323,0.12826514384937526,0.030217003940712476,0.06010479192797613,0.586792349144067,0.13823792025125903,0.274969730604674,not_served
underground_alarm,students,underground_alarm|students|0,81300.0,88500.0,7200.0,0.6007322638427209,83400.0,0.3483184217662973,908.730049533567,120.0,during,True,0.1556038358521558,0.34521628424702794,0.18961244839487215,0.47422177777777785,0.7429166111111111,0.05102766666666665,0.12827819444444444,3.375555888888889,2.5236202499999996,0.8527560155014443,0.14724398449855566,0.09303607432083871,0.026748135624704416,0.06982823844932902,0.49066437941399826,0.1410674027530135,0.36826821783298824,not_served
underground_alarm-flash_mob,bank_tellers_drivers,underground_alarm-flash_mob|bank_tellers_drivers|0,80060.0,90860.0,10800.0,0.9102844638949672,83400.0,0.4213128378578117,2146.6234846388606,180.0,during,True,0.13888575240877535,0.42149169203307857,0.28260593962430325,0.39289833333333335,0.8709200740740741,0.04198255555555555,0.19730244444444445,3.131213111111111,2.5343857037037036,0.8152983661886509,0.18470163381134905,0.1706389362369369,0.0554443832938839,0.05652262009348245,0.6038052012062611,0.19618973107073315,0.20000506772300575,not_served
underground_alarm-flash_mob,drivers,underground_alarm-flash_mob|drivers|0,80500.0,87760.0,7260.0,0.7277327586206898,83620.0,0.41669962501335645,1409.4220672220958,121.0,during,True,0.14153473952891057,0.40510794542991413,0.2635732059010035,0.4118151666666666,0.8525525344352618,0.04287044444444444,0.24515603305785125,3.2125371666666664,2.709669311294766,0.7766656466773095,0.2233343533226904,0.14992324351563227,0.06881039317118638,0.044839569214184895,0.5688106384073899,0.2610674819390827,0.17012187965352726,not_served
underground_alarm-flash_mob,managers_drivers,underground_alarm-flash_mob|managers_drivers|0,80240.0,87520.0,7280.0,0.7755238587634197,83680.0,0.4410535344425668,1590.5077731143278,121.33333333333333,during,True,0.14486693849368085,0.4276252807203761,0.28275834222669527,0.4113701666666667,0.9454073626373627,0.047777611111111104,0.2354120879120879,3.169444888888889,2.7613415384615387,0.8006366783655641,0.1993633216344358,0.18094661609648457,0.06357576568886432,0.038235960441346355,0.6399337846994966,0.22484134398373948,0.1352248713167639,not_served
underground_alarm-flash_mob,students_drivers,underground_alarm-flash_mob|students_drivers|0,80300.0,88860.0,8560.0,0.7858187927913066,83680.0,0.42953399682636684,1771.698545676611,142.66666666666666,during,True,0.14463382152515877,0.4191197723140421,0.2744859507888834,0.4153800555555556,0.8569509813084113,0.04436127777777777,0.2520794392523365,3.1786571666666656,2.6460942523364483,0.7727028631686405,0.22729713683135955,0.152896967388486,0.07192384078916335,0.049665142611234024,0.557030212107593,0.2620310459695712,0.18093874192283602,not_served
underground_alarm-flash_mob,bank_tellers,underground_alarm-flash_mob|bank_tellers|0,80160.0,87760.0,7600.0,0.7597695510413185,83680.0,0.4236223711273058,1528.1097276426085,126.66666666666667,during,True,0.14334547156269542,0.41340734173188826,0.2700618701691928,0.4124440555555556,0.9727502105263158,0.039500333333333325,0.16358328947368422,3.152833388888889,2.7487017894736843,0.8560428875205349,0.14395711247946505,0.19077951988742206,0.042249199992999455,0.03703315028877132,0.7064289370724545,0.15644266984647065,0.13712839308107502,not_served
underground_alarm-flash_mob,baseline,underground_alarm-flash_mob|baseline|0,80480.0,88680.0,8200.0,0.723818829008363,83620.0,0.4008879213877353,1462.258652091796,136.66666666666666,during,True,0.1578661998646547,0.3927891712026212,0.2349229713379665,0.45538949999999995,0.8367397560975609,0.05065794444444444,0.1991059024390244,3.2055465,2.637154317073171,0.8077841995106531,0.19221580048934686,0.13178624078444667,0.051300341414293495,0.051836389139226315,0.5609763916822569,0.21837090311824572,0.2206527051994975,not_served
underground_alarm-flash_mob,managers,underground_alarm-flash_mob|managers|0,80300.0,87700.0,7400.0,0.7634806088865692,83760.0,0.42698587606760785,1512.7125885938146,123.33333333333333,during,True,0.14734433964646132,0.4147092778800906,0.2673649382336293,0.4219356111111111,0.9376350540540541,0.04653755555555556,0.1988421081081081,3.179444611111111,2.7404189459459456,0.8250364241989621,0.17496357580103808,0.17519033325574715,0.05173999251537148,0.04043461246251068,0.6552479708564555,0.1935182408628313,0.1512337882807133,not_served
underground_alarm-flash_mob,students,underground_alarm-flash_mob|students|0,80160.0,88800.0,8640.0,0.768445918997927,83400.0,0.40701781817096927,1594.0240135606196,144.0,during,True,0.15004874487407613,0.39933813336495433,0.2492893884908782,0.4216575,0.8771026620370371,0.051776833333333334,0.18700243055555557,3.155203555555555,2.664671875,0.8242631936851823,0.17573680631481764,0.15763355347147767,0.04680276175314435,0.04485307326625617,0.6323315822857244,0.1877447011943588,0.17992371651991676,not_served
underground_alarm-long_rides,bank_tellers_drivers,underground_alarm-long_rides|bank_tellers_drivers|0,80400.0,88800.0,8400.0,0.7532572406038214,83720.0,0.4033094567307158,1518.2643837374944,140.0,during,True,0.1472451795164367,0.39298351188468555,0.24573833236824885,0.4221383888888889,0.7908766666666666,0.04788866666666666,0.2464640476190476,3.192138833333334,2.639654547619047,0.7624078143035615,0.23759218569643858,0.12760317778463323,0.06871770891816266,0.049417445665452975,0.5192644409803135,0.27963772788685803,0.20109783113282842,not_served
underground_alarm-long_rides,drivers,underground_alarm-long_rides|drivers|0,80980.0,88960.0,7980.0,0.7355495151018568,83720.0,0.397450213999565,1395.501996393544,133.0,during,True,0.16050764741988918,0.38901990098594613,0.22851225356605695,0.4748148888888889,0.7106140100250626,0.0554355,0.28219764411027565,3.303583333333333,2.552084486215539,0.7157591342377545,0.28424086576224555,0.08188574499019464,0.07874748224918306,0.06787902632667925,0.3583429059594111,0.3446094510044259,0.297047643036163,not_served
underground_alarm-long_rides,managers_drivers,underground_alarm-long_rides|managers_drivers|0,80320.0,88540.0,8220.0,0.708963440860215,83620.0,0.3771943664500073,1271.7125939571315,137.0,during,True,0.1466359516301953,0.3652420085501468,0.21860605691995152,0.42266633333333337,0.7578754744525547,0.043555888888888894,0.2172214598540146,3.1794537222222226,2.6697283211678835,0.77723090678314,0.22276909321686006,0.11549453082882176,0.059835550942218964,0.04327597514891083,0.5283226478537746,0.2737140579967066,0.19796329414951885,not_served
underground_alarm-long_rides,students_drivers,underground_alarm-long_rides|students_drivers|0,80720.0,88620.0,7900.0,0.6763219749138668,83680.0,0.37811655390042276,1228.8214084082804,131.66666666666666,during,True,0.1466858414475887,0.3682212100490377,0.22153536860144898,0.4255556111111111,0.7067257721518989,0.05046305555555555,0.25544706329113925,3.245157555555555,2.6130293670886076,0.7345102107632075,0.26548978923679256,0.09712306541972543,0.07080650065997779,0.05360580252174576,0.43840884655512374,0.3196171388206708,0.24197401462420542,not_served
underground_alarm-long_rides,bank_tellers,underground_alarm-long_rides|bank_tellers|0,80660.0,87640.0,6980.0,0.6204891774891774,83700.0,0.3720901637437581,1043.6299470818276,116.33333333333333,during,True,0.14668446132831967,0.3636819278987991,0.21699746657047944,0.43085249999999997,0.8225451002865332,0.04395422222222223,0.15965131805157592,3.2369258333333333,2.700701747851003,0.8374547951195869,0.16254520488041316,0.1330206150745512,0.03929126779086885,0.044685583705059394,0.6130053828593751,0.1810678641177006,0.20592675302292432,not_served
underground_alarm-long_rides,baseline,underground_alarm-long_rides|baseline|0,81160.0,89060.0,7900.0,0.6982672912695967,83680.0,0.38411388616775927,1276.2756133007806,131.66666666666666,during,True,0.15599015530056862,0.37695393557640383,0.22096378027583521,0.4727133888888889,0.7309914936708861,0.049111222222222216,0.21714792405063288,3.345240666666667,2.515266,0.7709746900171467,0.22902530998285325,0.08994592069198613,0.058519152712377565,0.07249870687147153,0.4070618296795255,0.2648359502146753,0.32810222010579915,not_served
underground_alarm-long_rides,managers,underground_alarm-long_rides|managers|0,80740.0,88720.0,7980.0,0.6740837414447358,83620.0,0.3686090078461624,1171.9924137631424,133.0,during,True,0.15329672037344685,0.359499504907631,0.20620278453418414,0.4529718333333335,0.764795388471178,0.04547244444444445,0.1709063909774436,3.2514999444444443,2.6027901754385967,0.817349507363176,0.18265049263682404,0.10785250938333059,0.0433846823709586,0.054965592779894955,0.523040993975767,0.21039814020438855,0.26656086581984445,not_served
underground_alarm-long_rides,students,underground_alarm-long_rides|students|0,81380.0,88660.0,7280.0,0.6538730573887654,83680.0,0.36960896443356334,1070.484192314013,121.33333333333333,during,True,0.15764246160380402,0.36604907138037146,0.20840660977656744,0.491806111111111,0.6903437362637362,0.04374038888888888,0.22645167582417583,3.3972223888888884,2.504569697802198,0.7529964997223817,0.24700350027761836,0.06885565807372417,0.06336686000829737,0.07618409169454592,0.3303909513596726,0.3040539840662104,0.365555064574117,demand
underground_alarm-wildcat_strike,bank_tellers_drivers,underground_alarm-wildcat_strike|bank_tellers_drivers|0,80620.0,87400.0,6780.0,0.7015791988223801,83920.0,0.4165884414792456,1315.4732981562906,113.0,during,True,0.14045456939863885,0.4034695126647466,0.26301494326610775,0.4092497777777778,0.8825614159292035,0.0472861111111111,0.20858356932153396,3.2504167777777777,2.7044050442477876,0.808839730612332,0.191160269387668,0.16031537327726805,0.05463305808974348,0.04806651189909624,0.609529524393097,0.2077184566447542,0.1827520189621489,not_served
underground_alarm-wildcat_strike,drivers,underground_alarm-wildcat_strike|drivers|0,81260.0,87060.0,5800.0,0.6906100699034113,83580.0,0.40688256310083765,1069.026108069298,96.66666666666667,during,True,0.1528534054331196,0.3974793996919033,0.24462599425878373,0.46223177777777774,0.7507585172413793,0.05438866666666667,0.2918391724137931,3.379842555555556,2.6230232068965513,0.7200845778678873,0.2799154221321128,0.09768235045264595,0.08039020425167526,0.06655343955446251,0.3993130441784132,0.32862494640137246,0.2720620094202143,not_served
underground_alarm-wildcat_strike,managers_drivers,underground_alarm-wildcat_strike|managers_drivers|0,81100.0,87280.0,6180.0,0.7408191268191269,83720.0,0.41670901592311194,1199.8315753893437,103.0,during,True,0.1585209671717713,0.40842684615166436,0.24990587897989305,0.4787318333333333,0.7895905501618123,0.052583500000000005,0.284142427184466,3.3517038333333335,2.628948090614887,0.735369562843528,0.2646304371564721,0.10549549989007323,0.07858368916453146,0.06582668992528834,0.4221409288997207,0.314453143260604,0.2634059278396753,not_served
underground_alarm-wildcat_strike,students_drivers,underground_alarm-wildcat_strike|students_drivers|0,81260.0,87040.0,5780.0,0.7136929460580912,83580.0,0.4219525094782159,1152.4090891423118,96.33333333333333,during,True,0.15138828453424405,0.41212561302148887,0.26073732848724485,0.4598242777777778,0.7770819723183392,0.05197183333333333,0.30344290657439443,3.380685055555556,2.62183384083045,0.7191708284539018,0.28082917154609816,0.10742511460640573,0.08514942057508729,0.06816279330575178,0.4120051211296388,0.3265716538138603,0.2614232250565008,not_served
underground_alarm-wildcat_strike,bank_tellers,underground_alarm-wildcat_strike|bank_tellers|0,80960.0,86960.0,6000.0,0.6782875816993464,83940.0,0.41481270209121424,1153.4997755310965,100.0,during,True,0.15650509395443574,0.40330364175431155,0.2467985477998758,0.4743147777777778,0.8909780333333334,0.04615738888888888,0.19204466666666667,3.3255924999999995,2.685377933333333,0.8226771547201488,0.17732284527985115,0.14022496847573038,0.04909729536894906,0.05747628395519638,0.5681758248814175,0.19893672716729724,0.23288744795128533,not_served
underground_alarm-wildcat_strike,baseline,underground_alarm-wildcat_strike|baseline|0,81600.0,86920.0,5320.0,0.682608695652174,83940.0,0.39960841266518016,942.2421601381911,88.66666666666667,during,True,0.15625724994615597,0.3933667243385243,0.23710947439236835,0.48650011111111113,0.7301627443609023,0.052471666666666666,0.2795426315789474,3.4492593333333326,2.566829661654135,0.7231443565220749,0.2768556434779251,0.08278474060869633,0.07714769671211226,0.07717703707155975,0.34914142853568253,0.32536741481889664,0.3254911566454208,not_served
underground_alarm-wildcat_strike,managers,underground_alarm-wildcat_strike|managers|0,80780.0,87040.0,6260.0,0.6926229508196722,83440.0,0.4168609379076022,1216.2497466142681,104.33333333333333,during,True,0.15371935001972453,0.4039538756941091,0.2502345256743846,0.4586856111111111,0.8587804792332269,0.04653716666666664,0.2360011182108626,3.286657,2.710164856230032,0.7844308684381999,0.21556913156180008,0.13468028933872567,0.06377752339838155,0.05177671293727739,0.5382162552340086,0.25487099842238187,0.20691274634360954,not_served
underground_alarm-wildcat_strike,students,underground_alarm-wildcat_strike|students|0,81520.0,86200.0,4680.0,0.6236196458834887,83520.0,0.4152029039867497,901.5936469606629,78.0,during,True,0.16438147937409855,0.40568661324932814,0.2413051338752296,0.5108615555555556,0.8004908974358975,0.05327744444444444,0.26991499999999996,3.4318890555555552,2.6385043589743593,0.7478386463989338,0.25216135360106623,0.09708191715049991,0.0726155336458289,0.0716076830789008,0.40232014790326653,0.30092825825817626,0.29675159383855715,not_served
wildcat_strike,bank_tellers_drivers,wildcat_strike|bank_tellers_drivers|0,82420.0,84580.0,2160.0,0.3079466119912424,83160.0,0.25687004487207543,74.00751797505211,36.0,during,False,0.1900732082849971,0.2572222995929706,0.0671490913079735,0.49372222222222223,0.5668517592592595,0.05009305555555554,0.07496953703703702,2.861083277777778,2.495200833333333,0.8831925062791507,0.11680749372084931,0.027434081696317152,0.00933225414696997,0.03038275546468638,0.4085547721039606,0.1389781151939703,0.4524671127020692,demand
wildcat_strike,managers_drivers,wildcat_strike|managers_drivers|0,82800.0,83620.0,820.0,0.25099039603921053,83160.0,0.23843279246426186,12.983238726028802,13.666666666666666,post,False,0.17856135035283538,0.23835060601788027,0.059789255665044894,0.45898144444444444,0.5445519512195122,0.048499833333333325,0.05825219512195122,2.8420555555555556,2.5290648780487808,0.9033646409443346,0.09663535905566546,0.0319717541847175,0.0036437801478227485,0.02417372133250464,0.534740796303464,0.06094372822160827,0.4043154754749277,not_served
wildcat_strike,students_drivers,wildcat_strike|students_drivers|0,82960.0,83680.0,720.0,0.23757826763549028,83300.0,0.2273876304631847,4.197026223290801,12.0,post,False,0.17556188015148283,0.22725851986344062,0.05169663971195779,0.4441200555555556,0.5048602777777778,0.05279644444444445,0.05842527777777778,2.8304350555555557,2.478611388888888,0.8962776921908565,0.10372230780914359,0.02298271174892437,0.0021298218750244874,0.02658410608800893,0.4445687742371447,0.04119845867915947,0.5142327670836958,demand
wildcat_strike,bank_tellers,wildcat_strike|bank_tellers|0,81440.0,84040.0,2600.0,0.27886465748096895,83240.0,0.24156472635537696,49.58728863993272,43.333333333333336,during,False,0.17625670943771107,0.2410460098550894,0.06478930041737832,0.47144516666666664,0.5829359230769231,0.0461115,0.05299907692307692,2.9363799444444445,2.638230769230769,0.9166596005518223,0.08334039944817775,0.04011422268849872,0.002478140819672972,0.022196936909206627,0.6191488784425732,0.03824922948246968,0.3426018920749572,not_served
wildcat_strike,managers,wildcat_strike|managers|0,82900.0,83380.0,480.0,0.22784178969281202,83340.0,0.22024332907464608,0.4200491812361845,8.0,post,False,0.19634487721033583,0.22016592067866916,0.02382104346833333,0.5097679999999999,0.5152774999999999,0.046647944444444436,0.04395916666666667,2.8338704444444445,2.5400691666666666,0.9213943410958986,0.07860565890410143,0.002056598141553493,-0.0010036728161952936,0.022768118142975132,0.07962549013542043,-0.03885928821504252,0.881515221649537,demand
wildcat_strike,students,wildcat_strike|students|0,83020.0,83500.0,480.0,0.24158648507875496,83200.0,0.2318378612041586,4.465829281561614,8.0,post,False,0.1787566124132734,0.23173720741375822,0.052980595000484826,0.4568516666666666,0.53708375,0.047925555555555555,0.038751249999999994,2.8238240555555554,2.4848620833333332,0.9327042468762753,0.06729575312372467,0.03035045460940154,-0.003470486278909659,0.02610062666999295,0.5065030146260828,-0.05791714770366862,0.4355798376702485,not_served
wildcat_strike-boycott_tncs,bank_tellers_drivers,wildcat_strike-boycott_tncs|bank_tellers_drivers|0,79360.0,80520.0,1160.0,0.40244048527943654,79860.0,0.3069928657283654,97.91393959691807,19.333333333333332,during,True,0.14872144193931758,0.31044251881839746,0.16172107687907988,0.39948188888888897,0.3859772413793104,0.040889166666666664,0.0566951724137931,2.961046166666667,1.3893963793103448,0.8719252190847128,0.1280747809152872,-0.007015733541172288,0.008211300931284896,0.16052550948896727,-0.03991824745769914,0.04672080839459813,0.9133609441477027,demand
wildcat_strike-boycott_tncs,drivers,wildcat_strike-boycott_tncs|drivers|0,79540.0,80280.0,740.0,0.32951404933704276,79860.0,0.2809870610940077,43.203387065254994,12.333333333333334,during,False,0.14189425578364437,0.28144287334461515,0.13954861756097078,0.37302777777777785,0.33040648648648646,0.04255555555555555,0.048918378378378376,2.928824222222223,1.274054054054054,0.8710383027598109,0.1289616972401892,-0.023087768024436035,0.003446713435074573,0.15918967215033222,-0.124312145597052,0.018558240100074452,0.8571296143028735,demand
wildcat_strike-boycott_tncs,managers_drivers,wildcat_strike-boycott_tncs|managers_drivers|0,79460.0,80340.0,880.0,0.3353986701356302,79820.0,0.2728908636158919,44.19584534572956,14.666666666666666,during,False,0.13653565303604315,0.2759931310709682,0.13945747803492503,0.3590098888888889,0.33609704545454544,0.04360216666666666,0.04776522727272727,2.9487686666666666,1.3373481818181818,0.8755667574899615,0.12443324251003852,-0.012122206972534641,0.0022024975839633246,0.14937718742349634,-0.07405050012504483,0.013454319661940668,0.9124951802130146,demand
wildcat_strike-boycott_tncs,students_drivers,wildcat_strike-boycott_tncs|students_drivers|0,79520.0,80380.0,860.0,0.35954718119730705,79820.0,0.29373311630189497,61.17397763992484,14.333333333333334,during,False,0.1381408568482439,0.29369093629284454,0.15555007944460064,0.3626665000000001,0.3475193023255814,0.042907388888888884,0.048487674418604666,2.9359445,1.274922558139535,0.8775585349095328,0.12244146509046706,-0.008196425901112922,0.0030195946362153495,0.1607269107094982,-0.04766945545058109,0.01756160962430424,0.9347689349251147,demand
wildcat_strike-boycott_tncs,bank_tellers,wildcat_strike-boycott_tncs|bank_tellers|0,79460.0,80120.0,660.0,0.3357071297299071,79820.0,0.27743503592694324,36.26450902282507,11.0,during,False,0.13783025493747894,0.2805475964397363,0.14271734150225737,0.3647128333333334,0.356009393939394,0.04148183333333333,0.04797878787878788,2.947064611111111,1.4103533333333333,0.8812371499016247,0.11876285009837519,-0.00449865877250936,0.0033581645413486203,0.14385783573341812,-0.029652103499817537,0.022134740060300806,0.9482131564398817,demand
wildcat_strike-boycott_tncs,baseline,wildcat_strike-boycott_tncs|baseline|0,79460.0,80280.0,820.0,0.3850319098710634,79820.0,0.3017132199184463,64.85126757955581,13.666666666666666,during,False,0.13169343620912238,0.3031008180633184,0.17140738185419602,0.3493335555555555,0.35768243902439023,0.038907166666666666,0.06695024390243903,2.9480643333333325,1.3523168292682928,0.8423337472731095,0.15766625272689053,0.004395691047835627,0.014764693269368726,0.15224699753699167,0.025644700947446513,0.08613802456844008,0.8882172744841135,demand
wildcat_strike-boycott_tncs,managers,wildcat_strike-boycott_tncs|managers|0,79440.0,80340.0,900.0,0.38038831853507205,79820.0,0.3025434083571561,71.90410975383453,15.0,during,True,0.13952122376700823,0.304764211898524,0.16524298813151575,0.3755924444444445,0.37959244444444445,0.0362225,0.04777800000000001,2.951629388888889,1.354296222222222,0.8882047164910796,0.11179528350892046,0.002103821550942672,0.006077677482979604,0.15706148909759346,0.01273168425923317,0.03678024436439278,0.9504880713763741,demand
wildcat_strike-boycott_tncs,students,wildcat_strike-boycott_tncs|students|0,79520.0,80420.0,900.0,0.3298277413694808,79860.0,0.27483188990407176,47.050332388803064,15.0,during,True,0.13497965231175052,0.27562987047407567,0.14065021816232515,0.35519449999999997,0.32285155555555556,0.04114827777777778,0.04703644444444444,2.936315,1.265555777777778,0.8728359815824129,0.12716401841758707,-0.01755791847735524,0.003196491602426505,0.15501164503725387,-0.09989368234761896,0.01818605759967753,0.8819202600527035,demand
wildcat_strike-long_rides,bank_tellers_drivers,wildcat_strike-long_rides|bank_tellers_drivers|0,81440.0,89080.0,7640.0,0.3471673164789682,84040.0,0.2817383013255055,457.4581234251263,127.33333333333333,during,True,0.16625292438065375,0.28067074890262295,0.11441782452196919,0.429574388888889,0.5314357853403141,0.05786066666666668,0.12763473821989527,2.9318886111111118,2.348198115183246,0.8063413039162641,0.19365869608373587,0.03906056171771665,0.026756107054755906,0.04860115574949664,0.34138528573593613,0.23384561947879465,0.42476909478526925,demand
wildcat_strike-long_rides,drivers,wildcat_strike-long_rides|drivers|0,82900.0,89500.0,6600.0,0.30321239251323,83960.0,0.2643793259509828,275.88316212133475,110.0,during,False,0.1802194179697663,0.2646788159037894,0.0844593979340231,0.4374630555555556,0.43424754545454547,0.07261122222222222,0.1573991818181818,2.8302958888888887,2.2353384242424243,0.7339642483214032,0.2660357516785969,-0.0012872965149201322,0.033943990678425316,0.05180270377051791,-0.014790732915541236,0.39000843581353073,0.595200831270928,demand
wildcat_strike-long_rides,managers_drivers,wildcat_strike-long_rides|managers_drivers|0,80860.0,88320.0,7460.0,0.34864660940754433,84040.0,0.2698404011288075,353.7254560646269,124.33333333333333,during,False,0.15285910572799571,0.2689326651140987,0.11607355938610298,0.4106856666666666,0.53614836461126,0.04307377777777778,0.11296233243967829,2.968481611111111,2.4136550938337797,0.8259737007063778,0.17402629929362215,0.04712265784476891,0.02624951083112022,0.04270139071021384,0.4059723686771918,0.22614548024502962,0.36788215107777855,not_served
wildcat_strike-long_rides,managers_drivers,wildcat_strike-long_rides|managers_drivers|1,88960.0,89480.0,520.0,0.2571698867286902,89100.0,0.23880987853766042,8.420053212938988,8.666666666666666,post,False,0.25379347424360305,0.23873604588025615,-0.015057428363346892,0.4318333333333333,0.3851926923076924,0.1180925,0.09371769230769231,2.1668241666666668,2.0060246153846153,0.8043105864514559,0.19568941354854405,-0.022387584257773915,-0.011699947706091299,0.019030103600518322,-0.4214717771207657,-0.2202648439031114,0.35826337897612287,not_served
wildcat_strike-long_rides,students_drivers,wildcat_strike-long_rides|students_drivers|0,82820.0,89100.0,6280.0,0.31976018099547515,84040.0,0.27059462284692154,301.5966050370354,104.66666666666667,during,True,0.17323234390479425,0.2707892327676838,0.09755688886288955,0.43634266666666666,0.4547827707006369,0.05483355555555555,0.15590732484076433,2.8353609444444445,2.25522296178344,0.7447030400868935,0.2552969599131066,0.007340119556390953,0.040232611985366096,0.049984157321132504,0.07523937716696827,0.4124015480025266,0.5123590748305052,demand
wildcat_strike-long_rides,bank_tellers,wildcat_strike-long_rides|bank_tellers|0,82660.0,87820.0,5160.0,0.32505643340857787,84000.0,0.28014331347015703,297.096105945176,86.0,during,False,0.17597961225842046,0.28044458396912963,0.10446497171070918,0.4534169444444444,0.5490888759689921,0.04574111111111111,0.10397926356589149,2.8364538888888893,2.3286887209302325,0.8407834385552084,0.15921656144479154,0.037406725767973735,0.02277050921199861,0.044287736730736826,0.3580791260018022,0.2179726738935622,0.4239482001046356,demand
wildcat_strike-long_rides,baseline,wildcat_strike-long_rides|baseline|0,83460.0,89020.0,5560.0,0.28216704288939054,84000.0,0.2524209908733058,174.95030798945385,92.66666666666667,during,False,0.19020293744877953,0.2531023877931931,0.06289945034441358,0.46654683333333336,0.43638467625899285,0.06230533333333333,0.12606104316546762,2.7804626666666663,2.222206294964029,0.7758698505262633,0.22413014947373655,-0.012210479687043358,0.025810083739023496,0.04929984629243344,-0.1398353457846449,0.29557904987194755,0.5645856043434074,demand
wildcat_strike-long_rides,managers,wildcat_strike-long_rides|managers|0,81420.0,87420.0,6000.0,0.3235530474040632,84040.0,0.2598106054602123,227.9833080733436,100.0,during,False,0.177497850437379,0.2585077064849206,0.0810098560475416,0.46643527777777777,0.5310278666666667,0.05458333333333334,0.09816699999999999,2.9353516666666666,2.433950133333333,0.8439799731360386,0.15602002686396146,0.024271616219009463,0.016377204396780826,0.04036103543175131,0.299613126145606,0.20216310947608238,0.4982237643783117,demand
wildcat_strike-long_rides,students,wildcat_strike-long_rides|students|0,82780.0,87860.0,5080.0,0.30022573363431154,84000.0,0.25228752373381946,153.43025815249536,84.66666666666667,during,False,0.1817739117224902,0.2525096532848665,0.07073574156237633,0.4622036111111111,0.4828275590551181,0.05258349999999999,0.10143074803149607,2.832018666666667,2.3138058267716537,0.8263939993642926,0.17360600063570739,0.008097925108366044,0.019179710760653834,0.04345810569335645,0.11448137715818128,0.271145962946338,0.6143726598954807,demand
