scenario,personality,spike_id,start_ts,end_ts,duration_s,peak,peak_ts,mean,area,duration_min,position,contains_failure
boycott_tncs,bank_tellers_drivers,boycott_tncs|bank_tellers_drivers|0,79520.0,80100.0,580.0,0.31460909376070095,79800.0,0.2628272147243909,23.31922317200153,9.666666666666666,during,True
boycott_tncs,drivers,boycott_tncs|drivers|0,79520.0,80280.0,760.0,0.347383496103222,79800.0,0.2827609116850836,45.64475177247525,12.666666666666666,during,True
boycott_tncs,managers_drivers,boycott_tncs|managers_drivers|0,79500.0,80160.0,660.0,0.3180244264943109,79780.0,0.27463359318544267,34.239568753371685,11.0,during,False
boycott_tncs,students_drivers,boycott_tncs|students_drivers|0,79440.0,80140.0,700.0,0.35000261680877987,79800.0,0.2868547015468837,44.91744095499259,11.666666666666666,during,False
boycott_tncs,bank_tellers,boycott_tncs|bank_tellers|0,79480.0,80140.0,660.0,0.3411339884899553,79800.0,0.2855978665361744,41.4684669390491,11.0,during,False
boycott_tncs,baseline,boycott_tncs|baseline|0,79540.0,80100.0,560.0,0.3001460894578958,79780.0,0.267702526877078,25.148155157681533,9.333333333333334,during,False
boycott_tncs,managers,boycott_tncs|managers|0,79540.0,80220.0,680.0,0.30296568802559504,79780.0,0.2632252716863938,27.585146497417604,11.333333333333334,during,False
boycott_tncs,students,boycott_tncs|students|0,79420.0,80220.0,800.0,0.32509344181027633,79800.0,0.2739639761671097,41.08585495660675,13.333333333333334,during,False
boycott_tncs-long_rides,bank_tellers_drivers,boycott_tncs-long_rides|bank_tellers_drivers|0,79540.0,80140.0,600.0,0.32658992487281613,79780.0,0.27890615827885623,33.534069278059775,10.0,during,False
boycott_tncs-long_rides,bank_tellers_drivers,boycott_tncs-long_rides|bank_tellers_drivers|1,85200.0,87340.0,2140.0,0.2785135892337368,86980.0,0.24085038811334877,40.80882542594481,35.666666666666664,during,True
boycott_tncs-long_rides,drivers,boycott_tncs-long_rides|drivers|0,79460.0,80080.0,620.0,0.3056068092491798,79760.0,0.26730688265934255,27.635844099120845,10.333333333333334,during,False
boycott_tncs-long_rides,drivers,boycott_tncs-long_rides|drivers|1,86560.0,88020.0,1460.0,0.24444444444444446,86960.0,0.2223871806767035,5.531705892368025,24.333333333333332,post,False
boycott_tncs-long_rides,managers_drivers,boycott_tncs-long_rides|managers_drivers|0,79500.0,80140.0,640.0,0.3230950693161932,79800.0,0.27210823682961305,31.61734002067084,10.666666666666666,during,False
boycott_tncs-long_rides,managers_drivers,boycott_tncs-long_rides|managers_drivers|1,85760.0,87600.0,1840.0,0.25501243787079053,87120.0,0.23190041403604605,19.232147226878723,30.666666666666668,during,True
boycott_tncs-long_rides,students_drivers,boycott_tncs-long_rides|students_drivers|0,79460.0,80100.0,640.0,0.36150163905687277,79800.0,0.30420028054960335,52.090747037052004,10.666666666666666,during,True
boycott_tncs-long_rides,students_drivers,boycott_tncs-long_rides|students_drivers|1,86480.0,88140.0,1660.0,0.2683111111111111,86960.0,0.2355172166275327,23.61767871435122,27.666666666666668,post,False
boycott_tncs-long_rides,bank_tellers,boycott_tncs-long_rides|bank_tellers|0,79420.0,80140.0,720.0,0.3968868507840046,79800.0,0.31609267555738146,67.19754918977893,12.0,during,False
boycott_tncs-long_rides,bank_tellers,boycott_tncs-long_rides|bank_tellers|1,85980.0,87120.0,1140.0,0.24813895781637715,86980.0,0.22234598356084087,6.756467960551486,19.0,during,False
boycott_tncs-long_rides,baseline,boycott_tncs-long_rides|baseline|0,79600.0,80200.0,600.0,0.2899958203423265,79800.0,0.26233718725171223,23.697112344956476,10.0,during,False
boycott_tncs-long_rides,managers,boycott_tncs-long_rides|managers|0,79480.0,80140.0,660.0,0.3385190546795379,79780.0,0.28323307687991567,39.97423855504485,11.0,during,False
boycott_tncs-long_rides,students,boycott_tncs-long_rides|students|0,79540.0,80260.0,720.0,0.34657335268316,79800.0,0.2899427535243564,48.44329766426209,12.0,during,False
flash_mob,bank_tellers_drivers,flash_mob|bank_tellers_drivers|0,79780.0,84980.0,5200.0,0.34059165154264975,80720.0,0.26988161834522384,245.98873930366875,86.66666666666667,during,True
flash_mob,drivers,flash_mob|drivers|0,79720.0,84000.0,4280.0,0.2880789635823068,83420.0,0.25048016246247407,119.45955323759243,71.33333333333333,during,False
flash_mob,managers_drivers,flash_mob|managers_drivers|0,80020.0,84820.0,4800.0,0.3174500505658732,80860.0,0.2582279374039723,173.03075324841512,80.0,during,False
flash_mob,students_drivers,flash_mob|students_drivers|0,79960.0,83860.0,3900.0,0.29401032126814314,80880.0,0.25136114943680965,112.28858998631318,65.0,during,False
flash_mob,bank_tellers,flash_mob|bank_tellers|0,79960.0,83860.0,3900.0,0.3237075812274368,81060.0,0.2651963855703106,166.15739157359747,65.0,during,False
flash_mob,baseline,flash_mob|baseline|0,80160.0,84820.0,4660.0,0.280963906581741,83800.0,0.2487055559600165,122.40786139108857,77.66666666666667,during,False
flash_mob,managers,flash_mob|managers|0,80080.0,84220.0,4140.0,0.3131443814120153,81120.0,0.2533175207519295,130.7842477147649,69.0,during,False
flash_mob,students,flash_mob|students|0,80020.0,84880.0,4860.0,0.2914131905523693,80740.0,0.25504348946820343,157.85659866490573,81.0,during,False
flash_mob-boycott_tncs,bank_tellers_drivers,flash_mob-boycott_tncs|bank_tellers_drivers|0,79500.0,81420.0,1920.0,0.44136157033589785,79800.0,0.37250907862390337,287.8028874640506,32.0,during,False
flash_mob-boycott_tncs,drivers,flash_mob-boycott_tncs|drivers|0,79480.0,81400.0,1920.0,0.4175041881555791,79800.0,0.34913854629055024,242.8004243364978,32.0,during,False
flash_mob-boycott_tncs,managers_drivers,flash_mob-boycott_tncs|managers_drivers|0,79460.0,81480.0,2020.0,0.4417949657869726,80960.0,0.37035135278507353,298.3960246813528,33.666666666666664,during,True
flash_mob-boycott_tncs,students_drivers,flash_mob-boycott_tncs|students_drivers|0,79500.0,81360.0,1860.0,0.3532292971977641,79800.0,0.31319426503944736,168.38195175290787,31.0,during,False
flash_mob-boycott_tncs,bank_tellers,flash_mob-boycott_tncs|bank_tellers|0,79420.0,81360.0,1940.0,0.4368082053678586,79840.0,0.3361671760354665,220.2562962581841,32.333333333333336,during,False
flash_mob-boycott_tncs,baseline,flash_mob-boycott_tncs|baseline|0,79480.0,81340.0,1860.0,0.41883224909695016,79940.0,0.32320039933893174,187.12691307184744,31.0,during,False
flash_mob-boycott_tncs,managers,flash_mob-boycott_tncs|managers|0,79460.0,81480.0,2020.0,0.48377204339177793,79800.0,0.3574345571930171,272.35460611187733,33.666666666666664,during,True
flash_mob-boycott_tncs,students,flash_mob-boycott_tncs|students|0,79420.0,81360.0,1940.0,0.4400335093945268,79800.0,0.32983642129838,208.03723067853184,32.333333333333336,during,True
flash_mob-long_rides,bank_tellers_drivers,flash_mob-long_rides|bank_tellers_drivers|0,80200.0,88660.0,8460.0,0.3532813939705927,84320.0,0.2828408752557244,513.6911022008032,141.0,during,True
flash_mob-long_rides,drivers,flash_mob-long_rides|drivers|0,80200.0,88920.0,8720.0,0.33967593019629544,84240.0,0.2723175197757694,434.2710704954986,145.33333333333334,during,False
flash_mob-long_rides,managers_drivers,flash_mob-long_rides|managers_drivers|0,80080.0,89040.0,8960.0,0.37050715993079986,84240.0,0.29220285227718623,627.6276053956167,149.33333333333334,during,True
flash_mob-long_rides,students_drivers,flash_mob-long_rides|students_drivers|0,80060.0,88960.0,8900.0,0.37050053563791724,84680.0,0.28364878168584445,544.1265620821513,148.33333333333334,during,False
flash_mob-long_rides,bank_tellers,flash_mob-long_rides|bank_tellers|0,79960.0,87640.0,7680.0,0.3555404536154408,80960.0,0.28978747718937453,516.2913210627934,128.0,during,True
flash_mob-long_rides,baseline,flash_mob-long_rides|baseline|0,80260.0,87420.0,7160.0,0.3140214592274678,84100.0,0.2580494205014972,256.43639662433117,119.33333333333333,during,False
flash_mob-long_rides,managers,flash_mob-long_rides|managers|0,79880.0,87280.0,7400.0,0.3349816285057233,81180.0,0.2665245019896284,325.8076101975498,123.33333333333333,during,False
flash_mob-long_rides,students,flash_mob-long_rides|students|0,80200.0,87340.0,7140.0,0.3079679713309816,84300.0,0.2570516296720831,246.85980226330122,119.0,during,False
flash_mob-wildcat_strike,bank_tellers_drivers,flash_mob-wildcat_strike|bank_tellers_drivers|0,79940.0,85120.0,5180.0,0.35639882866034456,81180.0,0.2957673149661934,379.11187651384716,86.33333333333333,during,True
flash_mob-wildcat_strike,drivers,flash_mob-wildcat_strike|drivers|0,80120.0,84600.0,4480.0,0.31366644710015373,83960.0,0.26962783535538953,210.77542504010853,74.66666666666667,during,False
flash_mob-wildcat_strike,managers_drivers,flash_mob-wildcat_strike|managers_drivers|0,80060.0,84820.0,4760.0,0.3188617981110807,83960.0,0.2751363576320659,250.25693162880708,79.33333333333333,during,False
flash_mob-wildcat_strike,students_drivers,flash_mob-wildcat_strike|students_drivers|0,80020.0,84960.0,4940.0,0.319070514583723,81180.0,0.2758638275411349,263.8336815900967,82.33333333333333,during,False
flash_mob-wildcat_strike,bank_tellers,flash_mob-wildcat_strike|bank_tellers|0,79780.0,84820.0,5040.0,0.3626817155756208,84000.0,0.28888850720506454,334.38599977233264,84.0,during,True
flash_mob-wildcat_strike,baseline,flash_mob-wildcat_strike|baseline|0,80140.0,84660.0,4520.0,0.3410301953818828,80880.0,0.2713572366655277,220.55299988196646,75.33333333333333,during,True
flash_mob-wildcat_strike,managers,flash_mob-wildcat_strike|managers|0,80120.0,84340.0,4220.0,0.3324490259986356,83200.0,0.28018806071057695,243.07307535019848,70.33333333333333,during,True
flash_mob-wildcat_strike,students,flash_mob-wildcat_strike|students|0,80080.0,85300.0,5220.0,0.3380576356376533,83640.0,0.27195837320933325,257.73114928257274,87.0,during,False
long_rides,bank_tellers_drivers,long_rides|bank_tellers_drivers|0,83000.0,89320.0,6320.0,0.33457903722324545,84680.0,0.2749542151254177,331.07014437418616,105.33333333333333,during,True
long_rides,drivers,long_rides|drivers|0,83040.0,89260.0,6220.0,0.2923002645120557,83420.0,0.2495977144355995,169.4969659583371,103.66666666666667,during,True
long_rides,managers_drivers,long_rides|managers_drivers|0,83080.0,88140.0,5060.0,0.3150534941841339,86920.0,0.26938458670866894,236.89139411705892,84.33333333333333,during,True
long_rides,students_drivers,long_rides|students_drivers|0,82960.0,89040.0,6080.0,0.31546004938725536,83520.0,0.2528505074483543,184.51286309862144,101.33333333333333,during,True
long_rides,bank_tellers,long_rides|bank_tellers|0,83020.0,87240.0,4220.0,0.28343866943866947,83480.0,0.24461538367931213,93.18137680707417,70.33333333333333,during,False
long_rides,baseline,long_rides|baseline|0,84000.0,85780.0,1780.0,0.2505543237250555,84540.0,0.23465536380382054,21.651807690197362,29.666666666666668,during,False
long_rides,baseline,long_rides|baseline|1,86600.0,87420.0,820.0,0.2392192664267965,87060.0,0.23220532463397114,7.940619310892679,13.666666666666666,post,False
long_rides,managers,long_rides|managers|0,83000.0,85140.0,2140.0,0.2711727654870215,84700.0,0.25127947129777517,61.41420682329306,35.666666666666664,during,False
long_rides,managers,long_rides|managers|1,86620.0,87220.0,600.0,0.24876847290640397,86880.0,0.2337902529654339,6.702820596317696,10.0,post,False
long_rides,students,long_rides|students|0,83240.0,85180.0,1940.0,0.26323460947731614,84440.0,0.23801843995603938,32.18720009869826,32.333333333333336,during,False
long_rides,students,long_rides|students|1,86680.0,87340.0,660.0,0.25040478054330545,86940.0,0.238073549689262,10.202959424174033,11.0,post,False
normal,bank_tellers_drivers,normal|bank_tellers_drivers|0,81940.0,82500.0,560.0,0.24508953588395493,82360.0,0.23270416254464127,5.694102827812178,9.333333333333334,outside,False
normal,managers_drivers,normal|managers_drivers|0,83160.0,84460.0,1300.0,0.2505175983436853,83420.0,0.22435401998009502,8.83972951341432,21.666666666666668,outside,False
normal,baseline,normal|baseline|0,43180.0,43800.0,620.0,0.24869433908315577,43300.0,0.2391576338341359,10.167881068628501,10.333333333333334,outside,False
underground_alarm,bank_tellers_drivers,underground_alarm|bank_tellers_drivers|0,80420.0,87040.0,6620.0,0.6180734430416283,83400.0,0.36952241856129264,975.8027924799785,110.33333333333333,during,True
underground_alarm,drivers,underground_alarm|drivers|0,81520.0,86380.0,4860.0,0.6731182795698925,83620.0,0.43233392331597187,1019.487816274536,81.0,during,True
underground_alarm,managers_drivers,underground_alarm|managers_drivers|0,81080.0,86140.0,5060.0,0.6037896632041706,83400.0,0.38101825130703576,801.7670852248245,84.33333333333333,during,True
underground_alarm,students_drivers,underground_alarm|students_drivers|0,81080.0,87340.0,6260.0,0.6659387308533916,83400.0,0.3964039688180802,1088.7050415487615,104.33333333333333,during,True
underground_alarm,bank_tellers,underground_alarm|bank_tellers|0,80520.0,87000.0,6480.0,0.6637505470459518,83400.0,0.3692991939412143,955.4770905142589,108.0,during,True
underground_alarm,baseline,underground_alarm|baseline|0,81220.0,86240.0,5020.0,0.36542669584245074,83400.0,0.26105916486228986,200.93598007236704,83.66666666666667,during,False
underground_alarm,managers,underground_alarm|managers|0,81260.0,86860.0,5600.0,0.6627732303258838,83400.0,0.38319598032593605,899.7349992447821,93.33333333333333,during,True
underground_alarm,students,underground_alarm|students|0,81300.0,88500.0,7200.0,0.6007322638427209,83400.0,0.3483184217662973,908.730049533567,120.0,during,True
underground_alarm-flash_mob,bank_tellers_drivers,underground_alarm-flash_mob|bank_tellers_drivers|0,80060.0,90860.0,10800.0,0.9102844638949672,83400.0,0.4213128378578117,2146.6234846388606,180.0,during,True
underground_alarm-flash_mob,drivers,underground_alarm-flash_mob|drivers|0,80500.0,87760.0,7260.0,0.7277327586206898,83620.0,0.41669962501335645,1409.4220672220958,121.0,during,True
underground_alarm-flash_mob,managers_drivers,underground_alarm-flash_mob|managers_drivers|0,80240.0,87520.0,7280.0,0.7755238587634197,83680.0,0.4410535344425668,1590.5077731143278,121.33333333333333,during,True
underground_alarm-flash_mob,students_drivers,underground_alarm-flash_mob|students_drivers|0,80300.0,88860.0,8560.0,0.7858187927913066,83680.0,0.42953399682636684,1771.698545676611,142.66666666666666,during,True
underground_alarm-flash_mob,bank_tellers,underground_alarm-flash_mob|bank_tellers|0,80160.0,87760.0,7600.0,0.7597695510413185,83680.0,0.4236223711273058,1528.1097276426085,126.66666666666667,during,True
underground_alarm-flash_mob,baseline,underground_alarm-flash_mob|baseline|0,80480.0,88680.0,8200.0,0.723818829008363,83620.0,0.4008879213877353,1462.258652091796,136.66666666666666,during,True
underground_alarm-flash_mob,managers,underground_alarm-flash_mob|managers|0,80300.0,87700.0,7400.0,0.7634806088865692,83760.0,0.42698587606760785,1512.7125885938146,123.33333333333333,during,True
underground_alarm-flash_mob,students,underground_alarm-flash_mob|students|0,80160.0,88800.0,8640.0,0.768445918997927,83400.0,0.40701781817096927,1594.0240135606196,144.0,during,True
underground_alarm-long_rides,bank_tellers_drivers,underground_alarm-long_rides|bank_tellers_drivers|0,80400.0,88800.0,8400.0,0.7532572406038214,83720.0,0.4033094567307158,1518.2643837374944,140.0,during,True
underground_alarm-long_rides,drivers,underground_alarm-long_rides|drivers|0,80980.0,88960.0,7980.0,0.7355495151018568,83720.0,0.397450213999565,1395.501996393544,133.0,during,True
underground_alarm-long_rides,managers_drivers,underground_alarm-long_rides|managers_drivers|0,80320.0,88540.0,8220.0,0.708963440860215,83620.0,0.3771943664500073,1271.7125939571315,137.0,during,True
underground_alarm-long_rides,students_drivers,underground_alarm-long_rides|students_drivers|0,80720.0,88620.0,7900.0,0.6763219749138668,83680.0,0.37811655390042276,1228.8214084082804,131.66666666666666,during,True
underground_alarm-long_rides,bank_tellers,underground_alarm-long_rides|bank_tellers|0,80660.0,87640.0,6980.0,0.6204891774891774,83700.0,0.3720901637437581,1043.6299470818276,116.33333333333333,during,True
underground_alarm-long_rides,baseline,underground_alarm-long_rides|baseline|0,81160.0,89060.0,7900.0,0.6982672912695967,83680.0,0.38411388616775927,1276.2756133007806,131.66666666666666,during,True
underground_alarm-long_rides,managers,underground_alarm-long_rides|managers|0,80740.0,88720.0,7980.0,0.6740837414447358,83620.0,0.3686090078461624,1171.9924137631424,133.0,during,True
underground_alarm-long_rides,students,underground_alarm-long_rides|students|0,81380.0,88660.0,7280.0,0.6538730573887654,83680.0,0.36960896443356334,1070.484192314013,121.33333333333333,during,True
underground_alarm-wildcat_strike,bank_tellers_drivers,underground_alarm-wildcat_strike|bank_tellers_drivers|0,80620.0,87400.0,6780.0,0.7015791988223801,83920.0,0.4165884414792456,1315.4732981562906,113.0,during,True
underground_alarm-wildcat_strike,drivers,underground_alarm-wildcat_strike|drivers|0,81260.0,87060.0,5800.0,0.6906100699034113,83580.0,0.40688256310083765,1069.026108069298,96.66666666666667,during,True
underground_alarm-wildcat_strike,managers_drivers,underground_alarm-wildcat_strike|managers_drivers|0,81100.0,87280.0,6180.0,0.7408191268191269,83720.0,0.41670901592311194,1199.8315753893437,103.0,during,True
underground_alarm-wildcat_strike,students_drivers,underground_alarm-wildcat_strike|students_drivers|0,81260.0,87040.0,5780.0,0.7136929460580912,83580.0,0.4219525094782159,1152.4090891423118,96.33333333333333,during,True
underground_alarm-wildcat_strike,bank_tellers,underground_alarm-wildcat_strike|bank_tellers|0,80960.0,86960.0,6000.0,0.6782875816993464,83940.0,0.41481270209121424,1153.4997755310965,100.0,during,True
underground_alarm-wildcat_strike,baseline,underground_alarm-wildcat_strike|baseline|0,81600.0,86920.0,5320.0,0.682608695652174,83940.0,0.39960841266518016,942.2421601381911,88.66666666666667,during,True
underground_alarm-wildcat_strike,managers,underground_alarm-wildcat_strike|managers|0,80780.0,87040.0,6260.0,0.6926229508196722,83440.0,0.4168609379076022,1216.2497466142681,104.33333333333333,during,True
underground_alarm-wildcat_strike,students,underground_alarm-wildcat_strike|students|0,81520.0,86200.0,4680.0,0.6236196458834887,83520.0,0.4152029039867497,901.5936469606629,78.0,during,True
wildcat_strike,bank_tellers_drivers,wildcat_strike|bank_tellers_drivers|0,82420.0,84580.0,2160.0,0.3079466119912424,83160.0,0.25687004487207543,74.00751797505211,36.0,during,False
wildcat_strike,managers_drivers,wildcat_strike|managers_drivers|0,82800.0,83620.0,820.0,0.25099039603921053,83160.0,0.23843279246426186,12.983238726028802,13.666666666666666,post,False
wildcat_strike,students_drivers,wildcat_strike|students_drivers|0,82960.0,83680.0,720.0,0.23757826763549028,83300.0,0.2273876304631847,4.197026223290801,12.0,post,False
wildcat_strike,bank_tellers,wildcat_strike|bank_tellers|0,81440.0,84040.0,2600.0,0.27886465748096895,83240.0,0.24156472635537696,49.58728863993272,43.333333333333336,during,False
wildcat_strike,managers,wildcat_strike|managers|0,82900.0,83380.0,480.0,0.22784178969281202,83340.0,0.22024332907464608,0.4200491812361845,8.0,post,False
wildcat_strike,students,wildcat_strike|students|0,83020.0,83500.0,480.0,0.24158648507875496,83200.0,0.2318378612041586,4.465829281561614,8.0,post,False
wildcat_strike-boycott_tncs,bank_tellers_drivers,wildcat_strike-boycott_tncs|bank_tellers_drivers|0,79360.0,80520.0,1160.0,0.40244048527943654,79860.0,0.3069928657283654,97.91393959691807,19.333333333333332,during,True
wildcat_strike-boycott_tncs,drivers,wildcat_strike-boycott_tncs|drivers|0,79540.0,80280.0,740.0,0.32951404933704276,79860.0,0.2809870610940077,43.203387065254994,12.333333333333334,during,False
wildcat_strike-boycott_tncs,managers_drivers,wildcat_strike-boycott_tncs|managers_drivers|0,79460.0,80340.0,880.0,0.3353986701356302,79820.0,0.2728908636158919,44.19584534572956,14.666666666666666,during,False
wildcat_strike-boycott_tncs,students_drivers,wildcat_strike-boycott_tncs|students_drivers|0,79520.0,80380.0,860.0,0.35954718119730705,79820.0,0.29373311630189497,61.17397763992484,14.333333333333334,during,False
wildcat_strike-boycott_tncs,bank_tellers,wildcat_strike-boycott_tncs|bank_tellers|0,79460.0,80120.0,660.0,0.3357071297299071,79820.0,0.27743503592694324,36.26450902282507,11.0,during,False
wildcat_strike-boycott_tncs,baseline,wildcat_strike-boycott_tncs|baseline|0,79460.0,80280.0,820.0,0.3850319098710634,79820.0,0.3017132199184463,64.85126757955581,13.666666666666666,during,False
wildcat_strike-boycott_tncs,managers,wildcat_strike-boycott_tncs|managers|0,79440.0,80340.0,900.0,0.38038831853507205,79820.0,0.3025434083571561,71.90410975383453,15.0,during,True
wildcat_strike-boycott_tncs,students,wildcat_strike-boycott_tncs|students|0,79520.0,80420.0,900.0,0.3298277413694808,79860.0,0.27483188990407176,47.050332388803064,15.0,during,True
wildcat_strike-long_rides,bank_tellers_drivers,wildcat_strike-long_rides|bank_tellers_drivers|0,81440.0,89080.0,7640.0,0.3471673164789682,84040.0,0.2817383013255055,457.4581234251263,127.33333333333333,during,True
wildcat_strike-long_rides,drivers,wildcat_strike-long_rides|drivers|0,82900.0,89500.0,6600.0,0.30321239251323,83960.0,0.2643793259509828,275.88316212133475,110.0,during,False
wildcat_strike-long_rides,managers_drivers,wildcat_strike-long_rides|managers_drivers|0,80860.0,88320.0,7460.0,0.34864660940754433,84040.0,0.2698404011288075,353.7254560646269,124.33333333333333,during,False
wildcat_strike-long_rides,managers_drivers,wildcat_strike-long_rides|managers_drivers|1,88960.0,89480.0,520.0,0.2571698867286902,89100.0,0.23880987853766042,8.420053212938988,8.666666666666666,post,False
wildcat_strike-long_rides,students_drivers,wildcat_strike-long_rides|students_drivers|0,82820.0,89100.0,6280.0,0.31976018099547515,84040.0,0.27059462284692154,301.5966050370354,104.66666666666667,during,True
wildcat_strike-long_rides,bank_tellers,wildcat_strike-long_rides|bank_tellers|0,82660.0,87820.0,5160.0,0.32505643340857787,84000.0,0.28014331347015703,297.096105945176,86.0,during,False
wildcat_strike-long_rides,baseline,wildcat_strike-long_rides|baseline|0,83460.0,89020.0,5560.0,0.28216704288939054,84000.0,0.2524209908733058,174.95030798945385,92.66666666666667,during,False
wildcat_strike-long_rides,managers,wildcat_strike-long_rides|managers|0,81420.0,87420.0,6000.0,0.3235530474040632,84040.0,0.2598106054602123,227.9833080733436,100.0,during,False
wildcat_strike-long_rides,students,wildcat_strike-long_rides|students|0,82780.0,87860.0,5080.0,0.30022573363431154,84000.0,0.25228752373381946,153.43025815249536,84.66666666666667,during,False
