scenario,personality,failure,failure_timestamp,n_spikes,spike_minutes,spike_minutes_in_event,d_not_served,d_cancel,d_demand,share_not_served
boycott_tncs,bank_tellers_drivers,True,80037.0,1,9.666666666666666,9.666666666666666,-0.027848304484751524,0.0022030888835307496,0.146326699385895,0.8770362692006906
boycott_tncs,drivers,True,79821.0,1,12.666666666666666,12.666666666666666,-0.02038492265187633,0.003819199995038172,0.15621232392107,0.8769964370864475
boycott_tncs,managers_drivers,False,,1,11.0,11.0,-0.01819909725915389,0.004696623654295157,0.14864652575633,0.8720498738310821
boycott_tncs,students_drivers,False,,1,11.666666666666666,11.666666666666666,0.004555395053565878,0.0037360179019501755,0.14453761532334927,0.8917779093786697
boycott_tncs,bank_tellers,False,,1,11.0,11.0,0.0025912552537075695,-0.0013755377362011934,0.14812922374151002,0.9008576774713148
boycott_tncs,baseline,False,,1,9.333333333333334,9.333333333333334,-0.016164358585634947,0.004417736765766261,0.14478497728002387,0.8656628491546036
boycott_tncs,managers,False,,1,11.333333333333334,11.333333333333334,-0.038411322811184284,0.010221303128768589,0.1500859637961347,0.8330857828753047
boycott_tncs,students,False,,1,13.333333333333334,13.333333333333334,-0.008444636103703954,0.0003791383347020033,0.14440242663361158,0.8757963470274638
boycott_tncs-long_rides,bank_tellers_drivers,True,86461.0,2,45.666666666666664,45.666666666666664,0.06882959439295405,0.026024306500122763,0.050757937706203994,0.8255785757869726
boycott_tncs-long_rides,drivers,False,,2,34.666666666666664,10.333333333333334,-0.0021915209555405262,0.010441674858963124,0.1185800180923188,0.8529870562365544
boycott_tncs-long_rides,managers_drivers,True,86617.0,2,41.333333333333336,41.333333333333336,0.02092974289838697,0.014431939279426875,0.08829633126154719,0.8489676087464433
boycott_tncs-long_rides,students_drivers,True,79878.0,2,38.333333333333336,10.666666666666666,0.03144156569002778,0.010222032710852699,0.10688283321044635,0.8580812486468475
boycott_tncs-long_rides,bank_tellers,False,,2,31.0,31.0,0.024509215765483792,0.005002439102268116,0.13865730837215579,0.8904445995030029
boycott_tncs-long_rides,baseline,False,,1,10.0,10.0,-0.02672554734035983,0.0031743777259746913,0.15063822513625558,0.8817037312535904
boycott_tncs-long_rides,managers,False,,1,11.0,11.0,-0.014643544304628067,0.005574984948009495,0.1505897685238914,0.8656015351925197
boycott_tncs-long_rides,students,False,,1,12.0,12.0,-0.018081142211950677,0.006844396990576008,0.159304479340322,0.8650984860589038
flash_mob,bank_tellers_drivers,True,82178.0,1,86.66666666666667,86.66666666666667,0.09123708491137483,0.012890621791159873,0.022421143194739004,0.8790836758535131
flash_mob,drivers,False,,1,71.33333333333333,71.33333333333333,0.06777455417418692,0.01604747832322224,0.01642110287754651,0.8629879848676025
flash_mob,managers_drivers,False,,1,80.0,80.0,0.06143575309628104,0.017965208040739464,0.021673502197580963,0.8590321512375422
flash_mob,students_drivers,False,,1,65.0,65.0,0.0750939484887393,0.01582722011333629,0.014933311763962181,0.8706458720583529
flash_mob,bank_tellers,False,,1,65.0,65.0,0.09639075599444395,0.006419087303547418,0.015566353072599145,0.9166394950344647
flash_mob,baseline,False,,1,77.66666666666667,77.66666666666667,0.06176227714434182,0.009667746318083661,0.021310553036012994,0.8892817662323482
flash_mob,managers,False,,1,69.0,69.0,0.08004222439342025,0.008309475516694434,0.01704300702588929,0.8989595871406001
flash_mob,students,False,,1,81.0,81.0,0.06900202188362586,0.011744139727018618,0.02195824782092998,0.892499150588521
flash_mob-boycott_tncs,bank_tellers_drivers,False,,1,32.0,32.0,0.028306572939471485,0.012896365781249261,0.19044826760179392,0.8607147640002266
flash_mob-boycott_tncs,drivers,False,,1,32.0,32.0,0.010065954365096668,0.010540675148963013,0.18529318830712418,0.8574024187929637
flash_mob-boycott_tncs,managers_drivers,True,81430.0,1,33.666666666666664,33.666666666666664,0.019807900909367387,0.01996673747199527,0.18847779992776337,0.8386921526590031
flash_mob-boycott_tncs,students_drivers,False,,1,31.0,31.0,-0.016141661052786634,0.007617257874314641,0.17676071569331153,0.8410090938831658
flash_mob-boycott_tncs,bank_tellers,False,,1,32.333333333333336,32.333333333333336,0.0057093475818456585,0.0040653972277489014,0.18028644053915463,0.8839992448010358
flash_mob-boycott_tncs,baseline,False,,1,31.0,31.0,0.0019624855394907944,0.005427115346131616,0.17550088513034923,0.883080584507559
flash_mob-boycott_tncs,managers,True,79514.0,1,33.666666666666664,33.666666666666664,0.019348111248774683,0.013562160695175879,0.18507774859896572,0.8621397943944059
flash_mob-boycott_tncs,students,True,80429.0,1,32.333333333333336,32.333333333333336,0.019385600039138796,0.0034724246662492706,0.17208666171347,0.8929666811606914
flash_mob-long_rides,bank_tellers_drivers,True,81949.0,1,141.0,141.0,0.05885331053014684,0.0288896758696135,0.04145929786381277,0.8225158297675483
flash_mob-long_rides,drivers,False,,1,145.33333333333334,145.33333333333334,0.04710515644088492,0.0303249499477219,0.04132730843823689,0.801961264272213
flash_mob-long_rides,managers_drivers,True,82616.0,1,149.33333333333334,149.33333333333334,0.06163615756015468,0.03031056473319653,0.044200419668113534,0.8202327911186559
flash_mob-long_rides,students_drivers,False,,1,148.33333333333334,148.33333333333334,0.05931848886116703,0.033352308365284196,0.04167637839037543,0.8049261566074007
flash_mob-long_rides,bank_tellers,True,82443.0,1,128.0,128.0,0.09121151675056723,0.018908250054055286,0.036039453915481,0.8707174468650535
flash_mob-long_rides,baseline,False,,1,119.33333333333333,119.33333333333333,0.05512541190611373,0.01773480633689965,0.0336032863147103,0.8603789424714098
flash_mob-long_rides,managers,False,,1,123.33333333333333,123.33333333333333,0.07737164651519496,0.01339637919397818,0.032947842435349414,0.883533137167005
flash_mob-long_rides,students,False,,1,119.0,119.0,0.05290230711862428,0.013889206025534584,0.03388743787130318,0.8637924658148757
flash_mob-wildcat_strike,bank_tellers_drivers,True,81908.0,1,86.33333333333333,86.33333333333333,0.1112566184151658,0.014874687166320741,0.026074027578628475,0.8876431049791376
flash_mob-wildcat_strike,drivers,False,,1,74.66666666666667,74.66666666666667,0.0813006127127211,0.018758930993389208,0.02339672377965003,0.8634832237222728
flash_mob-wildcat_strike,managers_drivers,False,,1,79.33333333333333,79.33333333333333,0.08793834551035777,0.012016585011435437,0.024657302033529328,0.8917920902910809
flash_mob-wildcat_strike,students_drivers,False,,1,82.33333333333333,82.33333333333333,0.0878692688973931,0.018793080491476988,0.024717826973604556,0.8732122559080141
flash_mob-wildcat_strike,bank_tellers,True,84488.0,1,84.0,84.0,0.10862299071972564,0.007802128660203028,0.024045150574046343,0.9114127512463424
flash_mob-wildcat_strike,baseline,True,80548.0,1,75.33333333333333,75.33333333333333,0.08377205640236629,0.014975163304633138,0.024079416916134286,0.8737637555752109
flash_mob-wildcat_strike,managers,True,83144.0,1,70.33333333333333,70.33333333333333,0.09509491028225436,0.01003875416214102,0.02249041856853551,0.8969226217233881
flash_mob-wildcat_strike,students,False,,1,87.0,87.0,0.08112401317331279,0.009912334749020526,0.02662174815071081,0.8869833644126628
long_rides,bank_tellers_drivers,True,83553.0,1,105.33333333333333,105.33333333333333,0.015028891805564631,0.019861813485481508,0.05304883521994478,0.7997592171908902
long_rides,drivers,True,85646.0,1,103.66666666666667,103.66666666666667,-0.003725594159570448,0.021142800660147596,0.04990202231564732,0.7694582118760245
long_rides,managers_drivers,True,85681.0,1,84.33333333333333,84.33333333333333,0.00910690780311431,0.02915447752165748,0.04828614500766434,0.7879138681574744
long_rides,students_drivers,True,85432.0,1,101.33333333333333,101.33333333333333,-0.004856326629428874,0.021867373489611763,0.04928983410865615,0.7800024252261472
long_rides,bank_tellers,False,,1,70.33333333333333,70.33333333333333,0.014942427791594085,0.007449265502617162,0.04085927345282559,0.8687521778524054
long_rides,baseline,False,,2,43.333333333333336,29.666666666666668,0.02371111117036727,0.009156023351118585,0.030715525608486335,0.8296249751483566
long_rides,managers,False,,2,45.666666666666664,35.666666666666664,0.015701635899325758,0.010232170863563171,0.033718041251512496,0.8614439259604222
long_rides,students,False,,2,43.333333333333336,32.333333333333336,0.011956674125634602,0.011435128587297078,0.03325793312452448,0.840068981681322
normal,bank_tellers_drivers,False,,1,9.333333333333334,0.0,0.048514705737207266,0.008200198618681237,0.0034116142867071514,0.8769997708124754
normal,drivers,False,,0,0.0,0.0,,,,
normal,managers_drivers,False,,1,21.666666666666668,0.0,0.005142293512973295,0.009967807923796743,0.030140095558681256,0.8533203945186922
normal,students_drivers,False,,0,0.0,0.0,,,,
normal,bank_tellers,False,,0,0.0,0.0,,,,
normal,baseline,False,,1,10.333333333333334,0.0,0.06837034328347251,0.04777854222564757,-0.005777089849436266,0.7437613503213288
normal,managers,False,,0,0.0,0.0,,,,
normal,students,False,,0,0.0,0.0,,,,
underground_alarm,bank_tellers_drivers,True,82717.0,1,110.33333333333333,110.33333333333333,0.14361762604834596,0.04167357755747386,0.03319210706360553,0.8293085421110111
underground_alarm,drivers,True,82956.0,1,81.0,81.0,0.12738303412084642,0.059592164140063277,0.072174525998432,0.7881017637874728
underground_alarm,managers_drivers,True,82863.0,1,84.33333333333333,84.33333333333333,0.11690715816813446,0.04762889797642229,0.048231331403950355,0.8139508222158858
underground_alarm,students_drivers,True,82786.0,1,104.33333333333333,104.33333333333333,0.13149342322722887,0.04858514359446139,0.05784031982633416,0.8142276502573473
underground_alarm,bank_tellers,True,82665.0,1,108.0,108.0,0.1532529831763277,0.025977072933579554,0.03543889950997541,0.8713886952382996
underground_alarm,baseline,False,,1,83.66666666666667,83.66666666666667,0.04986834145823763,0.015381741791038928,0.042381376965413185,0.8589464447047098
underground_alarm,managers,True,82807.0,1,93.33333333333333,93.33333333333333,0.12826514384937526,0.030217003940712476,0.06010479192797613,0.8670449811075068
underground_alarm,students,True,82932.0,1,120.0,120.0,0.09303607432083871,0.026748135624704416,0.06982823844932902,0.8527560155014443
underground_alarm-flash_mob,bank_tellers_drivers,True,82631.0,1,180.0,180.0,0.1706389362369369,0.0554443832938839,0.05652262009348245,0.8152983661886509
underground_alarm-flash_mob,drivers,True,82622.0,1,121.0,121.0,0.14992324351563227,0.06881039317118638,0.044839569214184895,0.7766656466773095
underground_alarm-flash_mob,managers_drivers,True,82753.0,1,121.33333333333333,121.33333333333333,0.18094661609648457,0.06357576568886432,0.038235960441346355,0.8006366783655641
underground_alarm-flash_mob,students_drivers,True,82680.0,1,142.66666666666666,142.66666666666666,0.152896967388486,0.07192384078916335,0.049665142611234024,0.7727028631686405
underground_alarm-flash_mob,bank_tellers,True,82636.0,1,126.66666666666667,126.66666666666667,0.19077951988742206,0.042249199992999455,0.03703315028877132,0.8560428875205349
underground_alarm-flash_mob,baseline,True,82530.0,1,136.66666666666666,136.66666666666666,0.13178624078444667,0.051300341414293495,0.051836389139226315,0.8077841995106532
underground_alarm-flash_mob,managers,True,82554.0,1,123.33333333333333,123.33333333333333,0.17519033325574715,0.05173999251537148,0.04043461246251068,0.8250364241989621
underground_alarm-flash_mob,students,True,82708.0,1,144.0,144.0,0.15763355347147767,0.046802761753144344,0.04485307326625617,0.8242631936851824
underground_alarm-long_rides,bank_tellers_drivers,True,82823.0,1,140.0,140.0,0.12760317778463323,0.06871770891816266,0.049417445665452975,0.7624078143035616
underground_alarm-long_rides,drivers,True,83009.0,1,133.0,133.0,0.08188574499019464,0.07874748224918306,0.06787902632667925,0.7157591342377545
underground_alarm-long_rides,managers_drivers,True,82719.0,1,137.0,137.0,0.11549453082882176,0.059835550942218964,0.04327597514891083,0.77723090678314
underground_alarm-long_rides,students_drivers,True,82754.0,1,131.66666666666666,131.66666666666666,0.09712306541972543,0.07080650065997779,0.05360580252174576,0.7345102107632075
underground_alarm-long_rides,bank_tellers,True,82739.0,1,116.33333333333333,116.33333333333333,0.1330206150745512,0.03929126779086885,0.044685583705059394,0.8374547951195869
underground_alarm-long_rides,baseline,True,83041.0,1,131.66666666666666,131.66666666666666,0.08994592069198613,0.058519152712377565,0.07249870687147153,0.7709746900171467
underground_alarm-long_rides,managers,True,82679.0,1,133.0,133.0,0.10785250938333059,0.0433846823709586,0.054965592779894955,0.817349507363176
underground_alarm-long_rides,students,True,82783.0,1,121.33333333333333,121.33333333333333,0.06885565807372417,0.06336686000829737,0.07618409169454592,0.7529964997223817
underground_alarm-wildcat_strike,bank_tellers_drivers,True,82825.0,1,113.0,113.0,0.16031537327726805,0.054633058089743475,0.04806651189909624,0.808839730612332
underground_alarm-wildcat_strike,drivers,True,83063.0,1,96.66666666666667,96.66666666666667,0.09768235045264595,0.08039020425167526,0.06655343955446251,0.7200845778678873
underground_alarm-wildcat_strike,managers_drivers,True,82923.0,1,103.0,103.0,0.10549549989007323,0.07858368916453146,0.06582668992528834,0.735369562843528
underground_alarm-wildcat_strike,students_drivers,True,82952.0,1,96.33333333333333,96.33333333333333,0.10742511460640573,0.08514942057508729,0.06816279330575178,0.7191708284539018
underground_alarm-wildcat_strike,bank_tellers,True,82776.0,1,100.0,100.0,0.14022496847573038,0.04909729536894906,0.05747628395519638,0.8226771547201488
underground_alarm-wildcat_strike,baseline,True,83511.0,1,88.66666666666667,88.66666666666667,0.08278474060869633,0.07714769671211226,0.07717703707155975,0.7231443565220749
underground_alarm-wildcat_strike,managers,True,82989.0,1,104.33333333333333,104.33333333333333,0.13468028933872567,0.06377752339838155,0.05177671293727739,0.7844308684381999
underground_alarm-wildcat_strike,students,True,83119.0,1,78.0,78.0,0.09708191715049991,0.0726155336458289,0.0716076830789008,0.7478386463989338
wildcat_strike,bank_tellers_drivers,False,,1,36.0,36.0,0.02743408169631715,0.00933225414696997,0.030382755464686377,0.8831925062791508
wildcat_strike,drivers,False,,0,0.0,0.0,,,,
wildcat_strike,managers_drivers,False,,1,13.666666666666666,0.0,0.0319717541847175,0.0036437801478227485,0.02417372133250464,0.9033646409443347
wildcat_strike,students_drivers,False,,1,12.0,0.0,0.02298271174892437,0.0021298218750244874,0.02658410608800893,0.8962776921908565
wildcat_strike,bank_tellers,False,,1,43.333333333333336,43.333333333333336,0.04011422268849872,0.002478140819672972,0.022196936909206627,0.9166596005518223
wildcat_strike,baseline,False,,0,0.0,0.0,,,,
wildcat_strike,managers,False,,1,8.0,0.0,0.002056598141553493,-0.0010036728161952936,0.022768118142975132,0.9213943410958986
wildcat_strike,students,False,,1,8.0,0.0,0.03035045460940154,-0.003470486278909659,0.02610062666999295,0.9327042468762753
wildcat_strike-boycott_tncs,bank_tellers_drivers,True,80492.0,1,19.333333333333332,19.333333333333332,-0.007015733541172288,0.008211300931284896,0.16052550948896727,0.8719252190847127
wildcat_strike-boycott_tncs,drivers,False,,1,12.333333333333334,12.333333333333334,-0.023087768024436035,0.0034467134350745724,0.15918967215033222,0.871038302759811
wildcat_strike-boycott_tncs,managers_drivers,False,,1,14.666666666666666,14.666666666666666,-0.012122206972534641,0.0022024975839633246,0.14937718742349634,0.8755667574899616
wildcat_strike-boycott_tncs,students_drivers,False,,1,14.333333333333334,14.333333333333334,-0.008196425901112922,0.0030195946362153495,0.1607269107094982,0.8775585349095328
wildcat_strike-boycott_tncs,bank_tellers,True,80144.0,1,11.0,11.0,-0.00449865877250936,0.0033581645413486203,0.14385783573341812,0.8812371499016247
wildcat_strike-boycott_tncs,baseline,False,,1,13.666666666666666,13.666666666666666,0.004395691047835627,0.014764693269368726,0.15224699753699167,0.8423337472731095
wildcat_strike-boycott_tncs,managers,True,80031.0,1,15.0,15.0,0.002103821550942672,0.006077677482979604,0.15706148909759346,0.8882047164910796
wildcat_strike-boycott_tncs,students,True,80054.0,1,15.0,15.0,-0.01755791847735524,0.003196491602426505,0.15501164503725387,0.8728359815824129
wildcat_strike-long_rides,bank_tellers_drivers,True,88071.0,1,127.33333333333333,127.33333333333333,0.039060561717716644,0.026756107054755906,0.04860115574949664,0.8063413039162641
wildcat_strike-long_rides,drivers,False,,1,110.0,110.0,-0.0012872965149201322,0.033943990678425316,0.05180270377051791,0.7339642483214032
wildcat_strike-long_rides,managers_drivers,False,,2,133.0,124.33333333333333,0.04550651206260737,0.025367168092912656,0.04215102216503984,0.8254700231234408
wildcat_strike-long_rides,students_drivers,True,85529.0,1,104.66666666666667,104.66666666666667,0.007340119556390953,0.040232611985366096,0.049984157321132504,0.7447030400868935
wildcat_strike-long_rides,bank_tellers,False,,1,86.0,86.0,0.037406725767973735,0.02277050921199861,0.044287736730736826,0.8407834385552084
wildcat_strike-long_rides,baseline,False,,1,92.66666666666667,92.66666666666667,-0.01221047968704336,0.025810083739023496,0.04929984629243343,0.7758698505262633
wildcat_strike-long_rides,managers,False,,1,100.0,100.0,0.024271616219009463,0.016377204396780826,0.04036103543175131,0.8439799731360386
wildcat_strike-long_rides,students,False,,1,84.66666666666667,84.66666666666667,0.008097925108366044,0.019179710760653834,0.04345810569335645,0.8263939993642926
