scenario,personality,failure,failure_timestamp,fr_mean,fr_mean_event,fr_p99,fr_peak,minutes_above_threshold,n_spikes,spike_minutes,spike_minutes_in_event,spike_start,spike_end,spike_duration_min,spike_peak,spike_mean,position,d_not_served,d_cancel,d_demand,share_not_served,share_cancel,dominant_driver,failure_mode,not_served_pre,not_served_spike,cancel_pre,cancel_spike,ns_pre,ns_in,ca_pre,ca_in,base_failure,base_failure_timestamp,base_fr_mean_event,base_fr_peak,base_minutes_above_threshold,d_fr_mean_event,d_fr_peak,d_minutes_above_threshold,outcome,shift_min
boycott_tncs,bank_tellers_drivers,True,79953.0,0.08380993737210266,0.13604707086144013,0.21261000334868865,0.32442984459886465,11.333333333333334,1,11.0,11.0,79480.0,80140.0,11.0,0.32442984459886465,0.2781631133600188,during,-0.0037474527186098553,0.0033018097386389813,0.14509005868049696,0.8741691777191066,0.12583082228089337,demand,demand-driven,0.3559172222222222,0.34872588235294116,0.04386061111111111,0.05019676470588236,0.3450653333333333,0.16222834254143645,0.042527499999999996,0.03598513812154697,True,80037.0,0.12593134162276237,0.31460909376070095,9.333333333333334,0.010115729238677762,0.009820750838163694,2.0,still fails,-1.4
boycott_tncs,drivers,False,,0.08545168573672049,0.12227940489304706,0.20091746011412406,0.32658992487281613,10.333333333333334,1,10.0,10.0,79540.0,80140.0,10.0,0.32658992487281613,0.2770684884082472,during,-0.026020141507032968,0.0002507200435068191,0.1564347579517434,0.8827277412217097,0.11727225877829028,demand,demand-driven,0.38757400000000003,0.33871032258064526,0.044527555555555556,0.0449983870967742,0.3766387777777778,0.14850812154696136,0.04366649999999999,0.03202530386740332,True,79821.0,0.13716134278451025,0.347383496103222,12.666666666666666,-0.014881937891463193,-0.020793571230405872,-2.333333333333332,prevented,
boycott_tncs-long_rides,bank_tellers_drivers,True,86604.0,0.0905377525273661,0.13723042131345375,0.26164466324942875,0.337666366152024,38.0,2,48.666666666666664,19.0,85920.0,88180.0,37.666666666666664,0.28245363092624853,0.2374677301440593,during,0.08956939089170579,0.029916503090655255,-0.006183189254929884,0.7954721113802027,0.20452788861979732,not_served,not-served dominated,0.21679583333333335,0.40599368421052623,0.04119433333333334,0.10438710526315792,0.35093477777777776,0.21575722991689752,0.03836166666666666,0.04277459833795014,True,86461.0,0.1360931167984383,0.32658992487281613,41.0,0.0011373045150154526,0.011076441279207871,-3.0,still fails,2.3833333333333333
boycott_tncs-long_rides,managers_drivers,False,,0.09124710969274082,0.13673232101662544,0.25849917564305996,0.30492840123582904,54.666666666666664,2,56.666666666666664,27.333333333333332,85240.0,88160.0,48.666666666666664,0.27078518518518524,0.24196547056181714,during,0.12571238663473316,0.04065809141048352,-0.03027158791753562,0.7939551565889952,0.20604484341100482,not_served,not-served dominated,0.16800944444444446,0.42054448979591835,0.02746316666666667,0.10913843537414966,0.35464772222222224,0.21403529085872575,0.033444,0.0466115512465374,True,86617.0,0.13724648098881367,0.3230950693161932,31.666666666666668,-0.0005141599721882328,-0.018166668080364157,22.999999999999996,prevented,
boycott_tncs-long_rides,students_drivers,True,80021.0,0.09051392279555588,0.1366642461062753,0.24429242444729848,0.3605089021267975,30.0,2,36.666666666666664,21.333333333333336,79400.0,80200.0,13.333333333333334,0.3605089021267975,0.289851681049421,during,0.0006424034316775268,0.007316532929123168,0.14584099811458306,0.8750015461060057,0.12499845389399433,demand,demand-driven,0.3783326666666666,0.37959317073170734,0.039870555555555555,0.05422682926829267,0.3688975555555555,0.2071560110803324,0.03855583333333333,0.04516606648199446,True,79878.0,0.12739088310686103,0.36150163905687277,29.333333333333332,0.00927336299941428,-0.0009927369300752886,0.6666666666666679,still fails,2.3833333333333333
flash_mob,bank_tellers_drivers,True,82475.0,0.0929614170705282,0.23464081457370792,0.2868088554792859,0.34406106938251163,70.0,1,70.66666666666667,16.333333333333332,80020.0,84260.0,70.66666666666667,0.34406106938251163,0.27327157995959617,during,0.08980904639235442,0.012797085601886105,0.0204052129401413,0.8872135423081288,0.11278645769187123,not_served,not-served dominated,0.40074961111111107,0.6544210798122067,0.04704666666666666,0.08319286384976528,0.37295338888888885,0.6195601098901099,0.04447249999999999,0.05351681318681321,True,82178.0,0.25374831554247906,0.34059165154264975,86.33333333333333,-0.019107500968771146,0.003469417839861877,-16.33333333333333,still fails,4.95
flash_mob-boycott_tncs,managers_drivers,False,,0.09132635478595988,0.2678922991462536,0.3919023262405299,0.4811238739697626,34.333333333333336,1,34.0,34.0,79420.0,81460.0,34.0,0.4811238739697626,0.371981531404756,during,0.015167704970459004,0.017239880759777348,0.19114850994888358,0.8517805268011419,0.1482194731988581,demand,demand-driven,0.392546,0.42040446601941756,0.041490722222222214,0.07315514563106797,0.3825552222222222,0.31421740331491715,0.04038883333333334,0.05273447513812155,True,81430.0,0.2623709949806378,0.4417949657869726,33.333333333333336,0.0055213041656158035,0.03932890818279,1.0,prevented,
flash_mob-boycott_tncs,managers,True,79683.0,0.08966719893437043,0.23908318228206335,0.3303943339162054,0.4038807542816939,33.333333333333336,1,33.333333333333336,33.333333333333336,79440.0,81440.0,33.333333333333336,0.4038807542816939,0.32150045982994335,during,-0.0027168247390215125,0.0055221550739963975,0.17661449529240122,0.8836440671678473,0.11635593283215273,demand,demand-driven,0.38231499999999996,0.37734366336633657,0.039583,0.04968762376237623,0.3743333333333333,0.29274408839779004,0.03808283333333332,0.03675955801104972,True,79514.0,0.2612264372243235,0.48377204339177793,33.666666666666664,-0.022143254942260132,-0.07989128911008403,-0.3333333333333286,still fails,2.816666666666667
flash_mob-boycott_tncs,students,False,,0.08648424674949313,0.2266541338231582,0.3393309675116413,0.3817181148851009,33.0,1,32.666666666666664,32.666666666666664,79440.0,81400.0,32.666666666666664,0.3817181148851009,0.32728634404465756,during,0.00896727172320306,0.006397490240899468,0.1744644002518916,0.884083684242224,0.11591631575777595,demand,demand-driven,0.3676202222222222,0.38404050505050513,0.03863866666666667,0.05035333333333332,0.36059261111111107,0.27750491712707187,0.03599983333333333,0.036223977900552484,True,80429.0,0.22556475207230292,0.4400335093945268,32.333333333333336,0.0010893817508552672,-0.05831539450942591,0.6666666666666643,prevented,
flash_mob-long_rides,bank_tellers_drivers,True,82371.0,0.10306633571965693,0.2759814199157757,0.3248092676219723,0.36489670071978375,141.66666666666666,1,141.66666666666666,107.33333333333333,79960.0,88460.0,141.66666666666666,0.36489670071978375,0.28075260088836657,during,0.06733585031458421,0.026555373073138575,0.039477445327411494,0.8393828556421626,0.16061714435783736,not_served,not-served dominated,0.40059238888888893,0.5819128638497653,0.03984216666666666,0.11134988262910797,0.37675905555555556,0.6121928531855956,0.037721833333333336,0.10297346260387813,True,81949.0,0.2813204730519594,0.3532813939705927,131.66666666666666,-0.0053390531361837135,0.011615306749191034,10.0,still fails,7.033333333333333
flash_mob-long_rides,managers_drivers,False,,0.10441421209631445,0.2871562389078229,0.3355432172807235,0.35516106026895333,143.33333333333334,1,143.0,106.33333333333333,80020.0,88600.0,143.0,0.35516106026895333,0.2903760870202107,during,0.0631772432425765,0.028477203066966925,0.04181062150031936,0.816569081105698,0.18343091889430196,not_served,not-served dominated,0.41080594444444446,0.5804379069767442,0.05392555555555557,0.13038732558139537,0.3734816666666667,0.6181486703601108,0.05136049999999999,0.12260811634349031,True,82616.0,0.29305880982288524,0.37050715993079986,137.0,-0.005902570915062355,-0.015346099661846524,6.333333333333343,prevented,
flash_mob-long_rides,bank_tellers,True,82525.0,0.10252108752000576,0.27231622311287956,0.3229332700858856,0.3538026315789474,118.0,1,118.66666666666667,104.66666666666667,80120.0,87240.0,118.66666666666667,0.3538026315789474,0.2824571786546631,during,0.08095008386445174,0.018210021707841962,0.034576480671096164,0.8664881649035041,0.1335118350964959,not_served,not-served dominated,0.3944812222222223,0.6146965826330533,0.04517655555555555,0.09471481792717089,0.35657400000000006,0.61267324099723,0.04258366666666666,0.09001803324099723,True,82443.0,0.28003102013506737,0.3555404536154408,127.33333333333333,-0.007714797022187803,-0.0017378220364933639,-9.333333333333329,still fails,1.3666666666666667
flash_mob-wildcat_strike,bank_tellers_drivers,True,80256.0,0.09441062287394883,0.2670739878434842,0.31880071220496947,0.3438027933576842,76.33333333333333,1,76.0,45.333333333333336,80080.0,84640.0,76.0,0.3438027933576842,0.2961116317540563,during,0.11531398458725173,0.0138750701001224,0.024558884781287274,0.8949091979397271,0.10509080206027288,not_served,not-served dominated,0.37854611111111114,0.7018266375545852,0.04351827777777777,0.08241676855895197,0.33240699999999995,0.6887106629834254,0.04002766666666667,0.06535911602209944,True,81908.0,0.27194310033319924,0.35639882866034456,86.33333333333333,-0.004869112489715055,-0.012596035302660347,-10.0,still fails,-27.533333333333335
flash_mob-wildcat_strike,bank_tellers,False,,0.09214203684141312,0.2622414865804024,0.3115919118557361,0.32844688644688647,79.0,1,78.66666666666667,48.333333333333336,79900.0,84620.0,78.66666666666667,0.32844688644688647,0.2863910370926255,during,0.1084610750826022,0.009433217870451954,0.023121669418126656,0.9071338558880979,0.09286614411190208,not_served,not-served dominated,0.3857681666666666,0.6905065400843883,0.04418522222222222,0.07068932489451477,0.3569441666666667,0.6744937569060774,0.039555666666666656,0.06641872928176797,True,84488.0,0.26394637737105914,0.3626817155756208,82.33333333333333,-0.0017048907906567212,-0.03423482912873432,-3.3333333333333286,prevented,
flash_mob-wildcat_strike,baseline,True,80490.0,0.09287824422138823,0.2421838066069287,0.30052050159338184,0.33031674208144796,86.66666666666667,1,86.66666666666667,46.333333333333336,80020.0,85220.0,86.66666666666667,0.33031674208144796,0.2705305855290433,during,0.08238244132638514,0.013172012411879616,0.025899299610950475,0.8850874838543797,0.11491251614562026,not_served,not-served dominated,0.3952222777777778,0.6246430651340996,0.04441677777777778,0.08109854406130268,0.3628797222222222,0.6122476795580111,0.04049983333333333,0.07186950276243095,True,80548.0,0.25519705368197765,0.3410301953818828,75.0,-0.013013247075048945,-0.010713453300434828,11.666666666666671,still fails,-0.9666666666666667
flash_mob-wildcat_strike,managers,False,,0.09131750393792791,0.261110842176939,0.32645332326065407,0.35125516341498275,77.0,1,76.66666666666667,45.333333333333336,80080.0,84680.0,76.66666666666667,0.35125516341498275,0.29059507493164954,during,0.11167619006416128,0.010179531381756998,0.024521415012803322,0.9056892747120675,0.0943107252879325,not_served,not-served dominated,0.38158311111111115,0.6944661471861472,0.043795777777777774,0.07231575757575757,0.33558283333333333,0.6731771270718232,0.041221999999999995,0.06380265193370166,True,83144.0,0.2476615701773901,0.3324490259986356,70.33333333333333,0.013449271999548873,0.018806137416347124,6.666666666666671,prevented,
long_rides,bank_tellers_drivers,False,,0.0982508640604081,0.22353337371427584,0.27970421396411016,0.30802818690246264,93.0,1,92.66666666666667,56.666666666666664,83000.0,88560.0,92.66666666666667,0.30802818690246264,0.26523978912916807,during,0.00655000022946034,0.02385428890750703,0.05002674395158959,0.7905820764500594,0.2094179235499406,demand,demand-driven,0.45730511111111105,0.47376362007168454,0.06555577777777777,0.12549562724014338,0.3648053333333332,0.4807152631578947,0.03958333333333333,0.09145451523545706,True,83553.0,0.2355477103023211,0.33457903722324545,105.0,-0.012014336588045266,-0.026550850320782804,-12.0,prevented,
long_rides,drivers,False,,0.09631387349920242,0.2102108522998735,0.27285865346700744,0.30915035589388973,95.0,1,96.33333333333333,55.0,83100.0,88880.0,96.33333333333333,0.30915035589388973,0.2572287043683563,during,0.013736956476295054,0.021744969969356834,0.04893441583968087,0.7749176474396304,0.22508235256036957,demand,demand-driven,0.41149122222222223,0.44578727586206895,0.07519416666666667,0.12948324137931033,0.372083,0.4380380886426593,0.04352833333333333,0.09994936288088643,True,85646.0,0.21756882325154991,0.2923002645120557,99.66666666666667,-0.0073579709516764236,0.01685009138183402,-4.666666666666671,prevented,
long_rides,managers_drivers,False,,0.10114740633359336,0.2304690500448371,0.2938443741619966,0.3120553191489362,97.33333333333333,1,97.0,60.333333333333336,82780.0,88600.0,97.0,0.3120553191489362,0.26993068502443895,during,0.01379593698145476,0.02387855037004226,0.049897351825011295,0.7925577622412248,0.20744223775877524,demand,demand-driven,0.45191672222222223,0.4867807534246575,0.06706483333333332,0.1274088698630137,0.3790000555555555,0.4890026592797784,0.04611166666666666,0.09990770083102495,True,85681.0,0.22213376209171218,0.3150534941841339,84.0,0.008335287953124909,-0.0029981750351977254,13.333333333333329,prevented,
long_rides,students_drivers,False,,0.0979164888067472,0.20810602885437174,0.2660406507854256,0.29008216515344604,95.66666666666667,1,105.0,59.333333333333336,82840.0,89140.0,105.0,0.29008216515344604,0.24531592981590325,during,0.0004563347591037825,0.02337004483815497,0.04821715988359587,0.7850579477942443,0.21494205220575568,demand,demand-driven,0.4317499444444444,0.43289541139240506,0.05986077777777777,0.11852300632911392,0.3928427777777778,0.44532767313019384,0.040722999999999995,0.08852249307479225,True,85432.0,0.21909304486173678,0.31546004938725536,98.33333333333333,-0.010987016007365041,-0.025377884233809322,-2.666666666666657,prevented,
underground_alarm,bank_tellers_drivers,True,82773.0,0.10647750467142587,0.21017952713601473,0.6476995630375526,0.7244119175546423,105.33333333333333,1,108.0,18.666666666666668,80780.0,87260.0,108.0,0.7244119175546423,0.4003341378014051,during,0.13139971931613534,0.045153021582637724,0.05448266393211735,0.8183348724589606,0.18166512754103936,not_served,not-served dominated,0.4706849444444445,0.8601078461538461,0.05712066666666667,0.19093846153846153,0.36437972222222226,0.7092767647058824,0.04633333333333333,0.08334669117647059,True,82717.0,0.20920931414100224,0.6180734430416283,100.66666666666667,0.0009702129950124871,0.10633847451301404,4.666666666666657,still fails,0.9333333333333333
underground_alarm,drivers,True,82988.0,0.10467822359895812,0.17814753949350742,0.5676777949803871,0.6996430107526882,94.33333333333333,1,94.33333333333333,7.333333333333333,81460.0,87120.0,94.33333333333333,0.6996430107526882,0.39804410196414386,during,0.10395223367027688,0.051287713397680144,0.07932164761289799,0.7918983053306737,0.20810169466932626,not_served,not-served dominated,0.4930463333333334,0.7994372887323944,0.05891638888888889,0.21008285211267605,0.35190799999999994,0.5884682352941176,0.036277333333333335,0.08363926470588236,True,82956.0,0.17685798578696788,0.6731182795698925,81.0,0.001289553706539548,0.026524731182795747,13.333333333333329,still fails,0.5333333333333333
underground_alarm,managers_drivers,True,83051.0,0.1001493798974579,0.18525172450940605,0.5401196708514817,0.6322580645161291,85.0,1,82.66666666666667,14.333333333333334,81040.0,86000.0,82.66666666666667,0.6322580645161291,0.4046694448542794,during,0.1457517894528387,0.04298571814535438,0.05216728308233957,0.8308398795458066,0.16916012045419337,not_served,not-served dominated,0.451787,0.8934804016064258,0.05164777777777778,0.1819138152610442,0.36108327777777777,0.63632375,0.045027833333333336,0.06327132352941175,True,82863.0,0.200938536776813,0.6037896632041706,84.0,-0.015686812267406952,0.02846840131195849,1.0,still fails,3.1333333333333333
underground_alarm,students_drivers,True,82092.0,0.10773808919739378,0.21448315194121925,0.5807149125641552,0.6547254230294799,112.33333333333333,1,113.66666666666667,19.333333333333332,80740.0,87560.0,113.66666666666667,0.6547254230294799,0.3847938685249853,during,0.11634936609536735,0.04709053089159351,0.05465314416213816,0.8044881902302766,0.19551180976972338,not_served,not-served dominated,0.4670002222222222,0.8094834502923977,0.05811122222222221,0.19672578947368421,0.34718522222222215,0.7201107352941177,0.044028,0.0883089705882353,True,82786.0,0.19168206766293375,0.6659387308533916,102.0,0.022801084278285505,-0.011213307823911722,10.333333333333329,still fails,-11.566666666666666
underground_alarm,bank_tellers,True,82819.0,0.10246512413873582,0.2165899050778247,0.5358507672826822,0.6033021568180156,106.33333333333333,1,106.66666666666667,20.333333333333332,80680.0,87080.0,106.66666666666667,0.6033021568180156,0.3696538317059047,during,0.13360940458161824,0.02395458633258218,0.046328692788543124,0.8792423476807222,0.12075765231927782,not_served,not-served dominated,0.4740648888888889,0.8717964797507789,0.048426444444444446,0.11973501557632397,0.3768703333333333,0.743039044117647,0.03905549999999999,0.07578492647058822,True,82665.0,0.20816569636124474,0.6637505470459518,98.0,0.00842420871657995,-0.060448390227936244,8.333333333333329,still fails,2.566666666666667
underground_alarm,managers,True,83022.0,0.0981342315375019,0.17722948717470358,0.4820941847337678,0.5299478132977901,76.66666666666667,1,76.33333333333333,9.666666666666666,81320.0,85900.0,76.33333333333333,0.5299478132977901,0.37642488271966573,during,0.1263988343921996,0.029733272847825547,0.06034776200124794,0.8608121237373754,0.13918787626262463,not_served,not-served dominated,0.47260183333333333,0.8542244782608696,0.04835216666666666,0.13812269565217392,0.3518237777777778,0.6082110294117647,0.034861,0.06132389705882354,True,82807.0,0.19521784049136331,0.6627732303258838,92.33333333333333,-0.01798835331665974,-0.1328254170280937,-15.666666666666657,still fails,3.5833333333333335
underground_alarm,students,True,83050.0,0.09671249349241125,0.17830916671990307,0.49368355464771524,0.5448000000000001,69.66666666666667,1,69.33333333333333,6.0,81540.0,85700.0,69.33333333333333,0.5448000000000001,0.38377932400138687,during,0.11134912357279486,0.034930980623174505,0.06924340130385949,0.8370263523304677,0.16297364766953226,not_served,not-served dominated,0.5004259999999999,0.8362517224880383,0.057471999999999995,0.16282282296650716,0.34792605555555556,0.6018257352941178,0.037611500000000006,0.06904367647058823,True,82932.0,0.17886291841852833,0.6007322638427209,111.66666666666667,-0.00055375169862526,-0.055932263842720875,-42.0,still fails,1.9666666666666666
underground_alarm-flash_mob,bank_tellers_drivers,True,82733.0,0.11574654959178172,0.24787985757544703,0.7226464638883046,0.8082961373390557,135.33333333333334,1,136.0,27.666666666666668,80240.0,88400.0,136.0,0.8082961373390557,0.44185552964031205,during,0.18103305732230804,0.05999891438592991,0.04540802325543031,0.8159908206398065,0.18400917936019345,not_served,not-served dominated,0.42250938888888895,0.9486672371638142,0.03954627777777777,0.21392823960880192,0.3660093333333333,0.8449874999999999,0.03347200000000001,0.09584529411764704,True,82631.0,0.2651092552508693,0.9102844638949672,179.33333333333334,-0.01722939767542228,-0.1019883265559115,-44.0,still fails,1.7
underground_alarm-flash_mob,drivers,True,82035.0,0.11077909927455613,0.2122152007424838,0.7434203671232181,0.8339324752075523,115.66666666666667,1,115.66666666666667,18.666666666666668,80780.0,87720.0,115.66666666666667,0.8339324752075523,0.4471893715077521,during,0.14053693958376293,0.0789977175725512,0.062462790367463106,0.7574539249790904,0.24254607502090964,not_served,not-served dominated,0.46173088888888886,0.8741663218390805,0.048083277777777766,0.2799188218390805,0.3605276111111111,0.7210661764705882,0.04097216666666667,0.08042955882352942,True,82622.0,0.22212642671437083,0.7277327586206898,121.0,-0.009911225971887039,0.10619971658686256,-5.333333333333329,still fails,-9.783333333333333
underground_alarm-flash_mob,managers_drivers,True,82671.0,0.11119134356489235,0.24419460836715945,0.6798091596210359,0.7861244635193132,123.33333333333333,1,123.0,27.666666666666668,80240.0,87620.0,123.0,0.7861244635193132,0.43149210337086685,during,0.17009082520702315,0.0674369384943528,0.03876370576036455,0.7900956938964346,0.20990430610356536,not_served,not-served dominated,0.4118427222222222,0.9118556756756758,0.044009055555555565,0.2422522162162162,0.35022266666666674,0.8290558823529413,0.04036116666666666,0.09799007352941178,True,82753.0,0.24599656416594182,0.7755238587634197,121.33333333333333,-0.0018019557987823676,0.010600604755893528,2.0,still fails,-1.3666666666666667
underground_alarm-flash_mob,students_drivers,True,81210.0,0.11443576533526545,0.23357630377661331,0.6974474435530149,0.8277329124618835,137.66666666666666,1,141.0,28.666666666666668,80180.0,88640.0,141.0,0.8277329124618835,0.42976237488299907,during,0.15583764142799506,0.07324295473623577,0.043791124609853106,0.7746572698145242,0.2253427301854758,not_served,not-served dominated,0.4164724444444445,0.8679601886792453,0.04028683333333333,0.25248393867924523,0.36042594444444437,0.7897427941176471,0.03777783333333334,0.09527000000000001,True,82680.0,0.23233407340210893,0.7858187927913066,142.66666666666666,0.0012422303745043828,0.0419141196705769,-5.0,still fails,-24.5
underground_alarm-flash_mob,bank_tellers,True,82100.0,0.1131759630789547,0.24464111646837725,0.7070916418191644,0.7972128261842144,126.66666666666667,1,126.33333333333333,26.666666666666668,80300.0,87880.0,126.33333333333333,0.7972128261842144,0.4401113669292756,during,0.18703793766156632,0.0444035042697618,0.0442555706931082,0.8508861328475814,0.1491138671524186,not_served,not-served dominated,0.4395187777777778,0.9873378157894738,0.04297211111111111,0.1730263947368421,0.3458613333333333,0.8500736764705883,0.039861,0.07586970588235294,True,82636.0,0.2531579346836246,0.7597695510413185,126.0,-0.00851681821524733,0.037443275142895915,0.6666666666666714,still fails,-8.933333333333334
underground_alarm-flash_mob,baseline,True,82067.0,0.11266756425920497,0.22145956326127084,0.6732625387117824,0.7823600867678958,130.33333333333334,1,130.0,22.666666666666668,80540.0,88340.0,130.0,0.7823600867678958,0.43459679800220535,during,0.15460344139121815,0.0590792622587142,0.05630307910919774,0.8022477106186046,0.19775228938139544,not_served,not-served dominated,0.4447770555555556,0.8946292838874679,0.04862022222222221,0.2205241432225064,0.35511983333333325,0.7612868382352941,0.04469416666666667,0.07545448529411765,True,82530.0,0.22517186081279722,0.723818829008363,136.66666666666666,-0.0037122975515263834,0.05854125775953278,-6.333333333333314,still fails,-7.716666666666667
underground_alarm-flash_mob,managers,True,82315.0,0.112455263683843,0.2413586430181974,0.6683357993033816,0.7700576360205788,127.33333333333333,1,127.0,27.666666666666668,80240.0,87860.0,127.0,0.7700576360205788,0.4215886333266578,during,0.18288018483276405,0.03980979193807333,0.04067432325740302,0.8507793662111771,0.1492206337888229,not_served,not-served dominated,0.4172777777777777,0.9526613089005235,0.05054644444444444,0.16709,0.34715755555555555,0.8379903676470588,0.04405583333333333,0.07661742647058822,True,82554.0,0.23928092237117,0.7634806088865692,123.33333333333333,0.002077720647027409,0.006577027134009539,4.0,still fails,-3.9833333333333334
underground_alarm-flash_mob,students,True,82620.0,0.11273745997620621,0.2269280333655195,0.6517312284076581,0.7918136513802564,126.66666666666667,1,128.66666666666666,25.333333333333332,80380.0,88100.0,128.66666666666666,0.7918136513802564,0.4119925515385377,during,0.14396517155099306,0.053979420123134704,0.047241127236271795,0.8042561340106053,0.19574386598939475,not_served,not-served dominated,0.4442128888888889,0.8644053488372092,0.05283305555555556,0.21038328165374676,0.36511122222222225,0.7611152205882351,0.04077766666666666,0.09779426470588236,True,82708.0,0.2460555120747175,0.768445918997927,142.66666666666666,-0.01912747870919798,0.023367732382329365,-15.999999999999986,still fails,-1.4666666666666666
underground_alarm-long_rides,bank_tellers_drivers,True,82833.0,0.11288998978866502,0.386179819989592,0.6450368380716238,0.7444039630382137,121.33333333333333,1,121.33333333333333,92.66666666666667,80840.0,88120.0,121.33333333333333,0.7444039630382137,0.41666509764016213,during,0.10598581500551178,0.07248285049587351,0.06514357599595931,0.7555291806226268,0.24447081937737325,not_served,not-served dominated,0.49146305555555553,0.8009816712328768,0.04750083333333333,0.2591781369863014,0.3741015,0.8275486426592796,0.0434445,0.2346403047091412,True,82823.0,0.3958383220531666,0.7532572406038214,140.0,-0.009658502063574603,-0.00885327756560772,-18.66666666666667,still fails,0.16666666666666666
underground_alarm-long_rides,drivers,True,83152.0,0.11036528104649242,0.3662886942765839,0.6242876497947116,0.7172522795308226,118.0,1,118.0,84.33333333333333,81340.0,88420.0,118.0,0.7172522795308226,0.40580481980026806,during,0.07646444095517758,0.08385482179395211,0.08394375563308325,0.7083075280526325,0.29169247194736747,demand,demand-driven,0.4907316111111111,0.7122347042253522,0.05039811111111111,0.29330974647887326,0.35132411111111106,0.7439614127423824,0.03827783333333334,0.2560386980609418,True,83009.0,0.37450887347276735,0.7355495151018568,133.0,-0.008220179196183452,-0.018297235571034243,-15.0,still fails,2.3833333333333333
underground_alarm-long_rides,managers_drivers,True,82144.0,0.10966620722278533,0.3653460223324066,0.5929957127326327,0.6875891221285221,119.33333333333333,1,120.0,93.66666666666667,80780.0,87980.0,120.0,0.6875891221285221,0.39105572120975496,during,0.10872691296906568,0.06506851535084912,0.05803526667797942,0.7594187428343496,0.24058125716565038,not_served,not-served dominated,0.4452966666666667,0.7636609695290858,0.051397444444444454,0.24192518005540167,0.3380183888888889,0.7843030193905818,0.036194,0.22590936288088642,True,82719.0,0.37110168115333264,0.708963440860215,133.0,-0.005755658820926046,-0.02137431873169293,-13.666666666666671,still fails,-9.583333333333334
underground_alarm-long_rides,students_drivers,True,83099.0,0.10777343568880902,0.34928767301961594,0.590629577074725,0.6872334106648647,115.0,1,116.0,86.66666666666667,81200.0,88160.0,116.0,0.6872334106648647,0.39222281808831927,during,0.08569118542561736,0.0763573261672361,0.07373363486582513,0.7265721986323221,0.27342780136767786,not_served,not-served dominated,0.4617971666666667,0.7112321776504298,0.045389499999999985,0.2676549570200573,0.3469911111111111,0.717405650969529,0.03736083333333333,0.23545246537396122,True,82754.0,0.3613652024874382,0.6763219749138668,131.66666666666666,-0.012077529467822257,0.010911435750997844,-16.666666666666657,still fails,5.75
underground_alarm-long_rides,bank_tellers,True,82832.0,0.10642254693746495,0.3498167648855643,0.5592834950993515,0.6205734823814905,106.66666666666667,1,106.33333333333333,89.0,81060.0,87440.0,106.33333333333333,0.6205734823814905,0.39451470360401775,during,0.12551074508842125,0.041636007519740635,0.06520746291904385,0.8285573057568979,0.1714426942431021,not_served,not-served dominated,0.47071344444444446,0.8408905625,0.051194833333333335,0.17399465625000002,0.3389074444444444,0.8174332409972298,0.0419725,0.1522204709141274,True,82739.0,0.34854739722022293,0.6204891774891774,116.33333333333333,0.0012693676653413588,8.430489231303628e-05,-9.666666666666657,still fails,1.55
underground_alarm-long_rides,baseline,True,83246.0,0.11061890678780882,0.3713813177756447,0.6159774334038246,0.7277912209294829,113.66666666666667,1,113.33333333333333,83.66666666666667,81380.0,88180.0,113.33333333333333,0.7277912209294829,0.4223600283000368,during,0.09283121412488866,0.07014719254842262,0.08745425755380049,0.7525605235391315,0.2474394764608685,not_served,not-served dominated,0.5141848333333333,0.783685102639296,0.05402733333333333,0.2576731378299121,0.38206477777777775,0.7839749307479225,0.04552783333333332,0.22381310249307476,True,83041.0,0.35583487280161324,0.6982672912695967,131.33333333333334,0.01554644497403146,0.02952392965988615,-17.66666666666667,still fails,3.4166666666666665
underground_alarm-long_rides,managers,True,82944.0,0.10885861440342408,0.3589093618445366,0.5864157690123746,0.6977053041471287,114.66666666666667,1,115.0,91.66666666666667,80900.0,87800.0,115.0,0.6977053041471287,0.3958983911136567,during,0.12235073722438328,0.05387935767154182,0.06129143571589738,0.8027288386218675,0.1972711613781325,not_served,not-served dominated,0.4524166111111111,0.8113632080924855,0.04132444444444444,0.199393063583815,0.3649352222222222,0.8035409695290858,0.0375555,0.18081725761772854,True,82679.0,0.3572310348463292,0.6740837414447358,123.0,0.0016783269982074134,0.023621562702392906,-8.333333333333329,still fails,4.416666666666667
underground_alarm-long_rides,students,True,83305.0,0.10644463582937516,0.33204783209697086,0.5280140848079892,0.591138540187934,112.33333333333333,1,112.0,84.66666666666667,81320.0,88040.0,112.0,0.591138540187934,0.3728229850880479,during,0.0817815548680132,0.053853375739486016,0.0768243819070773,0.7735230712649601,0.22647692873503988,not_served,not-served dominated,0.4839996111111111,0.7220278041543027,0.0546576111111111,0.21139982195845694,0.3618330555555556,0.7274560110803324,0.049971999999999996,0.18813961218836564,True,82783.0,0.34246425541749653,0.6538730573887654,121.33333333333333,-0.01041642332052567,-0.06273451720083145,-9.0,still fails,8.7
underground_alarm-wildcat_strike,bank_tellers_drivers,True,82744.0,0.10452131423311298,0.23736944729958143,0.6121759009598616,0.7426489078692532,98.0,1,100.66666666666667,36.333333333333336,80620.0,86660.0,100.66666666666667,0.7426489078692532,0.39673606008632895,during,0.1264345890023057,0.06466821067123836,0.03625920252579219,0.7705198303298774,0.22948016967012264,not_served,not-served dominated,0.4313336111111111,0.809499207920792,0.04766672222222222,0.2410892079207921,0.3404627777777778,0.7156630939226519,0.039722499999999994,0.1098895580110497,True,82825.0,0.2529666474418757,0.7015791988223801,113.0,-0.015597200142294265,0.041069709046873126,-15.0,still fails,-1.35
underground_alarm-wildcat_strike,drivers,True,82770.0,0.10480057608946934,0.2134067809673822,0.643217117287125,0.7687224669603525,94.66666666666667,1,94.33333333333333,21.0,81540.0,87200.0,94.33333333333333,0.7687224669603525,0.41751548758061735,during,0.09948616548659674,0.08053599434094383,0.07565224445438176,0.7167874877334895,0.28321251226651045,not_served,not-served dominated,0.45779677777777783,0.7496951760563381,0.05991733333333333,0.2962147887323944,0.3287597222222222,0.6277444751381215,0.043056,0.1093743093922652,True,83063.0,0.2237706791089282,0.6906100699034113,96.66666666666667,-0.010363898141546007,0.07811239705694117,-2.0,still fails,-4.883333333333334
underground_alarm-wildcat_strike,managers_drivers,True,82921.0,0.10443271576399354,0.23601408439602378,0.6128892992873785,0.7376053387677277,99.0,1,98.66666666666667,26.666666666666668,81200.0,87120.0,98.66666666666667,0.7376053387677277,0.4025737741006222,during,0.09886759734158916,0.07265739836806963,0.060926133749559935,0.7454071857412452,0.2545928142587548,not_served,not-served dominated,0.47929616666666675,0.7707856902356901,0.04904633333333334,0.26326080808080804,0.3639622222222223,0.7036559668508287,0.041471999999999995,0.11213707182320443,True,82923.0,0.24444339866568932,0.7408191268191269,103.0,-0.008429314269665533,-0.003213788051399158,-4.0,still fails,-0.03333333333333333
underground_alarm-wildcat_strike,students_drivers,True,82740.0,0.10457496961517422,0.2201632367433832,0.61078240029159,0.7050627952123328,93.33333333333333,1,93.0,20.666666666666668,81560.0,87140.0,93.0,0.7050627952123328,0.41689976778921045,during,0.09286013138024023,0.07537748478497457,0.07759448288893679,0.7353184779343722,0.2646815220656278,not_served,not-served dominated,0.4964627777777778,0.7689281785714286,0.05561077777777777,0.27677949999999996,0.37450888888888884,0.6496685082872928,0.041805333333333326,0.1090514364640884,True,82952.0,0.22284115369799637,0.7136929460580912,96.33333333333333,-0.0026779169546131687,-0.008630150845758355,-3.0,still fails,-3.533333333333333
underground_alarm-wildcat_strike,bank_tellers,True,82851.0,0.09971790397210104,0.24049198702969962,0.555039243399559,0.6490857142857144,88.33333333333333,1,90.0,34.666666666666664,80720.0,86120.0,90.0,0.6490857142857144,0.3869500429193772,during,0.13360616905185824,0.04433714056547508,0.035242676304928264,0.829939912606679,0.170060087393321,not_served,not-served dominated,0.45945355555555556,0.862060516605166,0.04303688888888889,0.1766418081180812,0.3493423888888889,0.7598712154696132,0.04322216666666666,0.07368292817679557,True,82776.0,0.24777255049178587,0.6782875816993464,100.0,-0.007280563462086248,-0.029201867413632066,-11.666666666666671,still fails,1.25
underground_alarm-wildcat_strike,baseline,True,83210.0,0.10297556271067039,0.20772781272576402,0.5979482997698339,0.6937758241758243,87.33333333333333,1,87.0,20.666666666666668,81560.0,86780.0,87.0,0.6937758241758243,0.4236591913532542,during,0.11170761874192248,0.07040500926452341,0.07389585169641978,0.7556768824783264,0.24432311752167357,not_served,not-served dominated,0.47767577777777775,0.8075887404580152,0.05317566666666666,0.2611070992366412,0.3656952777777778,0.6243731491712705,0.04294383333333333,0.089429226519337,True,83511.0,0.20231580761364257,0.682608695652174,86.33333333333333,0.0054120051121214485,0.011167128523650316,1.0,still fails,-5.016666666666667
underground_alarm-wildcat_strike,managers,True,82947.0,0.10330754469055094,0.22930113845115055,0.6541658601859143,0.7964834604927371,80.66666666666667,1,81.0,21.666666666666668,81500.0,86360.0,81.0,0.7964834604927371,0.4598354983340439,during,0.12881954180494679,0.07588182650545809,0.07401350632145924,0.7640848426071394,0.23591515739286062,not_served,not-served dominated,0.5104631111111112,0.8937700819672131,0.05016716666666667,0.2759561475409836,0.34769422222222224,0.6819796132596685,0.03544449999999999,0.10895988950276243,True,82989.0,0.24661022799047824,0.6926229508196722,104.33333333333333,-0.017309089539327693,0.10386050967306493,-23.666666666666657,still fails,-0.7
underground_alarm-wildcat_strike,students,True,83170.0,0.10226167349138074,0.2149866008333158,0.5845386919075363,0.7033788546255507,84.0,1,85.33333333333333,23.0,81420.0,86540.0,85.33333333333333,0.7033788546255507,0.41419454356708285,during,0.11270691980891305,0.07126004282319519,0.06553307316229988,0.7544960390197357,0.24550396098026428,not_served,not-served dominated,0.4656757222222222,0.8006809727626459,0.04872166666666666,0.2605319844357976,0.36036977777777773,0.6435084530386741,0.03699933333333333,0.098093591160221,True,83119.0,0.22058300901761863,0.6236196458834887,77.66666666666667,-0.00559640818430282,0.079759208742062,6.333333333333329,still fails,0.85
wildcat_strike-boycott_tncs,bank_tellers_drivers,True,79650.0,0.08638132280190294,0.15265862931575797,0.23426983616005823,0.33271013590409676,16.666666666666668,1,16.333333333333332,16.333333333333332,79460.0,80440.0,16.333333333333332,0.33271013590409676,0.27879279323621714,during,-0.015275419727509676,0.006934739185328442,0.15262234691680135,0.8650039693246845,0.13499603067531551,demand,demand-driven,0.3613982777777777,0.33276720000000004,0.03893505555555555,0.051932999999999986,0.3515649444444444,0.18412552486187841,0.037861,0.03309386740331492,True,80492.0,0.18057460138400946,0.40244048527943654,19.333333333333332,-0.0279159720682515,-0.06973034937533978,-2.6666666666666643,still fails,-14.033333333333333
wildcat_strike-boycott_tncs,bank_tellers,True,79746.0,0.08730390755601632,0.16480633775647346,0.22830278402345824,0.39614343703332083,15.0,1,14.666666666666666,14.666666666666666,79440.0,80320.0,14.666666666666666,0.39614343703332083,0.3083316406318814,during,-0.003417827635037641,0.006193611257233615,0.16158172807094323,0.8643650974071586,0.1356349025928414,demand,demand-driven,0.382499888888889,0.37599977777777777,0.04722216666666666,0.05900133333333333,0.37269427777777786,0.19723762430939226,0.04616666666666667,0.03771651933701658,True,80144.0,0.11957760581786972,0.3357071297299071,10.333333333333334,0.045228731938603745,0.060436307303413705,4.666666666666666,still fails,-6.633333333333334
wildcat_strike-boycott_tncs,managers,True,79861.0,0.08282028734023203,0.14573290893589472,0.2046039106904926,0.3252740698258329,11.666666666666666,1,11.333333333333334,11.333333333333334,79500.0,80180.0,11.333333333333334,0.3252740698258329,0.2804030187470416,during,-0.011129621659381783,0.0017023596155402675,0.15266468627796323,0.8890366773215013,0.11096332267849873,demand,demand-driven,0.3700923333333333,0.349096,0.04036016666666666,0.04357171428571429,0.3626013888888889,0.1802114364640884,0.038777,0.029162044198895024,True,80031.0,0.15048292917266112,0.38038831853507205,15.0,-0.004750020236766406,-0.055114248709239144,-3.333333333333334,still fails,-2.8333333333333335
wildcat_strike-boycott_tncs,students,True,79613.0,0.08229751159068595,0.11844654141738906,0.18846344947272411,0.30607706860017586,10.0,1,9.666666666666666,9.666666666666666,79560.0,80140.0,9.666666666666666,0.30607706860017586,0.27039888931726913,during,-0.014221684218678485,-0.0007955943510403832,0.15098990397375175,0.8939470076413429,0.10605299235865706,demand,demand-driven,0.3536577222222223,0.32733299999999993,0.04030566666666667,0.038833,0.3426112777777778,0.14791022099447515,0.04161116666666666,0.024189999999999996,True,80054.0,0.14400000683078013,0.3298277413694808,14.333333333333334,-0.02555346541339107,-0.023750672769304926,-4.333333333333334,still fails,-7.35
wildcat_strike-long_rides,bank_tellers_drivers,False,,0.10165113214690681,0.25130041355243293,0.3192317315387386,0.36917087342725796,113.66666666666667,1,130.66666666666666,82.33333333333333,81460.0,89300.0,130.66666666666666,0.36917087342725796,0.26804304008257135,during,0.019116380587380008,0.02358597437622746,0.04937522951445106,0.8233539028780582,0.1766460971219418,demand,demand-driven,0.4646761666666666,0.5143930534351145,0.049019055555555545,0.1103602290076336,0.3578149444444445,0.5519985595567867,0.04361066666666667,0.09075277008310247,True,88071.0,0.2564379010417486,0.3471673164789682,113.33333333333333,-0.00513748748931564,0.02200355694828976,0.3333333333333428,prevented,
wildcat_strike-long_rides,students_drivers,True,85682.0,0.10150911722077434,0.24183631405427222,0.3086396309055885,0.33405194805194804,107.33333333333333,1,107.0,59.333333333333336,82840.0,89260.0,107.0,0.33405194805194804,0.2761622134145163,during,-0.0047493560328909735,0.03807192886774164,0.05338322544673465,0.753473678601849,0.246526321398151,demand,demand-driven,0.4818152777777778,0.46990701863354034,0.058287833333333317,0.1537471739130435,0.3692408333333333,0.5000695844875346,0.036749833333333336,0.1181535457063712,True,85529.0,0.22413796603714872,0.31976018099547515,104.66666666666667,0.0176983480171235,0.014291767056472893,2.666666666666657,still fails,2.55
